Country str,CustomerName str,DeliveryYear int,Engine str,ModelSeries str,OrderMonth str,OrderYear str,Region str,DeliveryTotal int,OrderTotal int
USA,Southern Airways - USA (Inacti,1968.0,PW,DC-9,May,1966.0,North America,3.0,
Ireland,Ryanair,2002.0,CF,737-800,Jan,2002.0,Europe,2.0,2.0
Netherlands,KLM Royal Dutch Airlines,1983.0,GE,747-300,Jan,1982.0,Europe,1.0,1.0
USA,Oak Hill,2010.0,GE,777F,Apr,2007.0,North America,2.0,2.0
Russian Federation,Volga-Dnepr UK Ltd,2012.0,GE,747-8F,Nov,,Europe,3.0,3.0
Argentina,Aerolineas Argentinas,1978.0,PW,727,Jan,1978.0,South America,2.0,2.0
Indonesia,Garuda Indonesia,1976.0,PW,DC-9,Feb,1976.0,Southeast Asia,,3.0
China,China Xinjiang Airlines,2002.0,RR,757-200,Mar,2000.0,East Asia,1.0,1.0
USA,ATA Airlines Inc.,2000.0,RR,757-200,Jan,2000.0,North America,2.0,2.0
France,AOM French Airlines,1996.0,PW,MD-80,Jun,1995.0,Europe,2.0,2.0
United Kingdom,Air Europe,1989.0,RR,757-200,Apr,1988.0,Europe,2.0,2.0
Turkey,Pegasus Airlines,2007.0,CF,737-800,Feb,2006.0,Europe,1.0,1.0
Netherlands,ITOCHU AirLease B.V.,1993.0,CF,737-300,Jul,1991.0,Europe,1.0,1.0
Venezuela,Aeropostal,1987.0,PW,MD-80,May,1986.0,South America,1.0,1.0
USA,U.S. Air Force,1978.0,PW,707/720,Jan,1973.0,North America,1.0,1.0
Germany,Bavaria,1982.0,PW,737-200,Jan,1980.0,Europe,2.0,2.0
Turkey,Turkish Air Force Peace Eagle,2005.0,CF,737-700W,Aug,2003.0,Europe,1.0,1.0
Germany,Aero Lloyd,1987.0,PW,MD-80,Aug,1986.0,Europe,1.0,1.0
Hungary,Malev Hungarian Airlines Ltd.,1993.0,PW,767-200ER,Feb,1991.0,Europe,2.0,2.0
Cameroon,Cameroon Airlines,1972.0,PW,707/720,May,1972.0,Africa,1.0,1.0
USA,Jackson Square Aviation,2021.0,CF,737 MAX,Feb,2021.0,North America,4.0,4.0
Ireland,DAE 4 Ireland Limited,2020.0,GE,777F,Dec,2018.0,Europe,1.0,1.0
Switzerland,,1968.0,PW,DC-9,Jan,1966.0,Europe,5.0,5.0
Turkey,Onur Air,1997.0,PW,MD-80,Oct,1995.0,Europe,5.0,5.0
Nigeria,Arik Air,2009.0,CF,737-800,Sep,2007.0,Africa,1.0,1.0
USA,Republic Airlines,1980.0,PW,DC-9,Jan,1979.0,North America,4.0,4.0
Germany,Deucalion Capital VII Limited,2010.0,GE,777F,Dec,2005.0,Europe,4.0,4.0
China,Jade Cargo International,2006.0,GE,747-400ERF,Aug,2005.0,East Asia,2.0,2.0
USA,CIT Aerospace LLC,2006.0,CF,737-800,Jan,2003.0,North America,1.0,
Germany,Lufthansa Cargo,1998.0,GE,MD-11,Feb,1997.0,Europe,5.0,5.0
Tanzania United Republic of,Tanzania,2019.0,RR,787-8,May,2018.0,Africa,1.0,1.0
China,Air China,1998.0,PW,747-400M,Jan,1997.0,East Asia,1.0,1.0
State of Libya,Libyan Airlines,1975.0,PW,727,Apr,1974.0,Africa,3.0,3.0
Mexico,VivaAerobus,1992.0,CF,737-300,Sep,1989.0,Central America and Mexico,2.0,2.0
USA,World Airways Inc.,1965.0,PW,707/720,Jan,1965.0,North America,1.0,1.0
Azerbaijan,Azerbaijan Airlines,2014.0,GE,787-8,Feb,2007.0,Central Asia,2.0,2.0
China,CAAC-Civil Aviation of China,1985.0,PW,747-200,May,1985.0,East Asia,1.0,1.0
China,CATIC,1992.0,PW,MD-80,Mar,,East Asia,2.0,2.0
Germany,dba,1998.0,CF,737-300,Mar,1997.0,Europe,1.0,1.0
Japan,Mitsui & Co.,1990.0,GE,MD-11,Dec,1986.0,East Asia,2.0,2.0
USA,Air Lease Corporation,2017.0,RR,787-9,Jan,2016.0,North America,1.0,1.0
United Arab Emirates,Emirates,2011.0,GE,777-300ER,Apr,2010.0,Middle East,3.0,3.0
China,China Cargo,2006.0,GE,747-400ERF,Jul,2005.0,East Asia,1.0,1.0
Brunei Darussalam,Royal Brunei Airlines,1975.0,PW,737-200,Jan,1975.0,Southeast Asia,2.0,2.0
China,China Eastern Yunnan Airlines,1985.0,CF,737-300,Jan,,East Asia,1.0,1.0
Hong Kong,CDB Aviation,2016.0,,737-800,Mar,2014.0,East Asia,6.0,6.0
USA,Altavair LLC,2007.0,GE,747-400ERF,Jun,2005.0,North America,3.0,3.0
South Africa,Comair Limited,2015.0,CF,737-800,Jun,2010.0,Africa,2.0,2.0
Japan,Japan Transocean Air,2016.0,CF,737-800,May,2014.0,East Asia,2.0,2.0
Saudi Arabia,Mid East Jet,1997.0,PW,757-200,Jan,1997.0,Middle East,1.0,1.0
Malta,Air Malta,1983.0,PW,737-200,Mar,1982.0,Europe,3.0,3.0
Brazil,,1973.0,PW,737-200,Mar,1973.0,South America,3.0,3.0
USA,USAF PAR Program,2017.0,GE,747-8,Aug,2017.0,North America,2.0,2.0
Mexico,Aeromexico,1980.0,PW,DC-9,Jan,1979.0,Central America and Mexico,6.0,6.0
Brazil,GOL Linhas Aereas,2009.0,CF,737-800,Feb,2006.0,South America,1.0,1.0
Azerbaijan,Azerbaijan Airlines,2012.0,GE,767-300F,Jun,2010.0,Central Asia,2.0,2.0
Ukraine,Goiania,2012.0,CF,737-800,Jul,2007.0,Europe,2.0,2.0
Spain,Iberia Airlines,1972.0,PW,727,Jan,1972.0,Europe,3.0,3.0
Singapore,Scoot PTE LTD,2015.0,RR,787-9,Oct,2006.0,Southeast Asia,6.0,6.0
Singapore,SilkAir,2015.0,CF,737-800,Nov,2012.0,Southeast Asia,6.0,6.0
United Kingdom,Thomas Cook Airlines,2001.0,RR,757-300,May,2000.0,Europe,2.0,2.0
USA,Capitol Air,1969.0,PW,DC-8,Feb,1967.0,North America,1.0,1.0
Germany,LTU,1987.0,RR,757-200,Jan,1987.0,Europe,2.0,2.0
Netherlands,Air France-KLM Group,2016.0,GE,787-9,Dec,2011.0,Europe,1.0,1.0
South Korea,Jeju Air,2018.0,CF,737-800,Dec,2016.0,East Asia,3.0,3.0
USA,American Airlines,1976.0,PW,727,Jan,1974.0,North America,8.0,8.0
Iceland,Icelandair,2006.0,CF,737-800,Jan,2005.0,Europe,9.0,9.0
Algeria,Air Algerie,1974.0,PW,737-200,Jan,1974.0,Africa,1.0,1.0
United Arab Emirates,Dubai Air Wing,1982.0,PW,727,Jul,1982.0,Middle East,1.0,1.0
Ireland,GPA Group,1991.0,CF,737-400,Jan,1988.0,Europe,4.0,4.0
USA,MarkAir,1982.0,,737-200,Dec,1982.0,North America,2.0,2.0
Italy,Alitalia,1968.0,PW,DC-8,Jan,1966.0,Europe,2.0,2.0
USA,US Airways Inc.,1970.0,PW,727,Jan,1969.0,North America,2.0,2.0
Switzerland,Maritime Investment & Shipping,1979.0,PW,737-200,Sep,1978.0,Europe,1.0,1.0
United Kingdom,Novair International Airways,1989.0,CF,737-400,Apr,1987.0,Europe,2.0,2.0
USA,US Airways Inc.,1994.0,RR,757-200,Jan,1993.0,North America,1.0,1.0
South Korea,Government of Korea,2022.0,CF,737-800A,Mar,2020.0,East Asia,1.0,1.0
Japan,BDS Japan International Tanker,2021.0,PW,767-2C,Nov,2018.0,East Asia,1.0,1.0
Reunion,Air Austral,2016.0,RR,787-8,Feb,2015.0,Africa,2.0,2.0
Saudi Arabia,Mid East Jet,1996.0,GE,767-200ER,Oct,1996.0,Middle East,1.0,1.0
Brazil,Varig Airlines,1963.0,RR,707/720,Jan,1963.0,South America,1.0,1.0
USA,Trans Carib Air,1964.0,PW,DC-8,Apr,1964.0,North America,1.0,1.0
Morocco,Royal Air Maroc,1970.0,PW,727,Jan,1969.0,Africa,1.0,1.0
USA,United Airlines,1967.0,PW,727,Jan,1966.0,North America,9.0,9.0
Algeria,Tassili Airlines,2011.0,CF,737-800,Oct,2009.0,Africa,4.0,4.0
Netherlands,Martinair Cargo,1989.0,PW,767-300ER,Mar,1988.0,Europe,1.0,1.0
Czech Republic,CSA,2000.0,CF,737-400,Jan,1999.0,Europe,2.0,2.0
Fiji,Fiji Airways,2018.0,CF,737 MAX,Mar,2017.0,Oceania,2.0,2.0
Slovakia (Slovak Republic),SkyEurope,2008.0,CF,737-700,Jun,2006.0,Europe,1.0,1.0
China,Donghai Airlines,2016.0,CF,737-800,Dec,2013.0,East Asia,3.0,3.0
USA,ATA Airlines Inc.,2001.0,CF,737-800,Jun,2000.0,North America,5.0,5.0
Taiwan,Air Asia Company,1966.0,PW,727,Jan,1966.0,Southeast Asia,1.0,1.0
United Arab Emirates,National Airlines,1975.0,GE,DC-10,Jan,1973.0,Middle East,4.0,4.0
Switzerland,PrivatAir,1981.0,PW,737-200,Nov,1979.0,Europe,1.0,1.0
USA,Hughes Airwest Inc.,1968.0,PW,DC-9,Feb,1968.0,North America,2.0,2.0
USA,U.S. Air Force,1982.0,PW,,Jan,1982.0,North America,1.0,1.0
Bermuda,AOF Leasing,1991.0,CF,737-400,Apr,1988.0,Caribbean,1.0,1.0
Peru,FUERZA AEREA DEL PERU,1995.0,CF,737-500,Sep,1995.0,South America,1.0,1.0
China,China Xinjiang Airlines,2001.0,RR,757-200,Mar,2000.0,East Asia,2.0,2.0
Egypt,EgyptAir,1984.0,PW,767-200ER,Jan,1984.0,Africa,3.0,3.0
Angola,TAAG Angola Airlines,2014.0,GE,777-300ER,Mar,2012.0,Africa,1.0,1.0
USA,WEDGE Group,1981.0,PW,727,Sep,1980.0,,1.0,1.0
Brunei Darussalam,Royal Brunei Airlines,1996.0,GE,767-300ER,Mar,1996.0,Southeast Asia,1.0,1.0
Australia,Jetstar - Duplicated (See JSA),2000.0,RR,717-200,Dec,2000.0,Oceania,2.0,2.0
Norway,SAS Norway,1998.0,CF,737-700,Feb,1997.0,Europe,2.0,2.0
Italy,Air Trading 92,1991.0,PW,MD-80,Jun,1988.0,Europe,3.0,3.0
Venezuela,VIASA,1968.0,PW,DC-8,Jan,1967.0,South America,1.0,1.0
United Arab Emirates,Etihad Airways,2013.0,GE,777-300ER,Feb,2011.0,Middle East,3.0,3.0
Belgium,DHL International,2012.0,GE,767-300F,Feb,2007.0,Europe,3.0,3.0
Japan,Japan Airlines Co. Ltd.,1985.0,PW,MD-80,Jan,1984.0,East Asia,2.0,2.0
Canada,Wardair,1969.0,PW,707/720,Mar,1969.0,North America,1.0,1.0
United Arab Emirates,Dubai Aerospace Enterprise,2022.0,CF,737 MAX,Apr,2021.0,Middle East,5.0,5.0
Slovenia,Adria Airways d.d.,1969.0,PW,DC-9,Mar,1969.0,Europe,1.0,1.0
China,Shandong Airlines,2007.0,CF,737-800,Jan,2006.0,East Asia,2.0,2.0
India,Air India,1961.0,RR,707/720,Jan,1960.0,South Asia,1.0,1.0
United Arab Emirates,Novus Aviation Capital,2020.0,GE,777-300ER,Nov,2018.0,Middle East,2.0,2.0
USA,Jet America Airlines,1986.0,PW,MD-80,Aug,1984.0,North America,2.0,2.0
Kenya,Kenya Airways,1998.0,CF,737-300,Mar,1997.0,Africa,1.0,1.0
Italy,Italian Air Force Tanker,2005.0,GE,767-200ER,Apr,2002.0,Europe,1.0,1.0
Indonesia,Garuda Indonesia,1974.0,PW,DC-9,Jan,1973.0,Southeast Asia,3.0,3.0
USA,Bonanza Airlines,1965.0,PW,DC-9,Jul,1963.0,North America,1.0,1.0
USA,Frontier Airlines,1978.0,PW,737-200,Mar,1978.0,North America,2.0,2.0
Russian Federation,S7 Group,2011.0,CF,737-800,Nov,2006.0,Europe,2.0,2.0
Canada,Nordair,1969.0,PW,737-200,Jan,1967.0,North America,1.0,1.0
Brazil,LATAM Airlines Brasil,2012.0,GE,777-300ER,Aug,2007.0,South America,4.0,4.0
Mozambique,LAM,1971.0,PW,737-200,Mar,1971.0,Africa,1.0,1.0
Japan,Government of Japan,1991.0,GE,747-400,Dec,1987.0,East Asia,2.0,2.0
Mauritania,Mauritania Airlines,2016.0,CF,737-800,Jul,2016.0,Africa,1.0,1.0
Finland,Finnair,1975.0,GE,DC-10,Jan,1971.0,Europe,2.0,2.0
United Arab Emirates,Novus Aviation Capital,2021.0,GE,777-300ER,Nov,2018.0,Middle East,1.0,1.0
Canada,Canadian Airlines,1988.0,GE,767-300ER,Apr,1987.0,North America,4.0,4.0
Canada,Air Canada,1991.0,PW,747-400M,Jan,1989.0,North America,3.0,3.0
Philippines,,1996.0,GE,747-400M,Jan,1996.0,Southeast Asia,1.0,1.0
Belgium,Sobelair,1992.0,CF,737-400,Jun,1988.0,Europe,1.0,1.0
United Arab Emirates,Etihad Airways,2011.0,GE,777-300ER,Mar,2008.0,Middle East,2.0,2.0
USA,Playboy,1969.0,PW,DC-9,Jun,1967.0,North America,1.0,1.0
Panama,Copa Airlines,2002.0,CF,737-700,Jan,1999.0,Central America and Mexico,4.0,4.0
USA,America West Airlines,1988.0,CF,737-300,Jan,1986.0,North America,5.0,5.0
Belgium,City Bird,1998.0,PW,MD-11,Mar,1998.0,Europe,1.0,1.0
USA,AirTran Airways (Merged with S,2007.0,CF,737-700,Jan,2006.0,North America,1.0,1.0
Chile,Chilean Air Force Mission,1997.0,CF,737-500,Sep,1996.0,South America,1.0,1.0
Nigeria,Arik Air,2010.0,CF,737-800,Sep,2007.0,Africa,1.0,1.0
Sweden,Linjeflyg,1990.0,CF,737-500,Aug,1988.0,Europe,1.0,1.0
USA,Air Florida,1979.0,PW,737-200,Jan,1979.0,North America,1.0,1.0
Romania,Socialist Republic of Romania,1974.0,PW,707/720,Mar,1973.0,Europe,1.0,1.0
Japan,Japan Airlines Co. Ltd.,1974.0,PW,DC-9,Jan,1973.0,East Asia,8.0,8.0
USA,Hawaiian Airlines,1981.0,PW,MD-80,Jan,1980.0,North America,2.0,2.0
Kenya,Kenya Airways,2002.0,CF,737-700,Mar,2000.0,Africa,1.0,1.0
Thailand,Nok Air,2015.0,CF,737-800,May,2014.0,Southeast Asia,2.0,2.0
USA,Jet America Airlines,1981.0,PW,MD-80,Jan,1980.0,North America,1.0,1.0
Germany,Lufthansa,,PW,707/720,Jan,1968.0,Europe,2.0,2.0
United Kingdom,Paramount Airways - (Inactive),1988.0,PW,MD-80,Dec,1987.0,Europe,2.0,2.0
Nigeria,Nigeria Airways,1977.0,GE,DC-10,Jan,1977.0,Africa,1.0,1.0
Bermuda,Novel Leasing,1997.0,CF,737-300,Dec,1997.0,Caribbean,1.0,1.0
USA,PACE Airlines,1980.0,PW,737-200,Mar,1980.0,North America,1.0,1.0
Portugal,TAP Portugal,1981.0,PW,727,Jan,1981.0,Europe,1.0,1.0
USA,Korean Air Force Peace Eye,2009.0,CF,737-700W,Dec,2006.0,North America,1.0,1.0
USA,UPS,1995.0,GE,767-300F,Jan,1993.0,North America,5.0,5.0
Azerbaijan,Silk Way Airlines,2015.0,GE,747-8F,Feb,2015.0,Central Asia,1.0,1.0
Bahrain,Gulf Air,2019.0,RR,787-9,Jan,2008.0,Middle East,2.0,2.0
Vietnam,Vietnam Airlines,2004.0,PW,777-200ER,Jan,2002.0,Southeast Asia,2.0,2.0
Canada,CP Air,1968.0,PW,737-200,Feb,1967.0,North America,5.0,5.0
Chile,,1980.0,PW,737-200,May,1980.0,South America,1.0,1.0
USA,M&T Aviation USA Inc,1999.0,CF,737-700,Dec,1996.0,North America,3.0,3.0
China,Hebei Airlines Company LTD,2015.0,CF,737-800,Dec,2013.0,East Asia,1.0,1.0
USA,GATX Jet Partners Ltd.,2000.0,CF,737-800,May,2000.0,North America,4.0,4.0
Germany,LTU,1986.0,RR,757-200,Jan,1986.0,Europe,1.0,1.0
USA,Polaris Aircraft Leasing,1991.0,PW,MD-80,May,1989.0,North America,2.0,2.0
India,Vistara,2020.0,GE,787-9,Oct,2018.0,South Asia,2.0,2.0
Philippines,Philippine Airlines,1968.0,PW,DC-8,Feb,1966.0,Southeast Asia,1.0,1.0
United Arab Emirates,flydubai,2009.0,CF,737-800,Jul,2008.0,Middle East,6.0,6.0
Jamaica,Air Jamaica-See CBL,1974.0,PW,DC-9,Jun,1973.0,Caribbean,1.0,1.0
Japan,Atlantis Aviation Corporation,2021.0,GE,787-9,Sep,2018.0,East Asia,2.0,2.0
USA,Northwest-Merged w Delta,2002.0,PW,757-200,Jan,2001.0,North America,2.0,2.0
China,Cathay Pacific Airways,1990.0,RR,747-200,Feb,1990.0,East Asia,1.0,1.0
USA,Oak Hill,2012.0,GE,777F,Apr,2007.0,North America,2.0,2.0
Slovenia,Adria Airways d.d.,1970.0,PW,DC-9,Mar,1969.0,Europe,1.0,1.0
Israel,MG Aviation Limited,2016.0,RR,787-9,Jul,2014.0,Middle East,2.0,2.0
United Kingdom,U-Land Airlines,1995.0,PW,MD-80,Sep,1995.0,Europe,2.0,2.0
Sweden,Scandinavian Airlines,1968.0,PW,DC-9,Jan,1966.0,Europe,10.0,10.0
USA,Aviation Capital Group,2012.0,CF,737-800,Jan,2008.0,North America,2.0,2.0
Nepal,Nepal Airlines Corporation,1987.0,RR,757-200,Feb,1986.0,South Asia,1.0,1.0
Ireland,DAE Aerospace Enterprise,1996.0,CF,737-300,Jan,1996.0,Europe,1.0,1.0
USA,Alaska Airlines,1981.0,PW,737-200,Jan,1981.0,North America,2.0,2.0
Portugal,Republic of Portugal,1971.0,PW,707/720,Jan,1971.0,Europe,2.0,2.0
Brazil,Cruzeiro,1975.0,PW,737-200,May,1974.0,South America,6.0,6.0
Kenya,East African Airways,1971.0,PW,DC-9,Apr,1970.0,Africa,2.0,2.0
USA,NASA,1973.0,PW,737-100,Mar,1973.0,North America,1.0,
,BDS USAF Tanker Program,2018.0,PW,767-2C,Jan,2017.0,North America,7.0,7.0
Gabon,Air Gabon,1978.0,PW,737-200,Apr,1977.0,Africa,1.0,1.0
China,Hainan Airlines Holding,2009.0,CF,737-800,Jan,2006.0,,1.0,1.0
China,Air China Cargo,2013.0,GE,777F,Mar,2013.0,East Asia,1.0,1.0
USA,Delta Air Lines,1966.0,PW,DC-8,Jan,1965.0,North America,1.0,1.0
Spain,Air Europa,2005.0,CF,737-800,Feb,2004.0,Europe,2.0,2.0
Saudi Arabia,Rafic B. Hariri,1983.0,PW,727,Jan,1983.0,Middle East,1.0,1.0
Zimbabwe,Air Zimbabwe,1990.0,PW,,Mar,1989.0,Africa,1.0,1.0
USA,Transtar Airlines Corporation,,PW,MD-80,Jan,1982.0,North America,2.0,2.0
USA,M&T Aviation USA Inc,1998.0,CF,737-700,Dec,1996.0,North America,3.0,3.0
Brazil,Transbrasil,1983.0,GE,767-200,Jul,1981.0,South America,3.0,3.0
USA,Pan Am World Airways,1971.0,PW,747-100,Jan,1969.0,,6.0,6.0
Equatorial Guinea,Ceiba Intercontinental,2011.0,GE,777-200LR,Mar,2009.0,Africa,1.0,1.0
Portugal,Air Atlantis,1970.0,PW,DC-8,Apr,1969.0,Europe,1.0,1.0
Romania,TAROM Romanian Air Transport,2001.0,CF,737-700,Jun,1999.0,Europe,2.0,2.0
Australia,Jetstar - Duplicated (See JSA),2001.0,RR,717-200,Feb,2001.0,Oceania,1.0,1.0
El Salvador,Avianca El Salvador,1986.0,GE,767-200,May,1986.0,Central America and Mexico,1.0,1.0
Gibraltar,GB Airways,1998.0,CF,737-300,Mar,1997.0,Europe,2.0,2.0
Saudi Arabia,Saudi Arabian Airlines,1967.0,PW,DC-9,Feb,1965.0,Middle East,3.0,3.0
Russian Federation,Sberbank Leasing,2018.0,CF,737-800,Feb,2017.0,Europe,4.0,4.0
Australia,Qantas Airways,1980.0,RR,747-200,Jan,1980.0,Oceania,2.0,2.0
Belgium,City Bird,1998.0,GE,MD-11,May,1997.0,Europe,1.0,1.0
Czech Republic,Smartwings a.s.,2018.0,CF,737 MAX,Aug,2013.0,Europe,1.0,1.0
China,China Southern Airlines,2002.0,PW,747-400F,Feb,2001.0,East Asia,2.0,2.0
Japan,Air Nippon,1999.0,CF,737-500,May,1999.0,East Asia,1.0,1.0
USA,Handlingair Establishment,1975.0,PW,727,Feb,1974.0,North America,1.0,1.0
Dominican Republic,Dominicana Airlines,1975.0,PW,727,Apr,1975.0,Caribbean,1.0,1.0
Switzerland,Flightlease,2000.0,PW,767-300ER,Dec,1999.0,Europe,4.0,4.0
Germany,Lufthansa,1968.0,PW,727,Jan,1968.0,Europe,1.0,1.0
USA,Miami Air,2006.0,CF,737-800,Dec,2004.0,North America,1.0,1.0
China,Ruili Airlines,2014.0,CF,737-700,Dec,2013.0,East Asia,1.0,1.0
Ireland,Avia Capital Leasing,2013.0,CF,737-800,Oct,2010.0,Europe,3.0,3.0
Thailand,Nok Air,2016.0,CF,737-800,May,2014.0,Southeast Asia,3.0,3.0
USA,United States Navy,2011.0,CF,737-800A,Jan,2011.0,North America,2.0,2.0
Belgium,Trans European Airways,1979.0,PW,737-200,Feb,1979.0,Europe,1.0,1.0
Belgium,Air Belgium,1991.0,CF,737-400,Jun,1988.0,Europe,1.0,1.0
USA,GATX Financial Corporation,1969.0,PW,727,Apr,1969.0,North America,2.0,2.0
USA,Atlas Air Inc.,2000.0,GE,747-400F,Feb,1999.0,North America,2.0,2.0
Australia,BDS Australia P-8,2018.0,CF,737-800A,Jan,2016.0,Oceania,1.0,1.0
Jamaica,Air Jamaica-See CBL,1969.0,PW,DC-9,Jan,1969.0,Caribbean,2.0,2.0
China,Bank of Communications Leasing,2018.0,GE,787-9,Apr,2017.0,East Asia,2.0,2.0
Yemen,Alyemen Airlines,1984.0,PW,737-200,Oct,1983.0,Middle East,2.0,2.0
Canada,Canadian Air Force,1970.0,PW,707/720,Feb,1970.0,North America,4.0,4.0
Turkey,SunExpress Airlines,2015.0,CF,737-800,Feb,2014.0,Europe,5.0,5.0
USA,Reno Air,1996.0,RR,MD-90,Jan,1996.0,North America,2.0,2.0
Brazil,Cruzeiro,1971.0,PW,727,Jun,1970.0,South America,3.0,3.0
USA,Southern Airways - USA (Inacti,1967.0,PW,DC-9,Jun,1965.0,North America,3.0,3.0
Colombia,Avianca,1967.0,PW,727,Jan,1966.0,South America,1.0,1.0
Sudan,Sudan Airways,1975.0,PW,737-200,Dec,1974.0,Africa,2.0,2.0
USA,Texas Air Corporation,1974.0,PW,DC-9,Feb,1973.0,North America,1.0,1.0
United Kingdom,West Coast Airlines - UK (Inac,1966.0,PW,DC-9,Feb,1965.0,Europe,3.0,3.0
Israel,EL AL Israel Airlines,1971.0,PW,747-200,Jan,1968.0,Middle East,1.0,1.0
Japan,Nippon Cargo Airlines,2005.0,GE,747-400F,Jan,2004.0,East Asia,2.0,2.0
Turkey,Cyprus Turkish Airlines (KTHY),1997.0,RR,MD-90,Jun,1996.0,Europe,2.0,2.0
Netherlands,Martinair Cargo,1973.0,GE,DC-10,Feb,1972.0,Europe,1.0,1.0
Colombia,Avianca,1967.0,PW,727,Jan,1967.0,South America,2.0,2.0
France,Euralair,1991.0,CF,737-500,May,1987.0,Europe,1.0,1.0
Yemen,Yemenia,1979.0,PW,727,Sep,1979.0,Middle East,1.0,1.0
Japan,Nippon Cargo Airlines,2006.0,GE,747-400F,Jan,2004.0,East Asia,1.0,1.0
USA,Trans Carib Air,1968.0,GE,DC-8,Mar,1966.0,North America,1.0,1.0
USA,Laker Airways (Bahamas),1972.0,GE,DC-10,Feb,1972.0,North America,2.0,2.0
Oman,Oman Air (SAOC),2022.0,CF,737 MAX,Mar,2021.0,Middle East,2.0,2.0
Angola,SonAir,2007.0,CF,737-700,Dec,2005.0,Africa,1.0,1.0
Cyprus,Skyways Leasing,2017.0,CF,737-800,Jul,2007.0,Europe,1.0,1.0
Tanzania United Republic of,Air Tanzania,1979.0,PW,737-200,Mar,1978.0,Africa,1.0,1.0
Jordan,Hashemite Kingdom of Jordan,1980.0,PW,727,Sep,1980.0,Middle East,1.0,
United Arab Emirates,Presidential Flight,1999.0,GE,747-400,Nov,1999.0,Middle East,1.0,1.0
China,Air China Southwest Branch,1994.0,CF,737-300,Apr,1993.0,East Asia,2.0,2.0
Sweden,Linjeflyg,1991.0,CF,737-500,Aug,1988.0,Europe,2.0,2.0
USA,Boeing Capital Corporation,2019.0,GE,777F,Aug,2018.0,North America,1.0,1.0
United Kingdom,easyJet,2002.0,CF,737-700,Mar,2000.0,Europe,4.0,4.0
Australia,Australian Wedgetail,2003.0,CF,737-700W,Oct,2001.0,Oceania,1.0,1.0
Morocco,Royal Moroccan Air Force,1982.0,PW,707/720,Mar,1982.0,Africa,1.0,1.0
United Kingdom,TUI Travel PLC,1994.0,RR,757-200,Jan,1993.0,Europe,4.0,4.0
Australia,Trans-Australia Airlines,1964.0,PW,727,Feb,1963.0,Oceania,2.0,
Reunion,Air Austral,2011.0,GE,777-200LR,May,2010.0,Africa,1.0,1.0
USA,Ozark Air Lines,1973.0,PW,DC-9,Mar,1973.0,North America,1.0,1.0
USA,Starflite Corporation,1999.0,RR,757-200,Dec,1999.0,North America,1.0,1.0
USA,Executive Jet Aviation,1967.0,PW,707/720,Nov,1966.0,North America,2.0,2.0
Turkey,Sky Airlines,2009.0,CF,737-900ER,May,2006.0,Europe,2.0,2.0
Saudi Arabia,Dream Aviation Ltd.,1999.0,GE,777-200ER,Nov,,Middle East,1.0,
USA,Boeing Capital Corporation,2019.0,GE,777F,Dec,2018.0,North America,1.0,1.0
Brazil,Varig Airlines,1974.0,GE,DC-10,Jan,1974.0,South America,1.0,1.0
Austria,Lauda Air,2001.0,CF,737-700,Jan,1999.0,Europe,2.0,2.0
Cameroon,Cameroon Airlines,1985.0,PW,737-200,Jan,1985.0,Africa,,1.0
USA,Panagra Cargo,1966.0,PW,DC-8,Nov,1965.0,North America,1.0,1.0
Serbia,AVIOGENEX,1987.0,PW,737-200,Aug,1986.0,Europe,1.0,1.0
Indonesia,Lion Air,2014.0,CF,737-900ER,Feb,2008.0,Southeast Asia,4.0,4.0
Serbia,Air Serbia,1974.0,PW,727,Feb,1974.0,Europe,1.0,1.0
Russian Federation,BLF Ltd.,2011.0,CF,737-800,Mar,2006.0,Europe,2.0,2.0
USA,DHL,2019.0,GE,777F,Jun,2018.0,North America,4.0,4.0
Italy,Italian Air Force Tanker,2003.0,GE,767-200ER,Apr,2002.0,Europe,1.0,1.0
Madagascar,Air Madagascar,1972.0,PW,737-200,Mar,1972.0,Africa,1.0,1.0
United Kingdom,Midland Montagu Leasing,1981.0,PW,737-200,Mar,1981.0,Europe,1.0,1.0
South Korea,Asiana Airlines,2010.0,PW,777-200ER,Jan,2008.0,East Asia,1.0,1.0
Equatorial Guinea,Ceiba Intercontinental,2014.0,CF,737-800,Aug,2010.0,Africa,3.0,3.0
Turkey,Turkish Air Force Peace Eagle,2004.0,CF,737-700W,Aug,2003.0,Europe,1.0,1.0
United Kingdom,easyJet,2003.0,CF,737-700,Mar,2000.0,Europe,7.0,7.0
Denmark,Maersk Air,1989.0,CF,737-300,Jan,1989.0,Europe,1.0,1.0
China,China Xinhua Airlines,1993.0,CF,737-300,Aug,,East Asia,1.0,1.0
Australia,Australian Airlines Limited,1992.0,CF,737-400,Mar,1990.0,Oceania,2.0,2.0
USA,McDonnell Douglas,1981.0,PW,MD-80,Jan,1980.0,North America,1.0,1.0
Thailand,Thai Airways International,1995.0,GE,747-400,Mar,1992.0,Southeast Asia,1.0,1.0
Ireland,Timaero Ireland Limited,2018.0,CF,737 MAX,Jan,2014.0,Europe,2.0,2.0
Russian Federation,UTair Aviation,2013.0,CF,737-800,Sep,2011.0,Europe,1.0,1.0
China,Donghai Airlines,2015.0,CF,737-800,Dec,2013.0,East Asia,4.0,4.0
Russian Federation,AirBridgeCargo Airlines,2016.0,GE,747-8F,Mar,2016.0,Europe,2.0,2.0
Bahamas,Bahamasair,1981.0,PW,737-200,Feb,1980.0,Caribbean,1.0,1.0
United Kingdom,MyTravel Airways,1997.0,RR,757-200,May,1996.0,Europe,1.0,1.0
USA,Panagra Cargo,1960.0,PW,DC-8,Oct,1955.0,North America,3.0,3.0
Czech Republic,Smartwings a.s.,2010.0,CF,737-800,Sep,2006.0,Europe,2.0,2.0
USA,UPS,1996.0,GE,767-300F,Jan,1993.0,North America,10.0,10.0
USA,Aviation Service & Support,1975.0,PW,707/720,Jun,1975.0,North America,1.0,1.0
Indonesia,Lion Air,2014.0,CF,737-800,Feb,2008.0,Southeast Asia,16.0,16.0
Ireland,GPA Group,1990.0,CF,737-500,Jan,1988.0,Europe,2.0,2.0
Niger,The Republic of Niger,1978.0,PW,737-200,Jan,1977.0,Africa,1.0,1.0
Canada,Transair (Inactive),1970.0,PW,737-200,Nov,1968.0,North America,2.0,2.0
USA,ATAircraft One,1967.0,PW,DC-9,Jan,1966.0,North America,3.0,3.0
Yemen,Yemenia,1976.0,PW,737-200,Jun,1976.0,Middle East,1.0,1.0
China,China Northern Airlines,1996.0,RR,MD-90,Dec,1992.0,East Asia,3.0,3.0
Singapore,BOC Aviation Limited,2017.0,CF,737-800,Feb,2017.0,Southeast Asia,2.0,2.0
Taiwan,UNI Airways,1998.0,RR,MD-90,Oct,1998.0,Southeast Asia,4.0,4.0
China,Okay Airways Company Limited,2017.0,CF,737-800,May,2014.0,East Asia,1.0,1.0
USA,Atlas Air Inc.,1998.0,GE,747-400F,Jun,1997.0,North America,5.0,5.0
Japan,MCAP Japan01 Limited,2010.0,CF,737-800,Jun,2009.0,East Asia,2.0,2.0
USA,NAS Aviation Services LLC,1996.0,CF,737-400,Jan,1996.0,North America,3.0,3.0
Czech Republic,CSA,1992.0,CF,737-500,Mar,1992.0,Europe,5.0,5.0
Turkmenistan,Turkmenhowayollary Agency,2010.0,GE,777-200LR,Jan,2008.0,Central Asia,1.0,1.0
India,Air India,1968.0,PW,707/720,Jan,1967.0,South Asia,1.0,1.0
USA,TWA,1966.0,PW,707/720,Jan,1965.0,North America,12.0,12.0
USA,Saturn Airways,1968.0,GE,DC-8,Feb,1966.0,North America,1.0,1.0
China,Air China Southwest Branch,1993.0,CF,737-300,Apr,1991.0,East Asia,1.0,1.0
France,Air-Lib,1991.0,PW,MD-80,Jun,1990.0,Europe,2.0,2.0
United Kingdom,Jet2.com Ltd,2017.0,CF,737-800,Sep,2015.0,Europe,14.0,14.0
USA,Wien Air Alaska,1969.0,PW,737-200,Jan,1968.0,North America,1.0,1.0
Netherlands,Air France-KLM Group,2016.0,GE,777-300ER,May,2014.0,Europe,1.0,1.0
Netherlands,Transavia Airlines,1989.0,CF,737-300,Mar,1988.0,Europe,2.0,2.0
Australia,Qantas Airways,1981.0,RR,747-100,Jan,1980.0,Oceania,2.0,2.0
United Kingdom,Orion Airways,1982.0,PW,737-200,Mar,1981.0,Europe,1.0,1.0
Kazakhstan,Air Astana,2014.0,PW,767-300ER,Feb,2012.0,Central Asia,1.0,1.0
Singapore,SilkAir,2014.0,CF,737-800,Nov,2012.0,Southeast Asia,8.0,8.0
USA,DHL Aviation Americas,2022.0,GE,777F,Dec,2020.0,North America,1.0,1.0
Tajikistan,Somon Air,2011.0,CF,737-900ER,Feb,2010.0,Central Asia,2.0,2.0
Australia,Virgin Australia Airlines,2005.0,CF,737-800,Jan,2004.0,Oceania,2.0,2.0
Canada,Air Canada,1973.0,PW,747-100,Jan,1973.0,North America,1.0,1.0
Germany,Aero Lloyd,1987.0,PW,MD-80,Oct,1985.0,Europe,1.0,1.0
USA,Essex Wire Corp.,1969.0,PW,737-200,Sep,1969.0,North America,1.0,1.0
Serbia,AVIOGENEX,1988.0,PW,737-200,Oct,1987.0,Europe,1.0,1.0
Ireland,Irish Aerospace,1988.0,PW,MD-80,Jan,1988.0,Europe,1.0,1.0
Chile,LATAM Airlines Group,2009.0,GE,767-300ER,Jan,2007.0,South America,2.0,2.0
USA,Pacific Northern,,PW,707/720,Apr,1961.0,North America,2.0,2.0
United Kingdom,Rolls-Royce A/C Management,1999.0,RR,757-200,Aug,1998.0,Europe,,4.0
Mauritania,Mauritania Airlines,2017.0,CF,737 MAX,Nov,2016.0,Africa,1.0,1.0
China,Everbright Financial Leasing,2016.0,CF,737-800,Jul,2016.0,East Asia,1.0,1.0
United Kingdom,Virgin Atlantic Airways,2015.0,RR,787-9,Mar,2007.0,Europe,7.0,7.0
USA,United States Navy,2002.0,CF,737-700C,Jan,2001.0,North America,1.0,1.0
USA,Air Florida,1980.0,PW,737-200,Jan,1979.0,North America,1.0,1.0
United Kingdom,BDS UK P-8,2020.0,CF,737-800A,Jan,2018.0,Europe,3.0,3.0
Ireland,SMBC Aviation Capital,2018.0,CF,737 MAX,Jan,2018.0,Europe,1.0,1.0
Luxembourg,Cargolux Airlines Internationa,2004.0,RR,747-400F,Jan,2003.0,Europe,1.0,1.0
Italy,Air Trading 92,1990.0,PW,,Sep,1987.0,Europe,2.0,2.0
Italy,Aero Trasporti Italiani,1971.0,PW,DC-9,Feb,1969.0,Europe,1.0,1.0
Tanzania United Republic of,Tanzania,2018.0,RR,787-8,Dec,2016.0,Africa,1.0,1.0
Ireland,Standard Chartered Aviation Fi,2017.0,CF,737-800,Apr,2016.0,Europe,7.0,7.0
Norway,Busy Bee,1979.0,PW,737-200,Dec,1979.0,Europe,1.0,1.0
Portugal,TAP Portugal,1968.0,PW,707/720,Feb,1968.0,Europe,1.0,1.0
Saudi Arabia,Albaraka,1993.0,CF,737-400,Oct,1989.0,Middle East,1.0,1.0
Uruguay,PLUNA,1969.0,PW,737-200,Dec,1969.0,South America,1.0,1.0
Angola,SonAir,2008.0,CF,737-700,Jun,2006.0,Africa,1.0,1.0
China,Ruili Airlines,2018.0,CF,737-800,May,2014.0,East Asia,1.0,1.0
Poland,LOT Polish Airlines,2012.0,RR,787-8,Feb,2007.0,Europe,1.0,1.0
USA,American Airlines,1975.0,PW,727,Jan,1974.0,North America,6.0,6.0
Taiwan,Hwa-Hsia Leasing,1998.0,RR,MD-90,Jun,1996.0,Southeast Asia,3.0,3.0
France,Continent Air Paris,1988.0,PW,MD-80,Dec,1986.0,Europe,3.0,3.0
Angola,TAAG Angola Airlines,1985.0,PW,737-200,Jan,1985.0,Africa,1.0,1.0
Netherlands,Transavia Airlines,1987.0,CF,737-300,Jan,1986.0,Europe,1.0,1.0
Sweden,Finans AB Balans,1988.0,PW,MD-80,Sep,1986.0,Europe,1.0,1.0
Thailand,Royal Thai Air Force,1995.0,CF,737-400,Feb,1995.0,Southeast Asia,1.0,1.0
Fiji,Fiji Airways,2021.0,CF,737 MAX,Mar,2017.0,Oceania,3.0,3.0
Australia,Ansett Australia,1969.0,PW,727,Feb,1969.0,Oceania,1.0,1.0
Canada,Pacific Western Airlines,1975.0,PW,737-200,Jan,1975.0,North America,2.0,2.0
Venezuela,VIASA,1969.0,GE,DC-8,Jan,1967.0,South America,1.0,1.0
Brazil,GOL Linhas Aereas,2006.0,CF,737-800,Jan,2005.0,South America,4.0,4.0
Unidentified,Unidentified Customer(s),2015.0,GE,777F,Jan,2014.0,Unidentified,4.0,4.0
Afghanistan,Ariana Afghan Airlines,1970.0,PW,727,Apr,1969.0,Central Asia,1.0,1.0
Indonesia,Pelita Air Service,,PW,707/720,Dec,1974.0,Southeast Asia,1.0,1.0
China,CATIC,1991.0,PW,MD-80,Mar,1990.0,East Asia,1.0,1.0
Spain,AVIACO,1974.0,PW,DC-9,Feb,1973.0,Europe,4.0,4.0
Germany,Condor Flugdienst,1971.0,PW,747-200,Apr,1970.0,Europe,1.0,1.0
China,China Eastern Yunnan Airlines,1986.0,CF,737-300,Jan,1985.0,East Asia,1.0,1.0
USA,Business Jet / VIP Customer(s),1999.0,CF,BBJ,Jan,1996.0,North America,1.0,1.0
Norway,Norwegian Air Shuttle,2017.0,CF,737 MAX,Jan,2012.0,Europe,6.0,6.0
USA,TWA,1959.0,PW,707/720,Jan,1957.0,North America,4.0,4.0
New Zealand,Air New Zealand,1975.0,GE,DC-10,Feb,1974.0,Oceania,2.0,2.0
Taiwan,Mandarin Airlines,1995.0,PW,747-400,Sep,1994.0,Southeast Asia,1.0,1.0
USA,Midwest Airlines Inc.,2004.0,BR,717-200,Apr,2002.0,North America,6.0,6.0
China,Shanghai Airlines,1994.0,PW,767-300,May,1993.0,East Asia,1.0,1.0
Chile,LADECO,1981.0,PW,737-200,May,1980.0,South America,1.0,1.0
USA,BDS U.S. Navy (P-8A Poseidon),2020.0,CF,737-800A,Jan,2018.0,North America,3.0,3.0
Sweden,KB Flygplanet,1988.0,PW,MD-80,Feb,1988.0,Europe,1.0,1.0
USA,American Flyers Airlines,1968.0,PW,727,Aug,1967.0,North America,2.0,2.0
,ARAMCO Associated Company,2000.0,CF,737-700,Dec,1999.0,North America,3.0,3.0
Netherlands,ITOCHU AirLease B.V.,1992.0,GE,767-300ER,Jul,1991.0,Europe,3.0,3.0
Brazil,Panair do Brasil,1961.0,PW,DC-8,Oct,1955.0,South America,2.0,2.0
Denmark,Sterling Air A/S,1990.0,RR,757-200,Jan,1989.0,Europe,1.0,1.0
Germany,Suedflug,1968.0,PW,DC-9,Jan,1966.0,Europe,2.0,2.0
Ecuador,TAME,1981.0,PW,737-200,Oct,1981.0,South America,1.0,1.0
USA,Airlift International,1963.0,PW,DC-8,Feb,1963.0,North America,1.0,1.0
Singapore,BOC Aviation Limited,2016.0,CF,737-800,Feb,2015.0,Southeast Asia,3.0,3.0
Denmark,Maersk Air,1976.0,PW,737-200,Jan,1976.0,Europe,2.0,2.0
USA,World Airways Inc.,1963.0,PW,707/720,Jan,1963.0,North America,1.0,1.0
,Aloha Airlines,1969.0,PW,737-200,Jan,1968.0,North America,3.0,3.0
Taiwan,EVA Air,1995.0,GE,747-400M,Jan,1995.0,Southeast Asia,1.0,1.0
Ethiopia,Ethiopian Airlines Group,1987.0,PW,737-200,Jan,1987.0,Africa,1.0,1.0
China,Bank of Communications Leasing,2015.0,CF,737-800,Jun,2013.0,East Asia,3.0,3.0
USA,Voyager Aviation Aircraft Leas,2017.0,GE,777-300ER,Jul,2014.0,North America,2.0,2.0
United Kingdom,buzz,1992.0,CF,737-400,Apr,1992.0,Europe,1.0,1.0
United Kingdom,MyTravel Airways,1994.0,GE,767-300ER,Aug,1993.0,Europe,2.0,2.0
Lebanon,Middle East Airlines,1975.0,PW,747-200,Jun,1974.0,Middle East,3.0,3.0
Brazil,VASP Airlines,1980.0,PW,727,Jan,1980.0,South America,4.0,4.0
South Korea,Korean Air,1979.0,PW,747-200,Feb,1978.0,East Asia,1.0,1.0
Mexico,VivaAerobus,1991.0,CF,737-300,Sep,1989.0,Central America and Mexico,2.0,2.0
USA,Universal Airlines,1968.0,GE,DC-8,Sep,1966.0,North America,,2.0
USA,Purdue Airlines,1969.0,PW,DC-9,Jun,1967.0,North America,1.0,1.0
USA,Republic Airlines,1981.0,PW,727,May,1980.0,North America,3.0,3.0
Mexico,Lineas Aereas Azteca,2001.0,,737-700,Feb,2001.0,Central America and Mexico,2.0,2.0
France,Transavia Company SAS,2017.0,CF,737-800,Sep,2014.0,Europe,8.0,8.0
United Kingdom,British Caledonian Airways,1981.0,GE,DC-10,Feb,1980.0,Europe,1.0,1.0
United Kingdom,Security Pacific EuroFinance,1991.0,CF,737-300,Jun,1987.0,Europe,1.0,1.0
Pakistan,Pakistan International Airline,1976.0,GE,DC-10,Mar,1975.0,South Asia,1.0,1.0
USA,NAS Aviation Services LLC,1996.0,CF,737-300,Jan,1996.0,North America,1.0,1.0
Namibia,Air Namibia,1999.0,GE,747-400M,Apr,1999.0,Africa,1.0,1.0
Kuwait,ALAFCO,2010.0,CF,737-800,Mar,2007.0,Middle East,5.0,5.0
Nauru,Nauru Airlines,1993.0,CF,737-400,Jan,1991.0,Oceania,2.0,2.0
Italy,AIR ITALY S.p.A.,1989.0,PW,MD-80,Jan,1988.0,Europe,1.0,1.0
Italy,AIR ITALY S.p.A.,1987.0,PW,MD-80,Jan,1986.0,Europe,1.0,1.0
Venezuela,AVENSA,1967.0,PW,DC-9,Aug,1965.0,South America,2.0,2.0
Saudi Arabia,Kingdom of Saudi Arabia,1987.0,CF,707/720,Jun,1983.0,Middle East,7.0,7.0
Germany,TUI Group,1981.0,PW,737-200,Mar,1980.0,Europe,4.0,4.0
Mongolia,MIAT Mongolian Airlines,2013.0,GE,767-300ER,May,2011.0,Central Asia,1.0,1.0
Tunisia,TunisAir,1974.0,PW,727,Apr,1974.0,Africa,1.0,1.0
Cyprus,Skyways Leasing,2017.0,CF,737-800,Dec,2010.0,Europe,1.0,1.0
France,Air France,1972.0,PW,727,Jan,1971.0,Europe,3.0,3.0
Netherlands,Dutch Caribbean Airlines,1975.0,PW,DC-9,Mar,1974.0,Europe,3.0,3.0
Japan,All Nippon Airways Co. Ltd.,1965.0,PW,727,Jan,1964.0,East Asia,,3.0
USA,Airlift International,1964.0,PW,DC-8,Feb,1963.0,North America,1.0,1.0
Uzbekistan,Uzbekistan Airways,2018.0,GE,787-8,Apr,2018.0,Central Asia,1.0,1.0
United Arab Emirates,Presidential Flight,1978.0,PW,737-200,Oct,1977.0,Middle East,1.0,1.0
Argentina,Estado Nacional Argentino ENA,1975.0,PW,707/720,Jun,1975.0,South America,1.0,1.0
State of Libya,Libyan Airlines,1977.0,PW,727,May,1976.0,Africa,2.0,2.0
USA,MarkAir,1985.0,PW,737-200,Sep,1984.0,North America,1.0,1.0
Japan,Air Nippon,1999.0,CF,737-500,Jul,1999.0,East Asia,1.0,1.0
France,UTA,1968.0,PW,DC-8,Feb,1966.0,Europe,2.0,2.0
Austria,Austrian Airlines,1978.0,PW,DC-9,Jan,1977.0,Europe,1.0,1.0
USA,AirCal,1971.0,PW,737-200,Apr,1969.0,North America,1.0,1.0
China,Cathay Pacific Airways,1979.0,RR,747-200,Feb,1978.0,East Asia,1.0,1.0
Poland,Enter Air Sp. z o.o.,2018.0,CF,737 MAX,Nov,2016.0,Europe,2.0,2.0
China,9 Air,2017.0,CF,737-800,May,2014.0,East Asia,4.0,4.0
USA,Executive Jet Aviation,1967.0,PW,727,Nov,1966.0,North America,2.0,2.0
New Zealand,Air New Zealand,1978.0,PW,737-200,Jan,1978.0,Oceania,1.0,1.0
China,Kunming Airlines,2014.0,CF,737-800,Jun,2010.0,East Asia,2.0,2.0
Ireland,Aer Lingus,1970.0,PW,747-100,Jan,1967.0,Europe,1.0,1.0
Canada,Nordair,1968.0,PW,737-200,Jan,1967.0,North America,1.0,1.0
USA,Flying Tiger,1969.0,GE,DC-8,Feb,1968.0,North America,3.0,3.0
China,China Eastern Airlines,2011.0,CF,737-700,Feb,2008.0,East Asia,2.0,2.0
Australia,Ansett Worldwide Av. Equipment,1992.0,CF,737-300,Jan,1992.0,Oceania,1.0,1.0
France,Transavia Company SAS,2016.0,CF,737-800,Sep,2014.0,Europe,4.0,4.0
China,ICBC Leasing,2016.0,CF,737-800,May,2013.0,East Asia,8.0,8.0
USA,Eastern Air Lines,1968.0,PW,DC-8,Jan,1967.0,North America,4.0,4.0
Canada,WestJet,2005.0,CF,737-700,Jan,2004.0,North America,3.0,3.0
Senegal,Republic of Senegal,1976.0,PW,727,Aug,1976.0,Africa,1.0,1.0
USA,Air Lease Corporation,2014.0,GE,777-300ER,Feb,2013.0,North America,3.0,3.0
Bangladesh,Biman Bangladesh Airlines,2014.0,GE,777-300ER,Apr,2008.0,South Asia,2.0,2.0
Turkey,Pegasus Airlines,2008.0,CF,737-800,Feb,2006.0,Europe,2.0,2.0
,Seaboard World Airlines,1967.0,PW,DC-8,Feb,1966.0,North America,1.0,1.0
Japan,ANA Holdings Inc.,2018.0,GE,777F,Mar,2018.0,East Asia,1.0,1.0
Kuwait,LoadAir Cargo,2009.0,GE,747-400ERF,Jul,2006.0,Middle East,2.0,2.0
Ireland,Standard Chartered Aviation Fi,2018.0,CF,737-800,Apr,2016.0,Europe,3.0,3.0
United Kingdom,BDS UK P-8,2021.0,CF,737-800A,Jan,2019.0,Europe,4.0,4.0
USA,Braniff Airlines,1971.0,PW,747-100,Jan,1968.0,North America,1.0,1.0
Oman,Oman Air (SAOC),2005.0,CF,737-800,Mar,2004.0,Middle East,1.0,1.0
Madagascar,Air Madagascar,1979.0,PW,747-200,Jun,1977.0,Africa,1.0,1.0
Indonesia,Indonesian Air Force-DUPLICATE,1983.0,PW,737-200,Apr,1981.0,Southeast Asia,2.0,2.0
Singapore,MSA-Malaysia/Singapore A/L,1969.0,PW,737-100,May,1967.0,Southeast Asia,5.0,5.0
Japan,Japan Transocean Air,1984.0,PW,737-200,May,1983.0,East Asia,1.0,1.0
Ireland,Avolon - Ireland,2014.0,CF,737-800,Sep,,Europe,2.0,2.0
United Kingdom,British Royal Air Force,1991.0,CF,707/720,Feb,1987.0,Europe,5.0,5.0
United Arab Emirates,flydubai,2010.0,CF,737-800,Jul,2008.0,Middle East,4.0,4.0
Trinidad and Tobago,BWIA,1987.0,PW,MD-80,Apr,1986.0,Caribbean,1.0,1.0
Netherlands,Sojitz,1992.0,RR,757-200,Apr,1988.0,Europe,1.0,1.0
Australia,,2010.0,GE,777-300ER,Mar,2007.0,Oceania,1.0,1.0
Germany,Lufthansa Cargo,2013.0,GE,777F,May,2011.0,Europe,2.0,2.0
Belgium,NATO,1982.0,PW,707/720,May,1980.0,Europe,4.0,4.0
USA,Boullioun Aviation Services,1998.0,CF,737-400,Feb,1997.0,North America,1.0,1.0
Venezuela,Republic of Venezuela,1976.0,PW,737-200,Jan,1976.0,South America,1.0,1.0
USA,Ozark Air Lines,1966.0,PW,DC-9,Feb,1965.0,North America,3.0,3.0
China,CES Leasing Corporation,2022.0,GE,777F,May,2021.0,East Asia,1.0,1.0
Cameroon,Republic of Cameroon,,PW,727,Nov,1978.0,Africa,1.0,1.0
Taiwan,Republic of China Air Force,1999.0,CF,737-800,Nov,1998.0,Southeast Asia,1.0,1.0
Japan,Japan Airlines,1960.0,PW,DC-8,Jan,1956.0,East Asia,3.0,3.0
Argentina,Aerolineas Argentinas,1979.0,PW,727,Jan,1978.0,South America,1.0,1.0
China,Shenzhen Airlines,2016.0,CF,737-800,Jun,2015.0,East Asia,2.0,2.0
Unidentified,Unidentified Customer(s),2021.0,GE,747-8,Feb,2021.0,Unidentified,1.0,1.0
United Kingdom,British Eagle International,1962.0,RR,707/720,May,1961.0,Europe,1.0,1.0
USA,Frontier Airlines,1980.0,PW,737-200,Mar,1979.0,North America,1.0,1.0
Jordan,Royal Jordanian,1974.0,PW,727,Jan,1974.0,Middle East,1.0,1.0
USA,Standard Airways,1966.0,PW,DC-9,Nov,1966.0,North America,2.0,2.0
Bahrain,Gulf Air,2018.0,RR,787-9,Jan,2008.0,Middle East,5.0,5.0
Portugal,Air Atlantis,1970.0,PW,DC-9,Jun,1969.0,Europe,1.0,1.0
Italy,Italian Air Force,1974.0,PW,DC-9,Jan,1973.0,Europe,2.0,2.0
Serbia,Air Serbia,1975.0,PW,727,Feb,1974.0,Europe,3.0,3.0
Guinea,Air Guinee,1981.0,PW,737-200,Aug,1981.0,Africa,1.0,1.0
Mexico,Aeromexico,1974.0,PW,DC-9,,1973.0,Central America and Mexico,6.0,6.0
France,Continent Air Paris,1989.0,PW,MD-80,Dec,1986.0,Europe,1.0,1.0
USA,McDonnell Douglas,1992.0,PW,MD-80,Feb,1989.0,North America,1.0,1.0
Singapore,MSA-Malaysia/Singapore A/L,1968.0,PW,707/720,May,1967.0,Southeast Asia,3.0,3.0
USA,Southern Air Transport,1966.0,PW,727,Feb,1966.0,North America,1.0,1.0
Norway,BDS Norway P-8,2021.0,CF,737-800A,Jan,2019.0,Europe,5.0,5.0
Panama,Copa Airlines,2000.0,CF,737-700,Jan,1999.0,Central America and Mexico,4.0,4.0
Australia,Trans-Australia Airlines,1969.0,PW,727,Feb,1969.0,Oceania,1.0,1.0
Japan,Sumitomo Corporation,1999.0,,737-800,Jul,1996.0,East Asia,2.0,2.0
South Africa,South African Airways,1960.0,PW,707/720,Feb,1958.0,Africa,3.0,3.0
United Kingdom,Monarch Airlines,1983.0,RR,757-200,Feb,1981.0,Europe,2.0,2.0
Turkey,SunExpress Airlines,2016.0,CF,737-800,Feb,2014.0,Europe,7.0,7.0
Iraq,Republic of Iraq,2014.0,CF,737-800,Apr,2008.0,Middle East,5.0,5.0
USA,Aloha Airlines,1970.0,PW,737-200,Jan,1968.0,North America,1.0,1.0
USA,,1968.0,PW,727,May,1968.0,North America,3.0,3.0
China,ICBC Leasing,2017.0,CF,737-800,May,2013.0,East Asia,6.0,6.0
Poland,LOT Polish Airlines,1994.0,CF,737-500,May,1994.0,Europe,1.0,1.0
Bermuda,AOF Leasing,1992.0,CF,737-400,Apr,1988.0,Caribbean,2.0,2.0
Germany,Germania,1998.0,CF,737-700,Mar,1995.0,Europe,12.0,12.0
Kuwait,Kuwait Airways,1994.0,GE,747-400M,Apr,1992.0,Middle East,1.0,1.0
Netherlands,Dutch Caribbean Airlines,1982.0,PW,MD-80,Aug,1982.0,Europe,2.0,2.0
Canada,Wardair,1968.0,PW,707/720,Jan,1968.0,North America,1.0,1.0
Japan,All Nippon Airways Co. Ltd.,1964.0,PW,727,Jan,1964.0,East Asia,1.0,1.0
USA,Laker Airways (Bahamas),1977.0,GE,DC-10,,1977.0,North America,1.0,1.0
Canada,Eastern Provincial Airways,1973.0,PW,737-200,,1973.0,North America,1.0,1.0
Ireland,Aer Lingus,1969.0,PW,737-200,Jan,1966.0,Europe,2.0,2.0
USA,BBAM Aircraft Management LP,2012.0,CF,737-800,Nov,2007.0,North America,6.0,6.0
Qatar,Qatar Airways,2013.0,GE,777-300ER,Mar,2011.0,Middle East,3.0,3.0
Senegal,Air Senegal International,2005.0,CF,737-700,May,2004.0,Africa,1.0,1.0
South Korea,Korean Air,1975.0,GE,DC-10,Jan,1974.0,,3.0,3.0
China,Dragon Aviation Leasing,2014.0,CF,737-800,Dec,2013.0,East Asia,4.0,4.0
Belgium,SABENA Aerospace,1990.0,GE,747-300,Jan,1989.0,Europe,1.0,1.0
Jordan,Royal Jordanian,2014.0,GE,787-8,Mar,2007.0,Middle East,1.0,1.0
Egypt,Government of Egypt,1976.0,PW,737-200,Jun,1975.0,Africa,1.0,1.0
Australia,Ansett Worldwide Av. Equipment,1992.0,CF,737-300,Mar,1992.0,Oceania,1.0,1.0
Germany,TUI Group,1982.0,PW,737-200,Mar,1980.0,Europe,2.0,2.0
France,UTA,1965.0,PW,DC-8,Jan,1965.0,Europe,2.0,2.0
Germany,Condor Flugdienst,1994.0,PW,757-200,Mar,1994.0,Europe,1.0,1.0
Slovakia (Slovak Republic),SkyEurope,2007.0,CF,737-700,Jul,2005.0,Europe,4.0,4.0
South Africa,South African Airways,1967.0,PW,727,Jan,1966.0,Africa,2.0,2.0
Germany,dba,1997.0,,737-300,Mar,1997.0,Europe,6.0,6.0
Sweden,Malmo Aviation,1993.0,PW,MD-80,Mar,1991.0,Europe,2.0,2.0
USA,Transamerica Airlines,1973.0,GE,DC-10,Jan,1972.0,North America,1.0,1.0
Nigeria,Midway Airlines,1990.0,PW,MD-80,Apr,1988.0,Africa,1.0,1.0
Sweden,Scandinavian Airlines,1966.0,PW,DC-8,Jan,1965.0,Europe,1.0,1.0
France,Republic of France,1991.0,CF,707/720,Feb,1987.0,Europe,3.0,3.0
United Kingdom,Virgin Atlantic Airways,2014.0,RR,787-9,Mar,2007.0,Europe,1.0,1.0
USA,GATX Financial Corporation,1991.0,GE,767-200ER,May,1989.0,North America,1.0,1.0
Japan,Japan ASDF Tanker,2006.0,GE,767-200ER,Jun,2004.0,East Asia,1.0,1.0
Netherlands,KLM Royal Dutch Airlines,1980.0,PW,DC-9,Jan,1979.0,Europe,2.0,2.0
Netherlands,Air Holland Leasing,1988.0,RR,757-200,Jun,1987.0,Europe,3.0,3.0
Taiwan,China Airlines,1977.0,PW,747-100,Feb,1976.0,Southeast Asia,1.0,1.0
USA,Transamerica Airlines,1967.0,GE,DC-8,Feb,1965.0,North America,1.0,1.0
Zimbabwe,Air Zimbabwe,1987.0,PW,737-200,Jan,1987.0,Africa,2.0,2.0
USA,Eastwind Airlines,1998.0,CF,737-700,Oct,1997.0,North America,2.0,2.0
Russian Federation,Aeroflot - Russian Airlines,2014.0,GE,777-300ER,Feb,2011.0,Europe,3.0,3.0
Cte dIvoire,Air Afrique,1980.0,PW,747-200,Apr,1979.0,Africa,1.0,1.0
USA,Pacific Southwest Airlines,1966.0,PW,727,Jan,1966.0,North America,1.0,1.0
Australia,Ansett Australia,1964.0,PW,727,Feb,1963.0,Oceania,2.0,2.0
Ireland,Pembroke Capital Limited,1998.0,CF,737-300,Mar,1997.0,Europe,1.0,1.0
Samoa,Samoa Airways,1981.0,PW,737-200,Jun,1979.0,Oceania,1.0,1.0
USA,KE Aircraft Leasing,1992.0,RR,757-200,Apr,1988.0,North America,2.0,2.0
Spain,Iberia Airlines,1973.0,GE,DC-10,Jan,1972.0,Europe,3.0,3.0
Greece,Olympic Airlines,1968.0,PW,727,Jan,1968.0,Europe,1.0,1.0
Japan,BDS Japan International Tanker,2021.0,PW,767-2C,Dec,2018.0,East Asia,1.0,1.0
USA,Tracinda Corp.,1968.0,PW,DC-9,Apr,1968.0,North America,1.0,1.0
,Vietnam Airlines,2003.0,PW,777-200ER,Jan,2002.0,Southeast Asia,2.0,2.0
China,9 Air,2016.0,CF,737-800,May,2014.0,East Asia,4.0,4.0
United Kingdom,West Coast Airlines - UK (Inac,1967.0,PW,DC-9,Dec,1965.0,Europe,1.0,1.0
United Arab Emirates,Dubai Aerospace Enterprise,2021.0,CF,737 MAX,Apr,2021.0,Middle East,4.0,4.0
Algeria,Air Algerie,1974.0,PW,727,Jan,1974.0,Africa,1.0,1.0
France,Air Charter,1981.0,PW,727,Mar,1981.0,Europe,2.0,2.0
Kazakhstan,SCAT Airlines,2018.0,CF,737 MAX,Dec,2017.0,Central Asia,1.0,1.0
Canada,Canadian Airlines,1987.0,CF,737-300,Apr,1984.0,North America,2.0,2.0
Ireland,Ryanair,2003.0,CF,737-800,Jan,2002.0,Europe,9.0,9.0
China,China Eastern Airlines Wuhan,2001.0,CF,737-800,Jun,1998.0,East Asia,2.0,2.0
China,Shandong Airlines,2008.0,CF,737-800,Jan,2006.0,East Asia,3.0,3.0
United Kingdom,British Airtours,1981.0,PW,737-200,Dec,1978.0,Europe,3.0,3.0
Costa Rica,Avianca Costa Rica,1979.0,PW,727,Aug,1978.0,Central America and Mexico,1.0,1.0
Germany,Deucalion Capital VII Limited,2009.0,GE,777F,Sep,2005.0,Europe,4.0,4.0
Russian Federation,AirBridgeCargo Airlines,2017.0,GE,747-8F,Mar,2016.0,Europe,2.0,2.0
Ireland,DAE Aerospace Enterprise,1994.0,PW,767-300ER,Jan,1994.0,Europe,1.0,1.0
Iceland,Icelandair,2007.0,CF,737-800,Jan,2005.0,Europe,1.0,1.0
Kuwait,Kuwait Air Force,1992.0,PW,MD-80,Mar,1992.0,Middle East,1.0,1.0
Luxembourg,Cargolux Airlines Internationa,2007.0,RR,747-400F,Feb,2006.0,Europe,1.0,1.0
Sweden,Transair Sweden,1967.0,,727,Nov,1966.0,Europe,2.0,2.0
Ghana,Ghana Airways,1978.0,PW,DC-9,Jun,1977.0,Africa,1.0,1.0
Japan,ITOCHU Corporation,1996.0,GE,767-200ER,Oct,1994.0,East Asia,1.0,1.0
Switzerland,Balair/CTA,1970.0,PW,DC-9,Jan,1969.0,Europe,1.0,1.0
France,Air France,1973.0,PW,747-100,Jan,1971.0,Europe,3.0,3.0
Egypt,Government of Egypt,1974.0,PW,707/720,Sep,1973.0,Africa,1.0,1.0
Mozambique,LAM,1993.0,PW,767-200ER,Aug,1990.0,Africa,1.0,1.0
Denmark,Sterling Air A/S,1978.0,PW,727,Jan,1978.0,Europe,1.0,1.0
Japan,Japan Airlines,1960.0,PW,DC-8,Jan,1960.0,East Asia,1.0,1.0
USA,Tigerair,1974.0,PW,727,Apr,1973.0,North America,2.0,2.0
Algeria,Tassili Airlines,2018.0,CF,737-800,May,2017.0,Africa,3.0,3.0
Sweden,Malmo Aviation,1991.0,PW,MD-80,May,1989.0,Europe,1.0,1.0
USA,,1997.0,CF,737-300,Jun,1996.0,North America,2.0,2.0
Taiwan,Far Eastern Air Transport,1991.0,PW,MD-80,Apr,1991.0,Southeast Asia,2.0,2.0
USA,CIT Aerospace LLC,,CF,737-700,Mar,2001.0,North America,3.0,3.0
Cte dIvoire,Air Afrique,1966.0,PW,DC-8,Jun,1965.0,Africa,1.0,1.0
France,Republic of France,1992.0,CF,707/720,Aug,1987.0,Europe,1.0,1.0
China,Shenzhen Airlines,2009.0,CF,737-800,Apr,2006.0,East Asia,5.0,5.0
Russian Federation,UTair Aviation,2014.0,CF,737-800,Sep,2011.0,Europe,5.0,5.0
China,Juneyao Air Co. LTD.,2019.0,GE,787-9,Feb,2017.0,,2.0,2.0
Cayman Islands,Bain Capital Griffin Internati,2022.0,CF,737 MAX,Aug,2021.0,Caribbean,,1.0
China,China Southern Airlines,1987.0,RR,757-200,Jan,1987.0,East Asia,3.0,3.0
Bolivia,,1970.0,PW,727,Aug,1969.0,South America,1.0,1.0
Canada,Dome Petroleum,1980.0,PW,737-200,Aug,1979.0,North America,1.0,1.0
Turkmenistan,Turkmenhowayollary Agency,1992.0,CF,737-300,Feb,1990.0,Central Asia,1.0,1.0
Tunisia,TunisAir,1972.0,PW,727,Mar,1971.0,Africa,1.0,1.0
Afghanistan,Ariana Afghan Airlines,1968.0,PW,727,Mar,1968.0,Central Asia,1.0,1.0
USA,Transtar Airlines Corporation,1982.0,PW,,Apr,1981.0,North America,4.0,4.0
China,Everbright Financial Leasing,2018.0,CF,737-800,Feb,2017.0,East Asia,7.0,7.0
Qatar,Qatar Airways,1979.0,PW,727,Jan,1979.0,Middle East,1.0,1.0
Mexico,Mexicana,1981.0,GE,DC-10,Jan,1980.0,Central America and Mexico,1.0,1.0
Australia,Australian Airlines Limited,1967.0,PW,DC-9,Apr,1965.0,Oceania,2.0,2.0
USA,Eastern Air Lines,1968.0,PW,DC-9,Jan,1967.0,North America,5.0,5.0
Belarus,Belavia Belarusian Airlines,2016.0,CF,737-800,Jun,2014.0,Europe,3.0,3.0
France,Union Aeromaritime Transport,1960.0,PW,DC-8,Nov,1956.0,Europe,1.0,1.0
Belgium,Trans European Airways,1980.0,PW,737-200,Apr,1980.0,Europe,2.0,2.0
Kuwait,Kuwait Air Force,1976.0,PW,DC-9,Oct,1976.0,Middle East,2.0,2.0
China,Zhongyuan Airlines,1999.0,CF,737-300,Oct,1997.0,East Asia,2.0,2.0
Saudi Arabia,Saudi Arabian Airlines,1977.0,PW,707/720,Feb,1977.0,Middle East,2.0,2.0
Romania,Socialist Republic of Romania,1979.0,PW,707/720,Mar,1979.0,Europe,1.0,1.0
Canada,Transair (Inactive),1974.0,PW,737-200,Nov,1973.0,North America,1.0,1.0
China,China Cargo,2020.0,GE,777F,May,2020.0,East Asia,2.0,2.0
El Salvador,Avianca El Salvador,1978.0,PW,737-200,Jul,1978.0,Central America and Mexico,1.0,1.0
China,Hainan Airlines Holding,2008.0,CF,737-800,Jan,2006.0,East Asia,3.0,3.0
Austria,Austrian Airlines,1971.0,PW,DC-9,Mar,1970.0,Europe,5.0,5.0
,BDS Indian Navy P-8I,2020.0,CF,737-800A,Mar,2017.0,South Asia,1.0,1.0
USA,Delta Air Lines,1965.0,PW,DC-8,Jan,1965.0,North America,1.0,1.0
Trinidad and Tobago,BWIA,1977.0,PW,DC-9,Jul,1976.0,Caribbean,2.0,2.0
Spain,Air Europa,2011.0,CF,737-800,,2006.0,Europe,1.0,1.0
Ireland,SMBC Aviation Capital,2011.0,CF,737-800,Mar,2008.0,Europe,2.0,2.0
USA,Heller Financial,1998.0,CF,737-300,Sep,1998.0,North America,2.0,2.0
Canada,Quebecair,1981.0,PW,737-200,Dec,1979.0,North America,1.0,1.0
USA,Texas Air Corporation,1979.0,PW,DC-9,Feb,1978.0,North America,3.0,3.0
USA,Braniff Airlines,1979.0,PW,747-200,Jan,1978.0,North America,1.0,1.0
USA,Reno Air,1996.0,RR,MD-90,Apr,1996.0,North America,1.0,1.0
Iraq,Iraqi Airways,1976.0,PW,737-200,Jan,1975.0,Middle East,1.0,1.0
Honduras,SAHSA,,PW,737-200,Nov,1973.0,Central America and Mexico,1.0,1.0
Ireland,AerCap,2019.0,GE,787-9,Jun,2017.0,Europe,1.0,1.0
USA,Capitol Air,1969.0,GE,DC-8,Jan,1968.0,North America,1.0,1.0
Germany,Air Berlin,2000.0,CF,737-800,Jan,1999.0,Europe,4.0,4.0
United Kingdom,Air Europe,1980.0,PW,737-200,Mar,1980.0,Europe,2.0,2.0
,Jade Cargo International,2007.0,,747-400ERF,Aug,2005.0,East Asia,3.0,3.0
Israel,MG Aviation Limited,2016.0,RR,787-9,Dec,2006.0,Middle East,2.0,2.0
Romania,TAROM Romanian Air Transport,1974.0,PW,707/720,Mar,1973.0,Europe,2.0,2.0
China,Juneyao Air Co. LTD.,2018.0,GE,787-9,Feb,2017.0,East Asia,3.0,3.0
Nigeria,Federal Government of Nigeria,1982.0,PW,727,Jul,1982.0,Africa,1.0,1.0
USA,Business Aerotech,1971.0,PW,727,Nov,1970.0,North America,1.0,1.0
United Kingdom,Security Pacific EuroFinance,1991.0,CF,737-300,Oct,1988.0,Europe,1.0,1.0
Nauru,Nauru Airlines,1975.0,PW,737-200,Jul,1974.0,Oceania,1.0,1.0
Pakistan,Pakistan International Airline,1980.0,GE,747-200,Jan,1980.0,South Asia,1.0,1.0
Ecuador,TAME,1980.0,PW,727,Sep,1980.0,South America,1.0,1.0
Kazakhstan,Kazakhstan Airlines,2002.0,GE,767-200ER,Dec,2000.0,Central Asia,1.0,1.0
USA,BDS USAF Tanker Program,2019.0,PW,767-2C,Jan,2017.0,North America,7.0,7.0
USA,777 Partners,2021.0,CF,737 MAX,Mar,2021.0,North America,9.0,9.0
Belgium,Brussels Airlines SA/NV,1996.0,CF,737-300,Dec,1995.0,Europe,2.0,2.0
USA,Pro Air,1997.0,CF,737-400,Jun,1997.0,North America,1.0,1.0
Luxembourg,Luxair,1978.0,PW,737-200,Jan,1977.0,Europe,1.0,1.0
Ireland,Avia Capital Leasing,2014.0,CF,737-800,Oct,2010.0,Europe,5.0,5.0
Malta,Air Malta,1987.0,PW,737-200,Aug,1986.0,Europe,2.0,2.0
USA,Korean Air Force Peace Eye,2009.0,CF,737-700W,Jun,2005.0,North America,1.0,1.0
China,China Xinhua Airlines,1994.0,CF,737-300,Apr,1993.0,East Asia,1.0,1.0
United Kingdom,British Airtours,1980.0,PW,,Dec,1978.0,Europe,6.0,6.0
Japan,ITOCHU Corporation,1997.0,GE,767-200ER,Oct,1994.0,East Asia,1.0,1.0
Australia,Australian Wedgetail,2002.0,CF,737-700W,Oct,2001.0,Oceania,1.0,1.0
USA,Itel Air,1979.0,PW,737-200,Nov,1978.0,North America,1.0,1.0
Taiwan,EVA Air,1995.0,GE,747-400M,Feb,1995.0,Southeast Asia,1.0,1.0
USA,Flying Tiger,1965.0,PW,707/720,Jan,1965.0,North America,2.0,2.0
USA,AirCal,1970.0,PW,737-200,Apr,1969.0,North America,1.0,1.0
Luxembourg,Luxair,1977.0,PW,737-200,Jan,1977.0,Europe,1.0,1.0
USA,Pacific Air Lines,1966.0,PW,727,Sep,1965.0,North America,2.0,2.0
China,CAAC-Civil Aviation of China,1985.0,PW,737-200,May,1985.0,East Asia,5.0,5.0
USA,International Lease Finance Co,1994.0,CF,737-400,Jan,1990.0,North America,1.0,1.0
Belgium,SABENA Aerospace,1970.0,PW,747-100,Jan,1969.0,,2.0,2.0
Indonesia,Indonesian Air Force-DUPLICATE,1982.0,PW,737-200,Apr,1981.0,Southeast Asia,1.0,1.0
France,Euralair,1990.0,CF,737-500,May,1987.0,Europe,1.0,1.0
Canada,CP Air,1969.0,PW,737-200,Feb,1967.0,North America,1.0,1.0
United Kingdom,British Airways,1971.0,PW,707/720,Jan,1970.0,Europe,2.0,2.0
Japan,Japan Asia Airways,1988.0,PW,747-300,Aug,1987.0,East Asia,1.0,1.0
Austria,Lauda Air,1999.0,PW,767-300ER,Jan,1999.0,Europe,1.0,
USA,Wien Air Alaska,1968.0,PW,737-200,Jan,1966.0,North America,1.0,1.0
Indonesia,Sriwijaya Air,2015.0,CF,737-900ER,May,2015.0,Southeast Asia,2.0,2.0
USA,Aviation Service & Support,1975.0,PW,707/720,Jan,1975.0,North America,1.0,1.0
Australia,Virgin Australia,2009.0,GE,777-300ER,Mar,2007.0,Oceania,3.0,3.0
Thailand,Royal Thai Air Force,1989.0,CF,737-300,Jul,1988.0,Southeast Asia,1.0,1.0
United Kingdom,U-Land Airlines,1997.0,PW,MD-80,Aug,1996.0,Europe,2.0,2.0
USA,Hawaiian Airlines,1975.0,PW,DC-9,Feb,1974.0,North America,4.0,4.0
USA,Seaboard World Airlines,1966.0,PW,DC-8,Jan,1965.0,North America,1.0,1.0
USA,Southwest Airlines,1999.0,CF,737-700,Jan,1998.0,North America,10.0,10.0
United Kingdom,Novair International Airways,1990.0,CF,737-400,Apr,1990.0,Europe,1.0,1.0
Switzerland,Balair/CTA,1976.0,PW,DC-9,Feb,1976.0,Europe,1.0,1.0
Taiwan,Air Asia Company,1966.0,PW,727,Feb,1966.0,Southeast Asia,1.0,1.0
USA,Northwest-Merged w Delta,2002.0,PW,747-400,Jan,2001.0,North America,,2.0
Russian Federation,Sberbank Leasing,2019.0,CF,737-800,Feb,2017.0,Europe,6.0,6.0
Spain,Quantum Air S.A.,2000.0,RR,717-200,May,2000.0,Europe,3.0,3.0
Tanzania United Republic of,Air Tanzania,1978.0,PW,737-200,Mar,1978.0,Africa,1.0,1.0
India,SpiceJet,2006.0,CF,737-800,Feb,2005.0,South Asia,4.0,4.0
United Arab Emirates,Emirates,2012.0,GE,777-300ER,Apr,2010.0,Middle East,12.0,12.0
Spain,AVIACO,1975.0,PW,DC-9,Jan,1975.0,Europe,4.0,4.0
Italy,Alitalia,1969.0,PW,DC-9,Jan,1967.0,,2.0,2.0
Saudi Arabia,Kingdom of Saudi Arabia,1986.0,CF,707/720,Jun,1983.0,Middle East,4.0,4.0
Singapore,Singapore Airlines,1992.0,PW,747-400,Jan,1990.0,Southeast Asia,2.0,2.0
India,BDS Indian Navy P-8I,2019.0,CF,737-800A,Mar,2017.0,South Asia,1.0,1.0
Venezuela,Aeropostal,1968.0,PW,DC-9,Mar,1967.0,South America,1.0,1.0
Canada,WestJet,2005.0,CF,737-800,Jan,2004.0,North America,4.0,4.0
Iraq,Republic of Iraq,2013.0,CF,737-800,Apr,2008.0,Middle East,2.0,2.0
USA,Polaris Aircraft Leasing,1981.0,PW,MD-80,Nov,1979.0,North America,1.0,1.0
USA,BBAM Aircraft Management LP,2011.0,CF,737-800,Nov,2007.0,North America,4.0,4.0
Malaysia,CALC Aircraft Assets Limited,2019.0,GE,787-9,Nov,2019.0,Southeast Asia,1.0,1.0
USA,ARAMCO Associated Company,2001.0,CF,737-700C,Dec,1999.0,North America,2.0,2.0
Malaysia,Malaysia Airlines,1991.0,GE,747-400,Jan,1989.0,Southeast Asia,1.0,1.0
USA,ATAircraft One,1977.0,GE,DC-10,Apr,1976.0,North America,2.0,2.0
Belgium,Brussels Airlines SA/NV,1997.0,CF,737-400,Apr,1996.0,Europe,2.0,2.0
Congo the Democratic Republic,Lignes Aeriennes de Congolaise,1973.0,PW,737-200,Feb,1973.0,Africa,1.0,1.0
United Kingdom,British Airways,1965.0,PW,707/720,Jan,1965.0,Europe,2.0,2.0
Ireland,Pembroke Capital Limited,1998.0,CF,737-500,Mar,1997.0,Europe,2.0,2.0
Kazakhstan,Air Astana,2013.0,PW,767-300ER,Feb,2012.0,Central Asia,2.0,2.0
Mexico,Mexicana,1974.0,PW,727,Feb,1974.0,Central America and Mexico,3.0,3.0
United Kingdom,Orion Airways,1985.0,CF,737-300,Jun,1982.0,Europe,3.0,3.0
USA,Tigerair,1973.0,PW,727,Sep,1972.0,North America,2.0,2.0
Norway,Norwegian Air Shuttle,2016.0,CF,737-800,Jan,2012.0,Europe,10.0,10.0
Bangladesh,Biman Bangladesh Airlines,2011.0,GE,777-300ER,Apr,2008.0,South Asia,2.0,2.0
Brazil,Federative Republic of Brazil,1976.0,PW,737-200,Aug,1975.0,South America,2.0,2.0
USA,Jackson Square Aviation,2014.0,CF,737-800,Jan,2014.0,North America,3.0,3.0
USA,Bonanza Airlines,1966.0,PW,DC-9,Jul,,North America,2.0,2.0
Germany,Germania,1991.0,CF,737-300,May,1991.0,Europe,1.0,1.0
Kuwait,ALAFCO,2011.0,CF,737-800,Mar,2007.0,Middle East,1.0,1.0
Canada,Eldorado Aviation,1980.0,PW,737-200,Aug,1979.0,North America,1.0,1.0
Taiwan,China Airlines,1980.0,PW,747-200,Jan,1979.0,Southeast Asia,1.0,1.0
United Kingdom,Monarch Airlines,1982.0,PW,737-200,Feb,1981.0,Europe,2.0,2.0
Azerbaijan,Silk Way Airlines,2016.0,GE,747-8F,Feb,2015.0,Central Asia,1.0,1.0
China,China Eastern Airlines Wuhan,1999.0,CF,737-300,Oct,1997.0,East Asia,1.0,1.0
Ireland,CDB Financial Leasing,2019.0,CF,737 MAX,Sep,2018.0,Europe,1.0,1.0
Finland,Finnair,1981.0,GE,DC-10,Jan,1981.0,Europe,1.0,1.0
USA,Western Pacific Airlines,1997.0,CF,737-300,Oct,1996.0,North America,4.0,4.0
Canada,Pacific Western Airlines,1970.0,PW,737-200,Apr,1968.0,North America,1.0,1.0
Germany,Bavaria,1998.0,CF,737-700,Jan,1995.0,Europe,2.0,2.0
Greece,Olympic Airlines,1968.0,PW,707/720,Jan,1968.0,Europe,1.0,1.0
South Africa,Comair Limited,2012.0,CF,737-800,Jun,2010.0,Africa,4.0,4.0
Israel,EL AL Israel Airlines,1979.0,,747-200,Jan,1979.0,Middle East,1.0,1.0
France,Aeromaritime,1991.0,PW,767-300ER,Jan,1989.0,Europe,1.0,1.0
India,Jet Airways,2003.0,CF,737-900,Mar,2003.0,South Asia,1.0,1.0
USA,North Central Airlines,1977.0,PW,DC-9,Mar,1975.0,North America,3.0,3.0
Ukraine,Goiania,2016.0,CF,737-800,,2007.0,Europe,1.0,1.0
Australia,BDS Australia P-8,2017.0,CF,737-800A,Jan,2016.0,Oceania,3.0,3.0
France,AOM French Airlines,1994.0,PW,MD-80,Sep,1994.0,Europe,4.0,4.0
Ireland,Irish Aerospace,1988.0,PW,MD-80,Sep,1986.0,Europe,2.0,2.0
USA,Aviation Capital Group,2013.0,CF,737-800,Jan,2008.0,North America,4.0,4.0
Sudan,Sudan Airways,1974.0,PW,707/720,May,1973.0,Africa,2.0,2.0
Zambia,Zambia Airways,1984.0,GE,DC-10,Nov,1983.0,Africa,1.0,1.0
Ethiopia,Ethiopian Airlines Group,1965.0,PW,707/720,Jan,1965.0,Africa,1.0,1.0
Liberia,Republic of Liberia,1978.0,PW,737-200,,1978.0,Africa,1.0,1.0
Peru,FAUCETT,1968.0,PW,727,Apr,1968.0,South America,1.0,1.0
United Kingdom,British Caledonian Airways,1977.0,GE,DC-10,Jun,1976.0,Europe,2.0,2.0
Gabon,Air Gabon,1978.0,GE,747-200,Apr,1977.0,Africa,1.0,1.0
USA,Midwest Airlines Inc.,2003.0,BR,717-200,Apr,2002.0,North America,11.0,11.0
USA,FedEx Express,2018.0,GE,777F,Jan,2017.0,North America,1.0,1.0
Chile,LATAM Airlines Group,2010.0,GE,767-300ER,Jan,2007.0,South America,1.0,1.0
Malaysia,CALC Aircraft Assets Limited,2020.0,GE,787-9,Nov,,Southeast Asia,1.0,1.0
USA,American Flyers Airlines,1970.0,GE,DC-8,Mar,1969.0,North America,2.0,2.0
Norway,Mey-Air,1971.0,PW,737-200,Sep,1971.0,Europe,2.0,2.0
USA,North Central Airlines,1979.0,PW,DC-9,Feb,1978.0,North America,3.0,3.0
Spain,L.T.E. International Airways,1992.0,RR,757-200,,1988.0,Europe,1.0,1.0
USA,NEA Holdings Inc.,1967.0,PW,DC-9,Apr,1966.0,North America,1.0,1.0
India,Jet Airways,2014.0,CF,737-800,Jan,2012.0,South Asia,4.0,4.0
Mauritius,Air Mauritius,1988.0,GE,767-200ER,Jan,1987.0,Africa,2.0,2.0
Syrian Arab Republic,Syrianair,1976.0,PW,747-100,Dec,1974.0,Middle East,2.0,2.0
USA,Voyager Aviation Aircraft Leas,2016.0,GE,777-300ER,Jul,2014.0,North America,2.0,2.0
Switzerland,Swiss International Air Lines,2018.0,GE,777-300ER,Apr,2015.0,Europe,1.0,1.0
Israel,Arkia Israeli Airlines,1983.0,PW,737-200,Jun,1981.0,Middle East,2.0,2.0
Switzerland,Swiss International Air Lines,2017.0,GE,777-300ER,Apr,2015.0,Europe,2.0,2.0
USA,International Lease Finance Co,1994.0,CF,737-300,Jan,1990.0,North America,1.0,1.0
Kuwait,Kuwait Airways,1976.0,PW,737-200,Apr,1975.0,Middle East,1.0,1.0
State of Libya,Buraq Air,2006.0,CF,737-800,Nov,2005.0,Africa,2.0,2.0
China,Shanghai Airlines,2013.0,CF,737-800,Apr,2007.0,East Asia,2.0,2.0
China,Zhongyuan Airlines,1994.0,CF,737-300,Apr,1993.0,East Asia,3.0,3.0
United Kingdom,Midland Montagu Leasing,1980.0,PW,737-200,Dec,1979.0,Europe,1.0,1.0
Netherlands,Sojitz,1991.0,RR,757-200,Apr,1988.0,Europe,1.0,1.0
,Air Siam,1974.0,GE,DC-10,Sep,1974.0,Southeast Asia,1.0,1.0
Nigeria,Nigeria Airways,1989.0,GE,DC-10,Apr,1988.0,Africa,1.0,1.0
Uruguay,PLUNA,1982.0,PW,737-200,Mar,1981.0,South America,3.0,3.0
USA,Purdue Airlines,1969.0,PW,DC-9,Nov,1968.0,North America,1.0,
China,China Eastern Airlines,2012.0,CF,737-700,Feb,2008.0,East Asia,2.0,2.0
United Arab Emirates,National Airlines,1967.0,PW,727,Feb,1966.0,Middle East,3.0,3.0
USA,FAA,1961.0,PW,707/720,Jan,1961.0,North America,1.0,1.0
China,Xiamen Airlines,2001.0,RR,757-200,Jan,2001.0,East Asia,1.0,1.0
China,China Northern Airlines,1985.0,PW,MD-80,Jun,1985.0,East Asia,2.0,2.0
Spain,Vingreiser AS,1988.0,PW,MD-80,Sep,1986.0,Europe,2.0,2.0
USA,Pacific Air Lines,1967.0,PW,727,Oct,1966.0,North America,1.0,1.0
Brazil,LATAM Airlines Brasil,2008.0,GE,777-300ER,Feb,2007.0,South America,4.0,4.0
Germany,German Air Force,1968.0,PW,,Nov,1967.0,Europe,4.0,4.0
China,Kunming Airlines,2017.0,CF,737-700,Nov,2014.0,East Asia,2.0,2.0
China,Xiamen Airlines,2002.0,RR,757-200,Jan,2001.0,East Asia,1.0,1.0
USA,Saturn Airways,1967.0,GE,DC-8,Feb,1966.0,North America,1.0,1.0
USA,Itel Air,1979.0,PW,737-200,Jan,1979.0,North America,1.0,1.0
Taiwan,UNI Airways,1996.0,RR,MD-90,May,1996.0,Southeast Asia,1.0,1.0
Argentina,AUSTRAL - Cielos del Sur,1981.0,PW,MD-80,Dec,1978.0,,3.0,3.0
Morocco,Royal Air Maroc,1995.0,CF,,Jan,1993.0,Africa,1.0,1.0
French Polynesia,Air Tahiti Nui,2019.0,GE,787-9,Apr,2015.0,Oceania,2.0,2.0
USA,Alaska Airlines,1968.0,PW,727,Jan,1968.0,North America,1.0,1.0
China,Air China Cargo,2014.0,GE,777F,Mar,2013.0,East Asia,4.0,4.0
China,Okay Airways Company Limited,2016.0,CF,737-800,May,2014.0,East Asia,1.0,1.0
Nigeria,Midway Airlines,1987.0,PW,737-200,Mar,1986.0,Africa,3.0,3.0
Ukraine,Ukraine International Airlines,1999.0,CF,737-300,Dec,1997.0,Europe,1.0,1.0
USA,FedEx Express,1988.0,GE,DC-10,Feb,1987.0,North America,1.0,1.0
USA,Pan Am World Airways,1973.0,PW,747-100,Jan,1969.0,North America,1.0,1.0
Dominican Republic,Dominicana Airlines,1972.0,PW,727,May,1972.0,Caribbean,1.0,1.0
Taiwan,Great China Airlines,1997.0,RR,MD-90,Nov,1990.0,Southeast Asia,1.0,1.0
Turkey,Turkish Airlines,2011.0,CF,737-900ER,Feb,2010.0,Europe,2.0,2.0
Iraq,Iraqi Airways,1976.0,PW,727,Jan,1975.0,Middle East,3.0,3.0
Venezuela,AVENSA,1969.0,PW,DC-9,Jun,1967.0,South America,1.0,1.0
Switzerland,Swissair,1960.0,PW,DC-8,Jan,1956.0,Europe,2.0,2.0
Israel,Arkia Israeli Airlines,2000.0,RR,757-300,Jul,1998.0,Middle East,2.0,2.0
Russian Federation,Volga-Dnepr UK Ltd,2013.0,GE,747-8F,Nov,2006.0,Europe,2.0,2.0
USA,Business Jet / VIP Customer(s),1998.0,CF,BBJ,Jan,1996.0,North America,1.0,1.0
India,Jet Lite,2009.0,CF,737-800,Jan,2006.0,South Asia,1.0,1.0
Taiwan,Far Eastern Air Transport,1993.0,PW,MD-80,May,1993.0,Southeast Asia,2.0,2.0
Canada,Quebecair,1980.0,PW,737-200,Feb,1979.0,North America,2.0,2.0
Nepal,Nepal Airlines Corporation,1988.0,RR,757-200M,Feb,1986.0,South Asia,,1.0
Japan,Japan Domestic Airlines,1966.0,PW,727,Apr,1965.0,East Asia,2.0,2.0
USA,United Airlines,1997.0,PW,747-400,Jan,1996.0,North America,2.0,2.0
Kenya,East African Airways,1970.0,PW,DC-9,Apr,1970.0,Africa,1.0,1.0
Costa Rica,Avianca Costa Rica,1980.0,PW,727,Aug,1978.0,Central America and Mexico,1.0,1.0
Germany,Germanwings GmbH,1989.0,PW,MD-80,Sep,1988.0,Europe,4.0,4.0
Japan,Mitsui & Co.,1992.0,GE,MD-11,Dec,1986.0,East Asia,2.0,2.0
China,Silk Road Leasing,2016.0,CF,737-800,Aug,2016.0,East Asia,1.0,1.0
China,Dragon Aviation Leasing,2015.0,CF,737-800,Dec,2013.0,East Asia,4.0,4.0
USA,Southwest Airlines,1988.0,CF,737-300,Jan,1986.0,North America,3.0,3.0
United Kingdom,TUI Travel PLC,1995.0,RR,757-200,Jan,1993.0,Europe,1.0,1.0
USA,BDS U.S. Navy (P-8A Poseidon),2019.0,CF,737-800A,Jan,2018.0,North America,4.0,4.0
USA,PACE Airlines,1968.0,PW,737-200,Jan,1966.0,North America,6.0,6.0
Rwanda,RwandAir,2011.0,CF,737-800,Dec,2009.0,Africa,2.0,2.0
Jersey (UK),Ardennes Epsilon,1989.0,PW,MD-80,Dec,1988.0,Europe,2.0,2.0
Syrian Arab Republic,Syrianair,1976.0,PW,727,Dec,1974.0,Middle East,3.0,3.0
USA,GATX Jet Partners Ltd.,2001.0,CF,737-800,May,2000.0,North America,4.0,4.0
Ireland,Avolon - Ireland,2015.0,CF,737-800,Sep,2012.0,Europe,7.0,7.0
Russian Federation,Aeroflot - Russian Airlines,2013.0,GE,777-300ER,Feb,2011.0,Europe,2.0,2.0
United Kingdom,Jet2.com Ltd,2016.0,CF,737-800,Sep,2015.0,Europe,5.0,5.0
Turkey,Turkish Airlines,2011.0,CF,737-800,Feb,2010.0,Europe,2.0,2.0
France,Union Aeromaritime Transport,1960.0,PW,DC-8,Dec,1956.0,Europe,1.0,1.0
Malaysia,Malaysia Airlines,1989.0,GE,747-400M,Jan,1988.0,Southeast Asia,1.0,1.0
Ghana,Ghana Airways,1983.0,GE,DC-10,Feb,1983.0,Africa,1.0,1.0
USA,America West Airlines,1987.0,CF,737-300,Jan,1986.0,North America,5.0,5.0
Japan,ANA Holdings Inc.,2019.0,GE,777F,Mar,2018.0,East Asia,1.0,1.0
United Kingdom,buzz,1990.0,CF,737-400,Jun,1987.0,Europe,1.0,1.0
Bolivia,LAB,1978.0,PW,727,Apr,1977.0,South America,2.0,2.0
Singapore,Scoot PTE LTD,2015.0,RR,787-8,Oct,2006.0,Southeast Asia,4.0,4.0
Canada,Eastern Provincial Airways,1973.0,PW,737-200,Jun,1972.0,North America,1.0,1.0
USA,DHL,2021.0,GE,777F,Mar,2019.0,North America,2.0,2.0
USA,Altavair LLC,2006.0,GE,747-400ERF,Jun,2005.0,North America,1.0,1.0
United Kingdom,British Royal Air Force,1992.0,CF,707/720,Feb,1987.0,Europe,1.0,1.0
Belgium,Sobelair,1979.0,PW,737-200,Aug,1978.0,Europe,2.0,2.0
Germany,Germanwings GmbH,1989.0,PW,MD-80,Dec,1988.0,Europe,1.0,1.0
USA,Western Airlines,1963.0,PW,707/720,Jan,1963.0,North America,3.0,3.0
Bermuda,Novel Leasing,1997.0,CF,737-300,Jul,1997.0,Caribbean,1.0,1.0
Switzerland,Noga Export Import,1981.0,PW,737-200,Apr,1980.0,Europe,1.0,1.0
Hong Kong,CDB Aviation,2016.0,CF,737-700,Mar,2014.0,East Asia,3.0,3.0
South Korea,Asiana Airlines,2006.0,GE,747-400F,Feb,1998.0,East Asia,1.0,1.0
France,Aeromaritime,1990.0,PW,767-200ER,Jan,1989.0,Europe,2.0,2.0
Zambia,Zambia Airways,1976.0,PW,737-200,Jun,1975.0,Africa,1.0,1.0
Belgium,DHL International,2009.0,GE,767-300F,Feb,2007.0,Europe,3.0,3.0
China,Hebei Airlines Company LTD,2016.0,CF,737-800,Dec,2013.0,East Asia,3.0,3.0
USA,Western Airlines,1960.0,PW,707/720,Jan,1960.0,North America,1.0,1.0
Japan,Japan ASDF Tanker,2005.0,GE,767-200ER,Jun,2003.0,East Asia,1.0,1.0
Ireland,AerCap,2018.0,CF,737 MAX,Jun,2015.0,Europe,5.0,5.0
Belgium,NATO,1983.0,PW,707/720,May,1980.0,Europe,5.0,5.0
Sweden,Transair Sweden,1968.0,PW,727,Aug,1967.0,Europe,1.0,1.0
USA,AirTran Airways (Merged with S,2006.0,CF,737-700,Jan,2005.0,North America,2.0,2.0
Norway,SAS Norway,1977.0,PW,737-200,Feb,1977.0,Europe,1.0,1.0
USA,777 Partners,2022.0,CF,737 MAX,Mar,2021.0,North America,2.0,2.0
South Korea,Republic of Korea Air Force,1985.0,CF,737-300,Jan,1985.0,East Asia,1.0,1.0
Serbia,Pan Adria,1973.0,PW,DC-9,May,1972.0,Europe,1.0,1.0
Germany,Air Berlin,2002.0,CF,737-800,Feb,2001.0,Europe,2.0,2.0
Russian Federation,BLF Ltd.,2011.0,CF,737-800,Nov,2006.0,Europe,2.0,2.0
Lebanon,Middle East Airlines,1968.0,PW,707/720,Aug,1968.0,Middle East,2.0,2.0
China,Air China,1999.0,PW,747-400M,Jan,1997.0,East Asia,1.0,1.0
Thailand,Thai Airways International,2001.0,GE,747-400,Feb,2001.0,Southeast Asia,2.0,2.0
India,SpiceJet,2007.0,CF,737-800,Feb,2005.0,South Asia,6.0,6.0
USA,Pacific Southwest Airlines,1966.0,PW,727,Jan,1965.0,North America,1.0,1.0
Ireland,Timaero Ireland Limited,2015.0,CF,737-800,Feb,2014.0,Europe,4.0,4.0
USA,FAA,1966.0,PW,727,Jul,1966.0,North America,1.0,1.0
Australia,Virgin Australia Airlines,2017.0,CF,737-800,Jan,2012.0,Oceania,1.0,1.0
Canada,Canadian Air Force,1971.0,PW,707/720,Mar,1971.0,North America,1.0,1.0
Mexico,Government of Mexico,1987.0,RR,757-200,Nov,1987.0,Central America and Mexico,1.0,1.0
Italy,Aero Trasporti Italiani,1970.0,PW,DC-9,Feb,1969.0,Europe,1.0,1.0
Egypt,AMC Airlines,1997.0,RR,MD-90,Mar,1997.0,Africa,1.0,1.0
Switzerland,PrivatAir,2015.0,RR,787-8,Nov,2006.0,Europe,1.0,1.0
USA,Hughes Airwest Inc.,1968.0,PW,DC-9,Feb,1966.0,North America,2.0,2.0
Egypt,EgyptAir,2016.0,CF,737-800,Feb,2016.0,Africa,1.0,1.0
United Kingdom,Flightpath,,CF,737-300,Sep,1986.0,Europe,1.0,1.0
Uzbekistan,Uzbekistan Airways,2007.0,PW,,,2006.0,Central Asia,1.0,1.0
Congo the Democratic Republic,Lignes Aeriennes de Congolaise,1973.0,GE,DC-10,Feb,1973.0,Africa,1.0,1.0
Singapore,Singapore Airlines,1979.0,PW,747-200,Jan,1978.0,Southeast Asia,2.0,2.0
United Kingdom,British Eagle International,1967.0,PW,707/720,Jan,1967.0,Europe,1.0,1.0
