Breed int,Ageinyears float,Ageinmonths int,Gender int,Neuteredorspayed int,Bodylength int,Weight int,Furcolourdominant int,Furpattern int,Eyecolour int,Allowedoutdoor int,Preferredfood int,Ownerplaytimeminutes int,Sleeptimehours int,Country int
,0.25,,0.0,0.0,19.0,2.0,5.0,3.0,1.0,0.0,1.0,46.0,16.0,1.0
0.0,0.33,4.0,1.0,0.0,19.0,2.5,5.0,3.0,1.0,,1.0,48.0,16.0,1.0
0.0,0.5,6.0,1.0,0.0,20.0,,0.0,3.0,2.0,0.0,1.0,41.0,11.0,1.0
0.0,0.5,6.0,0.0,0.0,21.0,3.0,5.0,3.0,1.0,0.0,1.0,24.0,8.0,
0.0,0.5,6.0,1.0,,21.0,3.0,3.0,4.0,2.0,0.0,1.0,51.0,10.0,1.0
0.0,0.5,6.0,0.0,0.0,21.0,3.0,5.0,3.0,0.0,0.0,1.0,30.0,10.0,1.0
0.0,0.58,7.0,1.0,0.0,22.0,3.0,5.0,3.0,0.0,0.0,1.0,47.0,9.0,1.0
,0.58,7.0,1.0,0.0,23.0,3.0,,3.0,1.0,0.0,1.0,55.0,11.0,1.0
0.0,,7.0,0.0,0.0,25.0,3.0,0.0,5.0,1.0,0.0,1.0,20.0,,1.0
0.0,0.67,8.0,0.0,0.0,25.0,3.0,5.0,3.0,1.0,0.0,1.0,33.0,17.0,1.0
,0.67,8.0,0.0,,26.0,3.0,,3.0,,0.0,1.0,39.0,18.0,1.0
0.0,0.67,8.0,,1.0,26.0,3.3,5.0,3.0,0.0,0.0,1.0,38.0,19.0,1.0
0.0,0.75,9.0,1.0,1.0,27.0,3.3,5.0,3.0,0.0,0.0,,46.0,16.0,1.0
0.0,1.08,13.0,1.0,0.0,28.0,3.2,5.0,,1.0,0.0,1.0,35.0,14.0,1.0
0.0,1.33,16.0,1.0,1.0,30.0,3.5,3.0,4.0,1.0,0.0,0.0,38.0,20.0,1.0
0.0,0.83,10.0,1.0,0.0,31.0,3.4,5.0,3.0,2.0,0.0,0.0,56.0,17.0,
0.0,1.42,17.0,0.0,1.0,31.0,3.9,5.0,3.0,2.0,0.0,1.0,48.0,14.0,1.0
0.0,0.92,11.0,0.0,,31.0,3.9,5.0,3.0,0.0,0.0,1.0,55.0,19.0,1.0
0.0,1.0,,1.0,0.0,31.0,3.5,5.0,3.0,1.0,1.0,1.0,42.0,14.0,1.0
0.0,1.0,12.0,1.0,1.0,35.0,3.9,5.0,3.0,0.0,0.0,1.0,41.0,17.0,1.0
0.0,4.33,52.0,1.0,0.0,25.0,4.0,5.0,3.0,1.0,0.0,0.0,36.0,14.0,1.0
0.0,1.17,14.0,0.0,0.0,34.0,3.8,5.0,3.0,1.0,1.0,1.0,23.0,17.0,1.0
0.0,,36.0,1.0,,38.0,5.0,5.0,3.0,0.0,0.0,1.0,16.0,14.0,
0.0,1.17,14.0,0.0,1.0,25.0,3.0,5.0,3.0,0.0,0.0,,19.0,17.0,1.0
0.0,4.0,48.0,1.0,1.0,39.0,4.6,5.0,3.0,0.0,0.0,1.0,33.0,14.0,
0.0,5.83,70.0,1.0,1.0,,4.6,0.0,3.0,2.0,1.0,0.0,9.0,16.0,1.0
,1.25,15.0,0.0,1.0,26.0,3.4,5.0,3.0,1.0,0.0,1.0,25.0,15.0,1.0
0.0,5.33,64.0,1.0,1.0,44.0,4.6,5.0,3.0,1.0,1.0,1.0,20.0,16.0,1.0
0.0,1.25,15.0,1.0,1.0,40.0,3.8,3.0,4.0,1.0,0.0,1.0,35.0,17.0,1.0
0.0,4.92,59.0,1.0,0.0,41.0,5.0,,3.0,,0.0,,31.0,14.0,1.0
0.0,1.5,18.0,1.0,0.0,40.0,3.6,5.0,3.0,1.0,0.0,1.0,27.0,14.0,1.0
0.0,1.58,19.0,0.0,1.0,33.0,3.5,5.0,3.0,0.0,0.0,,18.0,18.0,1.0
0.0,1.58,,0.0,1.0,33.0,3.2,5.0,3.0,0.0,1.0,1.0,12.0,19.0,1.0
0.0,4.5,54.0,1.0,1.0,37.0,5.6,5.0,3.0,1.0,0.0,1.0,9.0,,1.0
0.0,4.75,57.0,1.0,0.0,41.0,4.2,,3.0,1.0,1.0,0.0,19.0,14.0,1.0
0.0,1.67,20.0,0.0,1.0,35.0,5.0,5.0,3.0,0.0,0.0,1.0,10.0,15.0,1.0
0.0,1.67,20.0,1.0,1.0,28.0,3.1,5.0,3.0,0.0,1.0,1.0,39.0,18.0,1.0
0.0,1.67,20.0,1.0,0.0,36.0,3.9,0.0,3.0,2.0,0.0,1.0,35.0,19.0,1.0
0.0,1.75,21.0,0.0,1.0,28.0,4.9,5.0,3.0,0.0,0.0,1.0,10.0,17.0,1.0
0.0,1.75,21.0,0.0,1.0,34.0,4.7,,3.0,1.0,0.0,0.0,,19.0,1.0
0.0,1.75,21.0,0.0,0.0,34.0,4.0,5.0,3.0,1.0,1.0,1.0,25.0,20.0,1.0
0.0,1.83,22.0,0.0,1.0,22.0,,0.0,3.0,2.0,0.0,1.0,40.0,20.0,1.0
0.0,1.83,22.0,1.0,0.0,41.0,4.7,5.0,3.0,1.0,0.0,0.0,45.0,20.0,1.0
0.0,1.83,22.0,0.0,1.0,24.0,4.3,0.0,0.0,0.0,1.0,1.0,30.0,16.0,1.0
0.0,1.92,23.0,0.0,0.0,35.0,2.7,5.0,3.0,0.0,0.0,0.0,21.0,18.0,1.0
0.0,1.92,23.0,0.0,,33.0,3.4,5.0,3.0,,,1.0,,16.0,1.0
0.0,2.0,24.0,0.0,0.0,32.0,2.4,0.0,3.0,2.0,0.0,1.0,11.0,14.0,1.0
0.0,2.0,24.0,0.0,1.0,35.0,3.8,5.0,3.0,1.0,0.0,1.0,15.0,,1.0
0.0,2.0,24.0,1.0,1.0,38.0,3.7,5.0,3.0,1.0,1.0,0.0,23.0,16.0,1.0
0.0,2.08,25.0,0.0,0.0,33.0,2.9,5.0,3.0,0.0,0.0,1.0,36.0,14.0,
0.0,2.08,25.0,1.0,0.0,41.0,4.1,0.0,3.0,2.0,0.0,1.0,11.0,16.0,1.0
0.0,2.17,26.0,0.0,1.0,35.0,2.6,5.0,3.0,1.0,0.0,1.0,28.0,17.0,1.0
0.0,2.25,27.0,1.0,0.0,38.0,4.6,3.0,4.0,,0.0,1.0,11.0,14.0,1.0
0.0,2.25,27.0,0.0,0.0,34.0,3.7,0.0,3.0,2.0,0.0,1.0,10.0,14.0,1.0
0.0,2.25,,1.0,1.0,25.0,3.1,5.0,3.0,0.0,,1.0,39.0,16.0,1.0
0.0,2.25,27.0,1.0,1.0,38.0,5.3,5.0,3.0,0.0,0.0,1.0,39.0,14.0,1.0
,2.33,28.0,0.0,0.0,36.0,4.0,,3.0,1.0,0.0,0.0,19.0,14.0,1.0
0.0,2.33,28.0,0.0,0.0,36.0,2.4,5.0,3.0,1.0,0.0,1.0,19.0,16.0,1.0
0.0,2.33,28.0,1.0,1.0,39.0,3.9,5.0,3.0,1.0,0.0,1.0,34.0,,1.0
0.0,2.33,28.0,0.0,1.0,36.0,3.3,5.0,3.0,0.0,0.0,0.0,32.0,17.0,1.0
0.0,2.33,28.0,0.0,1.0,39.0,2.7,0.0,3.0,2.0,1.0,0.0,33.0,14.0,1.0
0.0,2.42,29.0,,,39.0,4.3,5.0,3.0,1.0,0.0,1.0,37.0,14.0,1.0
0.0,2.5,30.0,0.0,1.0,35.0,3.6,5.0,3.0,2.0,0.0,1.0,,14.0,1.0
0.0,2.5,30.0,1.0,0.0,37.0,,5.0,3.0,0.0,0.0,1.0,44.0,16.0,1.0
0.0,2.58,31.0,,1.0,40.0,4.5,3.0,3.0,1.0,0.0,1.0,38.0,14.0,1.0
0.0,2.58,31.0,0.0,0.0,32.0,3.0,5.0,3.0,1.0,0.0,0.0,30.0,16.0,1.0
0.0,2.67,32.0,0.0,1.0,38.0,3.9,3.0,3.0,1.0,,1.0,37.0,14.0,1.0
0.0,2.67,32.0,1.0,0.0,40.0,,0.0,3.0,1.0,0.0,0.0,30.0,14.0,1.0
0.0,2.67,32.0,0.0,1.0,34.0,3.9,0.0,3.0,2.0,1.0,0.0,21.0,14.0,1.0
0.0,2.92,35.0,0.0,1.0,34.0,4.1,5.0,3.0,2.0,1.0,1.0,28.0,14.0,
0.0,2.92,35.0,0.0,1.0,32.0,2.5,5.0,,0.0,0.0,,33.0,14.0,1.0
0.0,2.92,35.0,,1.0,41.0,,5.0,3.0,0.0,0.0,1.0,21.0,14.0,4.0
0.0,2.92,35.0,1.0,0.0,39.0,4.1,5.0,3.0,1.0,0.0,1.0,28.0,14.0,4.0
0.0,3.0,36.0,1.0,1.0,39.0,4.4,,3.0,2.0,,0.0,16.0,15.0,4.0
0.0,3.0,36.0,1.0,0.0,39.0,4.8,5.0,3.0,1.0,0.0,1.0,44.0,14.0,4.0
0.0,3.08,37.0,1.0,1.0,39.0,5.1,3.0,4.0,1.0,0.0,0.0,25.0,16.0,4.0
0.0,3.08,37.0,1.0,1.0,38.0,3.7,0.0,3.0,2.0,1.0,1.0,25.0,14.0,4.0
0.0,3.08,37.0,1.0,1.0,40.0,5.3,5.0,3.0,1.0,0.0,0.0,11.0,14.0,1.0
0.0,3.17,38.0,0.0,0.0,36.0,4.0,5.0,3.0,,0.0,1.0,11.0,14.0,4.0
0.0,3.25,39.0,,0.0,40.0,4.5,0.0,0.0,1.0,0.0,1.0,12.0,16.0,4.0
0.0,3.42,41.0,1.0,1.0,41.0,4.4,,3.0,0.0,0.0,0.0,24.0,17.0,4.0
0.0,,42.0,1.0,1.0,39.0,4.8,0.0,3.0,1.0,0.0,1.0,15.0,16.0,4.0
0.0,3.5,42.0,1.0,1.0,40.0,3.9,5.0,3.0,,1.0,0.0,13.0,16.0,4.0
0.0,3.5,42.0,0.0,0.0,33.0,4.3,5.0,3.0,,0.0,,37.0,14.0,
0.0,,43.0,0.0,1.0,35.0,3.4,5.0,3.0,1.0,,0.0,23.0,16.0,
0.0,3.58,43.0,0.0,1.0,34.0,3.3,5.0,3.0,1.0,0.0,1.0,20.0,14.0,4.0
0.0,3.67,44.0,1.0,0.0,39.0,4.5,5.0,3.0,0.0,0.0,1.0,23.0,14.0,4.0
0.0,3.67,44.0,1.0,0.0,37.0,4.6,5.0,3.0,0.0,0.0,1.0,32.0,14.0,1.0
0.0,3.67,44.0,1.0,1.0,37.0,4.2,5.0,3.0,1.0,0.0,1.0,33.0,14.0,4.0
0.0,3.75,45.0,,1.0,,3.9,5.0,3.0,1.0,0.0,1.0,38.0,14.0,4.0
,3.83,46.0,1.0,0.0,37.0,4.1,5.0,3.0,2.0,0.0,1.0,,16.0,4.0
0.0,3.83,46.0,1.0,1.0,40.0,4.8,0.0,0.0,0.0,,1.0,11.0,15.0,4.0
0.0,3.83,46.0,1.0,0.0,39.0,4.0,3.0,4.0,1.0,0.0,0.0,18.0,14.0,1.0
0.0,3.92,47.0,0.0,1.0,34.0,4.7,5.0,3.0,0.0,0.0,0.0,25.0,14.0,4.0
,3.92,47.0,0.0,1.0,37.0,3.3,0.0,3.0,0.0,0.0,0.0,25.0,,4.0
0.0,3.92,47.0,0.0,1.0,,2.8,5.0,3.0,1.0,0.0,1.0,28.0,14.0,4.0
0.0,3.92,47.0,1.0,0.0,39.0,4.4,5.0,,1.0,0.0,1.0,23.0,15.0,4.0
0.0,4.0,48.0,1.0,1.0,36.0,4.8,5.0,3.0,2.0,0.0,1.0,28.0,17.0,4.0
0.0,4.08,49.0,1.0,0.0,37.0,4.8,5.0,3.0,2.0,0.0,1.0,38.0,14.0,4.0
0.0,4.08,49.0,0.0,0.0,35.0,4.7,5.0,3.0,1.0,0.0,1.0,11.0,14.0,4.0
0.0,4.08,49.0,1.0,1.0,37.0,5.6,5.0,3.0,1.0,0.0,1.0,12.0,14.0,4.0
0.0,4.17,,0.0,1.0,37.0,3.8,5.0,3.0,0.0,0.0,0.0,23.0,14.0,4.0
0.0,4.17,50.0,1.0,0.0,41.0,4.5,5.0,3.0,,0.0,1.0,24.0,16.0,4.0
0.0,4.17,50.0,0.0,1.0,35.0,2.8,5.0,3.0,0.0,,0.0,28.0,14.0,4.0
0.0,4.25,51.0,1.0,1.0,37.0,4.6,5.0,3.0,0.0,0.0,0.0,36.0,14.0,1.0
0.0,,52.0,0.0,1.0,34.0,4.3,5.0,3.0,1.0,0.0,1.0,37.0,16.0,4.0
,4.33,52.0,0.0,1.0,35.0,3.8,0.0,3.0,0.0,0.0,1.0,30.0,14.0,4.0
0.0,4.33,52.0,0.0,1.0,32.0,2.4,5.0,3.0,1.0,0.0,1.0,40.0,,4.0
0.0,4.42,53.0,1.0,0.0,39.0,4.4,5.0,3.0,1.0,0.0,1.0,34.0,16.0,4.0
0.0,4.5,54.0,1.0,,41.0,5.1,5.0,3.0,0.0,0.0,0.0,19.0,14.0,4.0
0.0,4.5,54.0,1.0,0.0,39.0,4.3,5.0,3.0,1.0,0.0,1.0,39.0,16.0,4.0
0.0,4.58,55.0,0.0,0.0,35.0,3.4,5.0,3.0,1.0,0.0,1.0,36.0,14.0,4.0
0.0,4.58,55.0,0.0,1.0,37.0,2.5,5.0,3.0,0.0,1.0,1.0,39.0,17.0,4.0
0.0,4.58,55.0,1.0,,35.0,4.3,5.0,3.0,0.0,0.0,0.0,36.0,17.0,4.0
0.0,4.58,55.0,,1.0,37.0,3.4,5.0,3.0,0.0,0.0,0.0,24.0,14.0,4.0
0.0,4.58,55.0,1.0,1.0,38.0,5.1,3.0,3.0,1.0,0.0,1.0,17.0,14.0,
0.0,4.75,57.0,0.0,,38.0,3.9,5.0,3.0,0.0,0.0,1.0,,16.0,4.0
0.0,4.75,57.0,0.0,,38.0,3.1,5.0,3.0,0.0,0.0,0.0,23.0,,4.0
0.0,4.75,57.0,1.0,0.0,37.0,4.0,5.0,3.0,1.0,0.0,0.0,32.0,16.0,4.0
0.0,4.83,58.0,1.0,1.0,40.0,4.5,5.0,3.0,0.0,0.0,1.0,18.0,14.0,4.0
0.0,4.83,58.0,0.0,1.0,37.0,3.0,5.0,3.0,0.0,0.0,1.0,20.0,14.0,1.0
0.0,4.83,58.0,1.0,0.0,,3.7,5.0,3.0,1.0,0.0,1.0,32.0,17.0,
0.0,4.92,59.0,1.0,1.0,36.0,4.4,5.0,3.0,2.0,0.0,0.0,29.0,16.0,4.0
0.0,4.92,59.0,1.0,0.0,41.0,4.9,5.0,3.0,0.0,0.0,1.0,14.0,14.0,4.0
0.0,4.92,59.0,,1.0,40.0,4.0,3.0,4.0,0.0,1.0,1.0,31.0,14.0,4.0
0.0,4.92,59.0,0.0,1.0,38.0,4.6,5.0,3.0,1.0,0.0,1.0,28.0,17.0,4.0
0.0,5.0,60.0,0.0,1.0,39.0,4.7,5.0,,,0.0,0.0,32.0,14.0,4.0
0.0,,60.0,1.0,1.0,37.0,5.2,,3.0,0.0,0.0,0.0,29.0,14.0,4.0
0.0,5.08,61.0,1.0,1.0,,4.7,5.0,3.0,0.0,0.0,,31.0,14.0,4.0
0.0,5.08,61.0,0.0,0.0,39.0,,5.0,3.0,1.0,0.0,,27.0,16.0,
0.0,5.08,61.0,0.0,1.0,37.0,,5.0,3.0,1.0,0.0,0.0,29.0,14.0,4.0
0.0,5.17,62.0,0.0,0.0,39.0,3.9,5.0,3.0,,0.0,0.0,35.0,17.0,2.0
0.0,5.17,62.0,0.0,1.0,34.0,3.4,5.0,3.0,2.0,0.0,0.0,9.0,14.0,2.0
0.0,5.17,62.0,0.0,1.0,38.0,3.9,5.0,3.0,2.0,1.0,1.0,9.0,,2.0
0.0,5.17,62.0,0.0,0.0,38.0,2.7,5.0,3.0,0.0,0.0,1.0,27.0,14.0,2.0
0.0,5.17,62.0,1.0,1.0,36.0,4.3,5.0,3.0,0.0,0.0,1.0,19.0,14.0,2.0
0.0,5.17,62.0,1.0,1.0,40.0,4.9,5.0,3.0,1.0,0.0,1.0,39.0,14.0,2.0
0.0,5.17,62.0,1.0,0.0,36.0,3.5,5.0,3.0,1.0,0.0,1.0,37.0,14.0,2.0
0.0,5.17,62.0,0.0,0.0,,4.1,5.0,3.0,,0.0,1.0,17.0,16.0,2.0
0.0,5.25,63.0,0.0,1.0,31.0,2.4,5.0,3.0,,0.0,1.0,29.0,16.0,2.0
,5.25,63.0,0.0,,37.0,3.1,5.0,3.0,1.0,0.0,0.0,23.0,14.0,2.0
0.0,5.33,64.0,0.0,1.0,35.0,3.4,5.0,3.0,1.0,0.0,0.0,26.0,14.0,2.0
0.0,5.33,64.0,1.0,0.0,36.0,4.5,5.0,3.0,1.0,0.0,1.0,9.0,14.0,2.0
0.0,5.33,64.0,0.0,1.0,37.0,2.9,5.0,3.0,1.0,1.0,0.0,16.0,14.0,2.0
0.0,5.42,65.0,1.0,1.0,38.0,4.3,0.0,3.0,0.0,0.0,1.0,23.0,17.0,2.0
0.0,5.42,,0.0,0.0,39.0,4.1,5.0,3.0,1.0,0.0,,27.0,17.0,2.0
0.0,5.5,66.0,1.0,1.0,40.0,5.2,5.0,3.0,2.0,0.0,0.0,17.0,14.0,2.0
0.0,5.58,67.0,1.0,0.0,40.0,4.4,0.0,3.0,1.0,,1.0,27.0,14.0,2.0
0.0,,68.0,1.0,1.0,39.0,5.5,5.0,3.0,1.0,0.0,1.0,12.0,14.0,2.0
0.0,5.67,68.0,1.0,0.0,41.0,4.3,5.0,3.0,1.0,0.0,0.0,24.0,14.0,2.0
0.0,5.67,68.0,1.0,1.0,,5.1,5.0,3.0,2.0,0.0,0.0,37.0,14.0,
0.0,5.67,68.0,1.0,,37.0,5.3,3.0,4.0,1.0,0.0,1.0,,15.0,2.0
0.0,5.75,69.0,1.0,0.0,39.0,4.4,5.0,3.0,0.0,0.0,0.0,39.0,15.0,
0.0,5.75,69.0,0.0,1.0,38.0,4.4,0.0,0.0,0.0,,0.0,18.0,14.0,4.0
0.0,5.75,69.0,,1.0,38.0,3.2,5.0,3.0,0.0,,1.0,25.0,15.0,4.0
0.0,5.75,,0.0,1.0,31.0,3.1,5.0,3.0,1.0,0.0,1.0,9.0,15.0,4.0
,,71.0,0.0,,39.0,4.8,5.0,3.0,2.0,0.0,1.0,12.0,16.0,4.0
0.0,5.92,71.0,1.0,0.0,38.0,4.3,,3.0,2.0,0.0,0.0,,13.0,4.0
0.0,5.92,71.0,1.0,1.0,,3.9,5.0,3.0,0.0,0.0,1.0,,13.0,4.0
0.0,5.92,71.0,0.0,1.0,36.0,4.7,5.0,3.0,0.0,0.0,0.0,29.0,16.0,4.0
0.0,6.0,72.0,1.0,0.0,36.0,4.8,5.0,3.0,1.0,0.0,1.0,33.0,17.0,4.0
0.0,6.0,72.0,0.0,0.0,36.0,3.6,5.0,3.0,2.0,0.0,0.0,26.0,13.0,1.0
0.0,6.08,73.0,1.0,1.0,38.0,4.4,5.0,3.0,1.0,0.0,1.0,16.0,14.0,4.0
0.0,,73.0,0.0,1.0,38.0,3.4,5.0,3.0,1.0,0.0,1.0,38.0,16.0,4.0
0.0,6.08,73.0,1.0,0.0,41.0,3.7,,3.0,1.0,0.0,0.0,39.0,16.0,4.0
0.0,6.25,75.0,1.0,0.0,39.0,4.2,5.0,3.0,,0.0,1.0,24.0,13.0,4.0
0.0,6.25,75.0,1.0,0.0,38.0,3.6,5.0,3.0,0.0,0.0,1.0,23.0,16.0,
0.0,6.25,75.0,1.0,0.0,41.0,,5.0,3.0,,0.0,1.0,24.0,13.0,4.0
0.0,6.33,,0.0,0.0,37.0,3.1,5.0,3.0,2.0,0.0,0.0,30.0,13.0,
0.0,6.42,,1.0,1.0,36.0,4.7,5.0,3.0,0.0,0.0,1.0,12.0,16.0,4.0
0.0,6.5,78.0,0.0,1.0,37.0,4.5,3.0,3.0,1.0,0.0,1.0,30.0,17.0,4.0
0.0,6.5,78.0,1.0,1.0,36.0,4.0,5.0,3.0,1.0,1.0,0.0,18.0,16.0,4.0
0.0,6.5,78.0,1.0,0.0,39.0,4.2,0.0,0.0,0.0,,1.0,15.0,17.0,4.0
0.0,6.5,78.0,0.0,0.0,,3.8,,3.0,1.0,,1.0,21.0,14.0,
0.0,6.5,78.0,0.0,1.0,38.0,5.2,5.0,3.0,1.0,0.0,1.0,9.0,13.0,4.0
,6.58,79.0,1.0,0.0,40.0,4.2,3.0,4.0,1.0,0.0,1.0,12.0,14.0,4.0
0.0,6.58,79.0,1.0,1.0,41.0,3.8,3.0,4.0,2.0,0.0,0.0,23.0,16.0,4.0
0.0,6.58,79.0,1.0,0.0,41.0,3.9,5.0,3.0,0.0,0.0,0.0,16.0,17.0,0.0
0.0,6.67,80.0,,1.0,40.0,4.8,5.0,3.0,1.0,0.0,0.0,13.0,14.0,
0.0,6.67,80.0,0.0,0.0,34.0,2.2,5.0,3.0,0.0,,0.0,34.0,17.0,0.0
0.0,6.75,81.0,0.0,0.0,37.0,2.4,5.0,3.0,1.0,0.0,0.0,16.0,14.0,0.0
0.0,6.75,81.0,1.0,1.0,39.0,4.4,5.0,3.0,0.0,0.0,0.0,24.0,14.0,0.0
0.0,6.75,81.0,1.0,1.0,40.0,4.5,5.0,3.0,1.0,1.0,1.0,17.0,14.0,0.0
0.0,6.83,82.0,0.0,0.0,37.0,2.8,5.0,3.0,0.0,0.0,,36.0,14.0,0.0
0.0,6.92,83.0,1.0,1.0,41.0,4.7,5.0,,1.0,0.0,1.0,26.0,14.0,0.0
0.0,,83.0,1.0,1.0,38.0,4.5,5.0,,0.0,0.0,1.0,32.0,16.0,0.0
0.0,6.92,83.0,0.0,1.0,39.0,4.3,5.0,3.0,0.0,0.0,1.0,22.0,14.0,0.0
0.0,7.0,84.0,1.0,1.0,40.0,4.7,5.0,3.0,1.0,1.0,,20.0,14.0,0.0
0.0,7.0,84.0,1.0,1.0,39.0,4.4,5.0,3.0,0.0,0.0,0.0,16.0,14.0,0.0
0.0,7.08,85.0,0.0,0.0,35.0,2.5,5.0,3.0,1.0,0.0,1.0,27.0,14.0,0.0
,7.17,86.0,1.0,1.0,40.0,5.4,5.0,3.0,0.0,0.0,1.0,9.0,20.0,0.0
0.0,7.25,87.0,1.0,0.0,39.0,4.0,,3.0,2.0,0.0,1.0,37.0,20.0,0.0
0.0,7.25,87.0,1.0,1.0,36.0,4.9,5.0,3.0,0.0,0.0,0.0,29.0,,0.0
0.0,7.25,87.0,1.0,0.0,38.0,4.4,5.0,3.0,0.0,0.0,1.0,27.0,16.0,0.0
0.0,7.25,87.0,0.0,0.0,33.0,4.0,0.0,0.0,0.0,0.0,0.0,16.0,14.0,0.0
0.0,7.25,87.0,1.0,0.0,40.0,4.2,5.0,3.0,1.0,0.0,0.0,17.0,19.0,0.0
,7.25,87.0,1.0,1.0,40.0,5.4,3.0,4.0,1.0,0.0,1.0,12.0,20.0,4.0
0.0,7.25,87.0,0.0,1.0,33.0,2.5,5.0,3.0,1.0,,0.0,23.0,18.0,4.0
0.0,,88.0,1.0,0.0,41.0,3.9,0.0,0.0,1.0,0.0,0.0,27.0,14.0,4.0
0.0,7.42,89.0,0.0,,35.0,3.9,5.0,3.0,1.0,1.0,0.0,25.0,19.0,4.0
0.0,7.42,89.0,0.0,1.0,34.0,3.3,5.0,3.0,0.0,0.0,1.0,,14.0,4.0
0.0,7.58,91.0,1.0,1.0,39.0,5.4,5.0,,0.0,0.0,1.0,5.0,14.0,4.0
0.0,7.58,91.0,1.0,,40.0,5.5,3.0,4.0,1.0,0.0,0.0,14.0,14.0,4.0
0.0,7.67,92.0,1.0,0.0,36.0,4.9,5.0,3.0,1.0,0.0,0.0,31.0,18.0,4.0
,7.67,92.0,1.0,1.0,40.0,5.3,0.0,3.0,1.0,0.0,0.0,39.0,18.0,4.0
0.0,7.75,93.0,0.0,1.0,33.0,,,3.0,1.0,1.0,1.0,26.0,18.0,4.0
,7.75,93.0,,1.0,42.0,4.7,5.0,3.0,2.0,0.0,1.0,16.0,14.0,4.0
0.0,7.75,93.0,0.0,0.0,37.0,2.8,5.0,3.0,2.0,0.0,0.0,28.0,18.0,4.0
0.0,7.75,93.0,1.0,1.0,37.0,4.2,5.0,3.0,1.0,0.0,1.0,15.0,18.0,4.0
0.0,7.75,93.0,1.0,0.0,41.0,3.8,0.0,3.0,1.0,0.0,1.0,30.0,20.0,4.0
0.0,7.83,94.0,1.0,0.0,37.0,3.5,5.0,3.0,0.0,0.0,1.0,25.0,14.0,4.0
0.0,7.83,94.0,1.0,1.0,38.0,4.6,5.0,3.0,0.0,0.0,1.0,37.0,14.0,4.0
0.0,7.83,94.0,1.0,1.0,38.0,4.0,,3.0,0.0,0.0,0.0,27.0,16.0,4.0
0.0,7.83,94.0,1.0,1.0,40.0,5.3,5.0,3.0,0.0,0.0,1.0,25.0,18.0,4.0
0.0,7.83,94.0,0.0,1.0,33.0,4.0,5.0,0.0,1.0,1.0,1.0,10.0,16.0,4.0
0.0,7.83,94.0,1.0,0.0,40.0,4.3,5.0,3.0,1.0,0.0,1.0,25.0,18.0,
0.0,7.83,94.0,1.0,1.0,39.0,5.0,3.0,3.0,1.0,0.0,1.0,24.0,16.0,4.0
0.0,7.92,95.0,1.0,1.0,39.0,3.8,5.0,3.0,0.0,0.0,1.0,32.0,19.0,4.0
0.0,8.0,96.0,0.0,0.0,37.0,3.4,0.0,0.0,1.0,0.0,1.0,29.0,17.0,4.0
0.0,8.0,96.0,1.0,0.0,36.0,4.5,5.0,3.0,,0.0,0.0,28.0,16.0,4.0
0.0,8.0,96.0,0.0,1.0,34.0,4.9,5.0,3.0,0.0,0.0,1.0,17.0,19.0,4.0
0.0,7.17,86.0,1.0,0.0,36.0,3.5,3.0,,1.0,0.0,0.0,29.0,20.0,4.0
0.0,8.08,97.0,0.0,0.0,33.0,3.1,5.0,3.0,0.0,0.0,1.0,18.0,19.0,4.0
0.0,8.08,97.0,1.0,,41.0,4.2,0.0,0.0,0.0,1.0,1.0,9.0,18.0,4.0
0.0,8.08,97.0,1.0,1.0,37.0,3.8,3.0,4.0,1.0,0.0,,27.0,16.0,4.0
0.0,4.0,48.0,0.0,1.0,36.0,2.4,,3.0,1.0,1.0,1.0,14.0,14.0,4.0
0.0,8.25,99.0,0.0,1.0,34.0,3.6,5.0,3.0,0.0,0.0,1.0,25.0,19.0,4.0
0.0,4.17,50.0,0.0,0.0,35.0,2.8,5.0,3.0,1.0,0.0,0.0,20.0,14.0,4.0
0.0,5.08,61.0,0.0,0.0,36.0,2.3,5.0,3.0,1.0,0.0,0.0,16.0,16.0,4.0
0.0,4.58,55.0,0.0,1.0,35.0,2.8,5.0,3.0,,,0.0,25.0,17.0,4.0
0.0,8.5,102.0,1.0,0.0,40.0,4.0,5.0,3.0,1.0,0.0,0.0,18.0,14.0,4.0
0.0,7.08,85.0,1.0,,36.0,4.8,0.0,0.0,1.0,1.0,1.0,9.0,16.0,4.0
0.0,7.0,84.0,0.0,0.0,,3.0,5.0,3.0,,0.0,0.0,34.0,14.0,4.0
0.0,8.58,103.0,1.0,0.0,39.0,4.4,5.0,3.0,0.0,0.0,,18.0,16.0,4.0
0.0,7.17,,0.0,0.0,38.0,4.6,5.0,3.0,1.0,0.0,1.0,21.0,14.0,4.0
0.0,8.58,103.0,1.0,1.0,52.0,5.0,3.0,3.0,1.0,0.0,1.0,30.0,16.0,4.0
0.0,8.67,104.0,0.0,1.0,35.0,4.1,5.0,3.0,0.0,0.0,0.0,,16.0,4.0
,4.75,57.0,0.0,1.0,34.0,2.7,5.0,3.0,1.0,1.0,1.0,22.0,14.0,4.0
0.0,6.83,82.0,0.0,1.0,36.0,3.6,5.0,3.0,1.0,0.0,1.0,32.0,17.0,4.0
0.0,7.5,90.0,0.0,0.0,36.0,3.5,5.0,3.0,2.0,0.0,1.0,16.0,14.0,4.0
0.0,7.58,,1.0,0.0,36.0,3.6,5.0,3.0,1.0,0.0,1.0,39.0,18.0,4.0
0.0,8.92,107.0,0.0,1.0,,4.5,0.0,0.0,0.0,0.0,0.0,13.0,19.0,4.0
0.0,6.75,81.0,0.0,0.0,33.0,2.9,5.0,3.0,2.0,0.0,1.0,20.0,16.0,4.0
0.0,9.0,108.0,0.0,1.0,38.0,3.7,5.0,3.0,0.0,1.0,0.0,6.0,17.0,4.0
0.0,7.33,88.0,0.0,0.0,39.0,4.3,5.0,,0.0,0.0,1.0,16.0,13.0,4.0
0.0,5.17,62.0,0.0,0.0,36.0,2.5,5.0,3.0,0.0,0.0,1.0,27.0,,4.0
0.0,9.08,109.0,1.0,1.0,58.0,5.2,0.0,0.0,1.0,0.0,1.0,30.0,20.0,4.0
,9.17,110.0,0.0,0.0,35.0,4.1,5.0,3.0,2.0,0.0,1.0,20.0,16.0,4.0
,6.5,78.0,1.0,1.0,39.0,3.5,5.0,3.0,0.0,0.0,1.0,25.0,17.0,4.0
0.0,9.25,111.0,1.0,,,5.0,5.0,3.0,0.0,0.0,1.0,27.0,16.0,4.0
0.0,9.25,111.0,1.0,0.0,38.0,3.9,5.0,3.0,0.0,0.0,1.0,22.0,19.0,4.0
0.0,9.33,112.0,0.0,0.0,36.0,3.9,5.0,3.0,2.0,0.0,1.0,25.0,14.0,4.0
0.0,8.33,100.0,1.0,1.0,41.0,4.1,5.0,,1.0,0.0,0.0,18.0,14.0,4.0
0.0,4.25,51.0,0.0,,33.0,2.7,5.0,3.0,0.0,0.0,0.0,38.0,17.0,4.0
0.0,6.42,77.0,0.0,1.0,36.0,2.5,5.0,,1.0,1.0,1.0,19.0,,4.0
0.0,9.5,114.0,0.0,1.0,38.0,4.1,5.0,3.0,1.0,0.0,1.0,18.0,19.0,4.0
0.0,9.58,115.0,1.0,1.0,36.0,4.0,5.0,3.0,2.0,0.0,0.0,28.0,16.0,4.0
0.0,3.0,36.0,0.0,1.0,39.0,3.1,5.0,3.0,0.0,0.0,1.0,28.0,13.0,4.0
0.0,9.58,115.0,1.0,1.0,61.0,,0.0,0.0,1.0,1.0,1.0,13.0,20.0,4.0
0.0,9.67,116.0,0.0,1.0,36.0,4.1,5.0,3.0,1.0,0.0,1.0,17.0,20.0,4.0
,5.92,71.0,0.0,1.0,35.0,3.3,5.0,3.0,1.0,0.0,1.0,34.0,13.0,4.0
0.0,9.67,116.0,1.0,0.0,39.0,5.2,5.0,3.0,0.0,0.0,0.0,14.0,18.0,4.0
0.0,,116.0,0.0,0.0,37.0,4.6,5.0,3.0,1.0,,1.0,11.0,20.0,4.0
0.0,6.33,76.0,0.0,1.0,38.0,4.8,5.0,3.0,1.0,0.0,0.0,16.0,13.0,3.0
0.0,8.42,101.0,1.0,0.0,40.0,,5.0,3.0,0.0,0.0,1.0,26.0,16.0,3.0
0.0,9.75,117.0,1.0,0.0,38.0,4.4,5.0,3.0,1.0,0.0,1.0,18.0,18.0,3.0
0.0,9.75,117.0,1.0,0.0,37.0,4.9,5.0,3.0,1.0,0.0,1.0,13.0,17.0,3.0
,4.0,48.0,0.0,1.0,37.0,2.6,0.0,0.0,1.0,0.0,1.0,30.0,14.0,3.0
0.0,3.0,36.0,0.0,1.0,,3.3,0.0,0.0,1.0,0.0,0.0,23.0,14.0,
0.0,9.83,118.0,0.0,0.0,35.0,,5.0,3.0,1.0,0.0,1.0,11.0,17.0,3.0
0.0,9.83,118.0,0.0,1.0,,2.9,5.0,3.0,0.0,1.0,0.0,,14.0,3.0
0.0,9.83,118.0,1.0,0.0,48.0,5.2,3.0,4.0,1.0,0.0,,22.0,16.0,3.0
0.0,8.42,101.0,0.0,1.0,36.0,4.0,5.0,3.0,1.0,1.0,1.0,18.0,20.0,3.0
0.0,4.92,59.0,0.0,1.0,35.0,,5.0,3.0,0.0,0.0,,38.0,13.0,3.0
0.0,7.08,85.0,1.0,0.0,40.0,5.0,0.0,5.0,1.0,0.0,1.0,39.0,17.0,3.0
0.0,5.08,61.0,0.0,0.0,33.0,,5.0,3.0,1.0,0.0,1.0,13.0,13.0,3.0
0.0,10.0,120.0,1.0,,36.0,3.8,5.0,3.0,0.0,0.0,1.0,23.0,,3.0
0.0,11.25,135.0,1.0,1.0,40.0,4.4,5.0,3.0,1.0,0.0,1.0,13.0,18.0,3.0
0.0,10.0,120.0,0.0,1.0,37.0,3.7,5.0,3.0,1.0,1.0,1.0,19.0,17.0,4.0
0.0,5.83,70.0,0.0,1.0,35.0,2.6,3.0,3.0,1.0,0.0,,23.0,13.0,4.0
1.0,0.25,3.0,0.0,0.0,22.0,3.3,1.0,4.0,1.0,0.0,1.0,50.0,,4.0
1.0,0.17,,1.0,0.0,25.0,3.7,5.0,3.0,1.0,0.0,1.0,60.0,16.0,4.0
1.0,0.42,5.0,1.0,0.0,25.0,3.3,1.0,,3.0,0.0,1.0,20.0,16.0,4.0
1.0,0.5,6.0,1.0,0.0,26.0,3.3,1.0,4.0,3.0,0.0,1.0,54.0,10.0,3.0
1.0,0.5,6.0,0.0,0.0,30.0,3.5,1.0,4.0,3.0,0.0,1.0,39.0,10.0,3.0
1.0,0.5,6.0,0.0,0.0,31.0,,5.0,3.0,1.0,0.0,1.0,24.0,16.0,3.0
1.0,0.5,6.0,0.0,0.0,34.0,3.0,0.0,5.0,3.0,0.0,1.0,41.0,13.0,3.0
1.0,0.58,7.0,1.0,0.0,35.0,3.7,5.0,3.0,1.0,0.0,1.0,54.0,16.0,3.0
1.0,0.67,8.0,0.0,1.0,36.0,3.2,,4.0,1.0,0.0,1.0,47.0,15.0,3.0
1.0,0.67,8.0,1.0,0.0,38.0,3.6,5.0,3.0,1.0,0.0,0.0,40.0,16.0,3.0
1.0,0.67,8.0,1.0,1.0,40.0,3.1,1.0,3.0,3.0,0.0,0.0,54.0,18.0,3.0
1.0,5.0,60.0,0.0,0.0,38.0,3.9,5.0,3.0,1.0,0.0,1.0,36.0,16.0,3.0
1.0,1.08,13.0,0.0,1.0,42.0,3.1,0.0,3.0,2.0,,1.0,40.0,19.0,3.0
1.0,0.75,9.0,0.0,0.0,34.0,3.6,5.0,3.0,1.0,0.0,1.0,,20.0,3.0
1.0,0.75,9.0,0.0,1.0,34.0,3.8,,4.0,3.0,0.0,1.0,31.0,19.0,
,1.08,13.0,0.0,0.0,31.0,3.0,5.0,3.0,1.0,0.0,0.0,28.0,16.0,3.0
1.0,0.75,9.0,1.0,0.0,52.0,3.4,0.0,0.0,3.0,0.0,,22.0,20.0,3.0
1.0,4.83,58.0,0.0,1.0,32.0,4.0,,0.0,3.0,0.0,1.0,21.0,13.0,3.0
1.0,3.67,44.0,0.0,1.0,53.0,4.0,1.0,4.0,3.0,0.0,1.0,32.0,13.0,3.0
1.0,4.75,57.0,1.0,1.0,56.0,4.0,3.0,4.0,1.0,,1.0,44.0,13.0,3.0
1.0,1.08,13.0,0.0,1.0,31.0,3.7,0.0,0.0,2.0,0.0,0.0,28.0,18.0,3.0
1.0,0.92,11.0,0.0,0.0,39.0,3.0,5.0,3.0,1.0,0.0,1.0,33.0,19.0,4.0
1.0,1.42,17.0,0.0,1.0,37.0,3.2,5.0,3.0,1.0,0.0,1.0,27.0,18.0,4.0
1.0,1.0,12.0,1.0,1.0,28.0,3.6,5.0,3.0,1.0,,1.0,12.0,19.0,3.0
1.0,3.17,38.0,1.0,1.0,32.0,3.9,5.0,3.0,1.0,1.0,,28.0,17.0,3.0
1.0,1.0,12.0,1.0,,46.0,3.5,0.0,0.0,3.0,,1.0,17.0,17.0,3.0
1.0,1.0,12.0,0.0,1.0,31.0,3.2,5.0,3.0,1.0,0.0,1.0,26.0,20.0,3.0
1.0,5.17,62.0,0.0,0.0,38.0,4.0,1.0,4.0,2.0,0.0,1.0,38.0,13.0,3.0
1.0,6.58,79.0,1.0,0.0,48.0,3.9,0.0,3.0,3.0,0.0,1.0,36.0,13.0,1.0
,1.08,13.0,1.0,0.0,55.0,3.8,0.0,3.0,3.0,0.0,1.0,36.0,18.0,1.0
1.0,4.0,48.0,1.0,0.0,54.0,4.0,5.0,3.0,3.0,0.0,1.0,11.0,13.0,1.0
1.0,4.5,54.0,1.0,1.0,60.0,5.2,0.0,3.0,1.0,0.0,0.0,16.0,13.0,1.0
1.0,1.17,14.0,0.0,1.0,35.0,3.3,5.0,3.0,1.0,,0.0,18.0,18.0,1.0
1.0,1.17,14.0,1.0,0.0,35.0,4.3,0.0,0.0,3.0,0.0,1.0,11.0,19.0,1.0
1.0,1.33,16.0,1.0,1.0,56.0,3.8,0.0,3.0,3.0,0.0,1.0,22.0,21.0,1.0
1.0,1.33,16.0,,1.0,50.0,3.3,0.0,3.0,3.0,0.0,1.0,17.0,21.0,1.0
1.0,5.58,67.0,1.0,1.0,56.0,4.2,0.0,3.0,3.0,0.0,1.0,17.0,16.0,1.0
1.0,1.42,17.0,0.0,0.0,30.0,3.2,0.0,0.0,3.0,0.0,0.0,39.0,18.0,1.0
1.0,1.42,17.0,1.0,1.0,47.0,3.6,3.0,4.0,3.0,0.0,1.0,22.0,19.0,1.0
1.0,1.5,18.0,1.0,0.0,46.0,4.3,1.0,4.0,3.0,0.0,0.0,13.0,18.0,1.0
1.0,1.5,18.0,0.0,0.0,,3.2,1.0,4.0,1.0,,0.0,17.0,15.0,
1.0,1.58,19.0,0.0,1.0,60.0,3.7,0.0,3.0,3.0,1.0,,37.0,19.0,
1.0,6.5,78.0,1.0,0.0,53.0,4.0,1.0,4.0,3.0,0.0,1.0,31.0,13.0,3.0
1.0,1.58,19.0,1.0,1.0,54.0,4.5,3.0,4.0,2.0,0.0,1.0,14.0,19.0,3.0
1.0,5.75,69.0,1.0,0.0,31.0,3.9,5.0,3.0,1.0,0.0,0.0,29.0,13.0,3.0
1.0,1.58,19.0,0.0,1.0,53.0,,0.0,3.0,3.0,0.0,1.0,19.0,17.0,3.0
1.0,1.67,20.0,1.0,1.0,35.0,3.9,1.0,4.0,3.0,,,34.0,19.0,3.0
1.0,1.67,20.0,1.0,0.0,,3.8,5.0,3.0,1.0,0.0,1.0,27.0,18.0,3.0
1.0,1.75,21.0,1.0,1.0,36.0,3.3,3.0,,3.0,0.0,1.0,37.0,,1.0
1.0,1.75,21.0,0.0,,53.0,4.0,0.0,0.0,3.0,0.0,0.0,20.0,,3.0
1.0,1.75,21.0,0.0,1.0,60.0,4.5,0.0,3.0,3.0,0.0,0.0,12.0,16.0,3.0
,1.75,21.0,1.0,1.0,58.0,3.1,0.0,3.0,3.0,1.0,1.0,26.0,13.0,3.0
1.0,1.75,21.0,1.0,0.0,42.0,3.7,0.0,3.0,3.0,0.0,1.0,13.0,,3.0
1.0,1.83,22.0,0.0,1.0,58.0,5.3,3.0,3.0,3.0,0.0,0.0,14.0,20.0,3.0
1.0,1.83,22.0,0.0,0.0,59.0,6.3,0.0,,3.0,0.0,1.0,13.0,16.0,3.0
1.0,1.92,23.0,1.0,1.0,40.0,3.4,3.0,4.0,3.0,0.0,0.0,12.0,20.0,2.0
1.0,1.92,23.0,0.0,1.0,36.0,3.2,5.0,3.0,1.0,0.0,0.0,44.0,13.0,3.0
1.0,1.92,23.0,1.0,1.0,53.0,4.0,3.0,3.0,3.0,0.0,0.0,30.0,18.0,2.0
1.0,2.0,24.0,1.0,1.0,31.0,3.0,5.0,3.0,3.0,,1.0,34.0,13.0,3.0
1.0,2.0,24.0,0.0,1.0,46.0,3.8,0.0,3.0,3.0,0.0,1.0,24.0,13.0,3.0
1.0,2.0,24.0,,0.0,,3.8,5.0,3.0,1.0,0.0,0.0,23.0,13.0,3.0
1.0,2.0,24.0,0.0,0.0,38.0,3.3,1.0,4.0,3.0,0.0,0.0,29.0,13.0,3.0
1.0,2.08,25.0,0.0,1.0,76.0,6.31,0.0,3.0,3.0,0.0,1.0,33.0,13.0,3.0
1.0,2.08,25.0,0.0,,78.0,7.3,0.0,3.0,3.0,0.0,1.0,14.0,13.0,3.0
1.0,2.17,26.0,0.0,0.0,70.0,6.0,0.0,3.0,,0.0,0.0,25.0,13.0,3.0
1.0,2.17,26.0,0.0,0.0,56.0,6.09,0.0,3.0,2.0,0.0,1.0,38.0,13.0,3.0
1.0,,,1.0,0.0,85.0,9.0,3.0,4.0,3.0,0.0,1.0,32.0,13.0,3.0
1.0,2.17,26.0,0.0,1.0,66.0,5.36,1.0,4.0,3.0,0.0,1.0,39.0,13.0,3.0
1.0,2.17,26.0,1.0,1.0,51.0,9.4,1.0,,3.0,0.0,1.0,39.0,17.0,3.0
1.0,2.17,26.0,1.0,1.0,93.0,11.3,0.0,3.0,3.0,,1.0,29.0,13.0,3.0
1.0,2.17,26.0,0.0,1.0,65.0,4.9,1.0,,3.0,,0.0,10.0,13.0,3.0
1.0,2.17,26.0,,0.0,59.0,6.61,0.0,3.0,3.0,0.0,1.0,16.0,16.0,3.0
1.0,2.25,27.0,0.0,0.0,66.0,8.42,1.0,4.0,3.0,0.0,0.0,15.0,13.0,
1.0,2.25,27.0,,1.0,,8.47,0.0,3.0,3.0,0.0,1.0,10.0,13.0,3.0
1.0,2.33,28.0,1.0,0.0,74.0,7.2,1.0,4.0,3.0,0.0,1.0,19.0,13.0,3.0
1.0,2.33,28.0,1.0,1.0,68.0,9.9,3.0,4.0,3.0,0.0,0.0,16.0,17.0,3.0
1.0,2.33,28.0,0.0,1.0,80.0,6.9,0.0,3.0,3.0,1.0,1.0,41.0,16.0,3.0
1.0,2.42,29.0,1.0,1.0,71.0,8.3,3.0,4.0,3.0,0.0,1.0,12.0,17.0,2.0
1.0,2.5,30.0,1.0,0.0,56.0,8.5,1.0,4.0,2.0,0.0,1.0,10.0,16.0,2.0
1.0,2.5,30.0,1.0,1.0,61.0,9.7,0.0,3.0,3.0,0.0,1.0,21.0,13.0,2.0
1.0,2.5,,1.0,1.0,72.0,9.1,3.0,4.0,3.0,0.0,1.0,24.0,13.0,2.0
1.0,2.58,31.0,0.0,1.0,79.0,7.15,1.0,4.0,2.0,0.0,0.0,32.0,13.0,2.0
1.0,2.58,31.0,1.0,1.0,85.0,9.4,3.0,4.0,2.0,0.0,0.0,44.0,13.0,2.0
1.0,2.58,31.0,1.0,,55.0,8.0,1.0,4.0,3.0,0.0,0.0,17.0,13.0,3.0
1.0,2.58,31.0,1.0,1.0,85.0,9.6,0.0,3.0,3.0,1.0,0.0,27.0,13.0,3.0
1.0,2.58,31.0,,1.0,45.0,,0.0,3.0,3.0,0.0,0.0,35.0,13.0,3.0
1.0,,32.0,1.0,1.0,60.0,9.6,1.0,4.0,3.0,0.0,1.0,14.0,13.0,3.0
1.0,2.75,,0.0,0.0,69.0,,0.0,3.0,3.0,0.0,0.0,32.0,17.0,3.0
1.0,2.83,,0.0,1.0,53.0,3.75,3.0,3.0,3.0,0.0,1.0,20.0,13.0,3.0
1.0,2.83,34.0,0.0,1.0,77.0,5.0,0.0,3.0,3.0,0.0,1.0,28.0,17.0,3.0
,2.83,34.0,1.0,,83.0,10.8,3.0,4.0,2.0,0.0,0.0,31.0,,4.0
1.0,2.92,35.0,1.0,1.0,52.0,,0.0,0.0,3.0,0.0,0.0,12.0,13.0,4.0
1.0,,35.0,1.0,0.0,72.0,8.0,,3.0,3.0,0.0,1.0,25.0,17.0,
1.0,3.0,36.0,1.0,1.0,70.0,7.1,0.0,3.0,3.0,0.0,1.0,28.0,16.0,4.0
1.0,3.0,36.0,0.0,1.0,60.0,4.96,1.0,4.0,3.0,0.0,0.0,18.0,13.0,4.0
1.0,3.0,36.0,0.0,0.0,41.0,5.36,0.0,3.0,3.0,0.0,1.0,18.0,13.0,4.0
,3.08,37.0,,1.0,62.0,10.4,3.0,4.0,3.0,1.0,1.0,30.0,16.0,4.0
1.0,3.08,37.0,0.0,0.0,79.0,6.55,0.0,3.0,3.0,0.0,1.0,12.0,13.0,4.0
1.0,3.17,38.0,0.0,1.0,62.0,7.12,1.0,3.0,,0.0,1.0,,13.0,4.0
1.0,3.17,38.0,1.0,0.0,53.0,7.1,0.0,0.0,3.0,0.0,1.0,26.0,16.0,2.0
1.0,3.17,38.0,1.0,0.0,80.0,9.8,0.0,3.0,,0.0,0.0,16.0,13.0,2.0
1.0,3.25,,1.0,1.0,72.0,10.8,1.0,3.0,,0.0,0.0,12.0,13.0,2.0
1.0,,40.0,0.0,1.0,80.0,5.47,0.0,3.0,3.0,0.0,1.0,24.0,17.0,2.0
1.0,3.42,41.0,1.0,1.0,60.0,10.1,1.0,4.0,3.0,0.0,1.0,15.0,13.0,2.0
1.0,,41.0,1.0,0.0,73.0,,1.0,3.0,3.0,0.0,1.0,37.0,13.0,2.0
1.0,3.58,43.0,0.0,0.0,71.0,,3.0,3.0,3.0,0.0,0.0,20.0,13.0,2.0
1.0,3.58,43.0,1.0,0.0,67.0,10.5,1.0,4.0,3.0,0.0,1.0,12.0,16.0,2.0
,3.58,43.0,0.0,0.0,75.0,8.22,0.0,3.0,3.0,0.0,1.0,39.0,16.0,4.0
1.0,3.58,43.0,0.0,1.0,51.0,6.67,1.0,4.0,3.0,1.0,0.0,32.0,13.0,4.0
1.0,3.67,44.0,1.0,1.0,53.0,7.3,1.0,4.0,3.0,0.0,1.0,36.0,13.0,
1.0,3.75,45.0,0.0,1.0,67.0,4.8,0.0,3.0,2.0,0.0,0.0,20.0,13.0,4.0
1.0,3.83,46.0,0.0,1.0,72.0,7.1,0.0,0.0,3.0,0.0,1.0,26.0,13.0,4.0
1.0,3.83,46.0,0.0,1.0,47.0,5.65,0.0,,2.0,0.0,1.0,20.0,13.0,
1.0,3.83,46.0,0.0,0.0,42.0,7.01,1.0,0.0,3.0,0.0,0.0,27.0,13.0,4.0
1.0,3.83,46.0,0.0,,37.0,5.96,5.0,3.0,,0.0,1.0,29.0,,4.0
1.0,3.92,47.0,1.0,,67.0,7.8,1.0,4.0,2.0,0.0,0.0,35.0,13.0,4.0
1.0,4.08,49.0,0.0,1.0,49.0,6.28,0.0,0.0,3.0,1.0,1.0,10.0,13.0,4.0
1.0,4.08,49.0,0.0,1.0,67.0,7.09,0.0,3.0,3.0,0.0,0.0,27.0,13.0,4.0
1.0,4.08,49.0,1.0,0.0,86.0,8.4,0.0,0.0,3.0,0.0,1.0,11.0,13.0,4.0
1.0,4.08,49.0,0.0,0.0,38.0,5.06,5.0,3.0,1.0,,1.0,9.0,13.0,4.0
1.0,4.17,,0.0,1.0,39.0,8.21,1.0,3.0,3.0,0.0,1.0,4.0,13.0,4.0
1.0,4.17,50.0,1.0,1.0,,11.5,3.0,4.0,2.0,0.0,1.0,,13.0,4.0
1.0,4.17,,0.0,0.0,57.0,7.44,0.0,3.0,3.0,0.0,0.0,13.0,13.0,4.0
1.0,4.25,51.0,0.0,1.0,69.0,8.68,0.0,0.0,3.0,0.0,0.0,9.0,13.0,4.0
1.0,4.25,,0.0,1.0,70.0,5.0,0.0,3.0,3.0,0.0,0.0,30.0,16.0,4.0
,4.25,51.0,1.0,1.0,83.0,,1.0,,3.0,1.0,0.0,37.0,13.0,4.0
1.0,4.25,51.0,1.0,0.0,83.0,11.3,0.0,3.0,3.0,0.0,0.0,36.0,16.0,4.0
1.0,4.33,52.0,1.0,1.0,70.0,9.7,5.0,3.0,1.0,0.0,1.0,38.0,13.0,4.0
1.0,4.33,52.0,0.0,1.0,48.0,4.88,0.0,3.0,3.0,0.0,1.0,25.0,13.0,4.0
1.0,4.33,52.0,1.0,1.0,63.0,10.3,1.0,4.0,3.0,0.0,0.0,27.0,13.0,4.0
1.0,4.42,53.0,0.0,1.0,77.0,6.39,0.0,3.0,3.0,0.0,1.0,33.0,16.0,4.0
1.0,4.42,53.0,0.0,0.0,79.0,6.25,0.0,3.0,2.0,0.0,1.0,19.0,,4.0
1.0,4.42,53.0,0.0,0.0,46.0,6.62,0.0,5.0,3.0,0.0,1.0,12.0,,4.0
1.0,4.5,54.0,0.0,1.0,72.0,4.8,0.0,3.0,3.0,0.0,1.0,26.0,17.0,4.0
1.0,4.58,55.0,1.0,0.0,58.0,7.5,,4.0,3.0,0.0,1.0,18.0,13.0,4.0
1.0,4.58,55.0,1.0,1.0,57.0,8.7,3.0,3.0,3.0,0.0,0.0,19.0,13.0,4.0
1.0,4.67,56.0,1.0,1.0,71.0,7.0,1.0,4.0,3.0,1.0,1.0,21.0,13.0,4.0
1.0,4.67,56.0,1.0,1.0,51.0,9.0,1.0,4.0,3.0,0.0,1.0,21.0,13.0,4.0
1.0,4.75,,0.0,1.0,50.0,5.92,0.0,3.0,3.0,0.0,1.0,9.0,13.0,4.0
1.0,4.75,57.0,0.0,1.0,48.0,6.31,0.0,3.0,2.0,0.0,1.0,34.0,13.0,4.0
1.0,4.75,57.0,1.0,1.0,84.0,11.3,0.0,3.0,3.0,1.0,1.0,,13.0,4.0
1.0,4.83,58.0,1.0,0.0,54.0,7.0,1.0,4.0,2.0,0.0,1.0,37.0,13.0,4.0
1.0,,58.0,0.0,0.0,74.0,4.95,0.0,5.0,3.0,0.0,1.0,27.0,13.0,4.0
1.0,4.83,58.0,0.0,1.0,42.0,6.19,1.0,4.0,3.0,0.0,0.0,25.0,13.0,4.0
1.0,4.92,59.0,0.0,1.0,39.0,4.54,5.0,3.0,1.0,,0.0,34.0,13.0,4.0
1.0,4.92,59.0,0.0,1.0,56.0,8.89,0.0,3.0,3.0,0.0,,12.0,,4.0
1.0,5.0,60.0,0.0,1.0,59.0,5.76,0.0,3.0,3.0,0.0,0.0,34.0,13.0,4.0
1.0,5.0,60.0,1.0,0.0,48.0,8.1,0.0,3.0,3.0,0.0,1.0,31.0,17.0,4.0
1.0,5.0,60.0,1.0,1.0,76.0,8.4,0.0,3.0,2.0,0.0,1.0,27.0,13.0,4.0
1.0,5.0,60.0,0.0,1.0,68.0,4.23,0.0,,3.0,0.0,1.0,16.0,16.0,4.0
1.0,,60.0,1.0,1.0,77.0,10.6,3.0,4.0,3.0,1.0,1.0,22.0,13.0,4.0
1.0,5.0,60.0,1.0,0.0,72.0,8.1,1.0,3.0,3.0,0.0,0.0,11.0,13.0,4.0
1.0,5.08,61.0,,1.0,,8.26,0.0,3.0,3.0,0.0,0.0,34.0,13.0,4.0
1.0,5.08,61.0,1.0,1.0,85.0,9.8,0.0,3.0,3.0,0.0,0.0,23.0,13.0,4.0
1.0,5.17,62.0,0.0,1.0,72.0,5.31,0.0,3.0,3.0,,1.0,24.0,13.0,4.0
1.0,5.17,62.0,1.0,0.0,83.0,10.5,0.0,3.0,3.0,0.0,1.0,37.0,17.0,4.0
1.0,5.17,62.0,0.0,1.0,42.0,6.11,,3.0,,0.0,1.0,30.0,13.0,4.0
1.0,5.17,62.0,1.0,1.0,68.0,9.7,3.0,3.0,3.0,0.0,1.0,,16.0,4.0
1.0,5.25,63.0,1.0,1.0,88.0,8.8,1.0,3.0,3.0,1.0,0.0,4.0,13.0,4.0
1.0,5.25,63.0,,1.0,51.0,7.89,0.0,3.0,3.0,0.0,0.0,29.0,13.0,4.0
1.0,5.25,63.0,0.0,1.0,53.0,3.76,1.0,3.0,3.0,0.0,1.0,18.0,13.0,0.0
1.0,5.25,63.0,1.0,0.0,79.0,11.6,0.0,3.0,3.0,0.0,0.0,11.0,13.0,0.0
1.0,5.33,64.0,0.0,0.0,64.0,6.67,0.0,0.0,3.0,0.0,1.0,,13.0,0.0
1.0,5.33,,0.0,1.0,53.0,7.1,0.0,3.0,,1.0,1.0,18.0,16.0,0.0
,5.42,65.0,0.0,1.0,,8.18,1.0,4.0,3.0,0.0,1.0,14.0,16.0,0.0
1.0,5.42,65.0,1.0,0.0,66.0,7.5,3.0,4.0,3.0,0.0,1.0,10.0,13.0,0.0
1.0,5.42,65.0,1.0,1.0,51.0,9.2,0.0,3.0,3.0,0.0,0.0,18.0,13.0,0.0
1.0,5.5,66.0,0.0,1.0,52.0,6.36,0.0,3.0,3.0,1.0,,10.0,13.0,0.0
1.0,5.5,66.0,1.0,1.0,57.0,10.0,0.0,3.0,3.0,0.0,,34.0,13.0,0.0
1.0,5.58,67.0,1.0,0.0,68.0,10.2,3.0,4.0,2.0,0.0,1.0,36.0,16.0,0.0
1.0,5.58,67.0,0.0,1.0,73.0,7.6,0.0,3.0,2.0,0.0,1.0,27.0,,0.0
,5.58,67.0,0.0,1.0,73.0,6.15,0.0,3.0,3.0,0.0,1.0,35.0,13.0,0.0
1.0,5.58,67.0,0.0,0.0,39.0,4.76,5.0,3.0,1.0,0.0,1.0,10.0,17.0,0.0
1.0,5.58,67.0,0.0,0.0,70.0,4.6,0.0,5.0,3.0,0.0,1.0,,13.0,0.0
1.0,5.67,,0.0,1.0,71.0,,0.0,3.0,3.0,0.0,0.0,18.0,13.0,0.0
1.0,5.67,68.0,0.0,0.0,56.0,,0.0,3.0,2.0,0.0,1.0,31.0,13.0,0.0
1.0,5.67,68.0,1.0,1.0,83.0,8.1,,4.0,3.0,0.0,0.0,28.0,13.0,0.0
1.0,5.67,68.0,1.0,0.0,80.0,9.6,3.0,4.0,3.0,0.0,,13.0,17.0,0.0
1.0,5.75,69.0,0.0,1.0,43.0,7.65,1.0,5.0,2.0,0.0,1.0,36.0,16.0,0.0
1.0,5.75,69.0,,1.0,39.0,6.29,5.0,3.0,1.0,0.0,1.0,30.0,13.0,0.0
1.0,5.75,69.0,1.0,1.0,51.0,8.9,0.0,3.0,3.0,1.0,0.0,14.0,13.0,4.0
1.0,,69.0,0.0,0.0,68.0,5.58,0.0,5.0,3.0,0.0,0.0,15.0,16.0,4.0
1.0,5.75,69.0,0.0,1.0,51.0,,5.0,3.0,3.0,1.0,1.0,13.0,13.0,4.0
,5.83,70.0,1.0,1.0,51.0,7.9,0.0,3.0,3.0,1.0,1.0,21.0,13.0,4.0
1.0,5.92,71.0,1.0,0.0,76.0,10.4,3.0,,3.0,0.0,1.0,28.0,13.0,4.0
1.0,5.92,71.0,0.0,1.0,43.0,5.59,0.0,3.0,3.0,0.0,1.0,18.0,13.0,4.0
1.0,5.92,71.0,1.0,1.0,56.0,7.0,3.0,4.0,3.0,0.0,0.0,30.0,13.0,4.0
,6.0,72.0,0.0,1.0,59.0,7.56,0.0,3.0,3.0,0.0,1.0,20.0,16.0,4.0
1.0,6.0,72.0,1.0,0.0,83.0,10.0,0.0,3.0,2.0,0.0,1.0,10.0,13.0,4.0
1.0,6.08,73.0,1.0,,72.0,9.3,1.0,4.0,2.0,,1.0,35.0,13.0,4.0
1.0,6.17,74.0,1.0,1.0,58.0,9.1,0.0,3.0,3.0,1.0,1.0,20.0,13.0,4.0
1.0,6.17,74.0,0.0,0.0,55.0,5.0,0.0,3.0,3.0,0.0,0.0,31.0,13.0,4.0
1.0,6.17,74.0,1.0,,87.0,11.5,0.0,0.0,3.0,0.0,1.0,30.0,13.0,4.0
1.0,6.17,74.0,0.0,1.0,45.0,3.65,1.0,3.0,3.0,0.0,0.0,22.0,16.0,
1.0,6.25,75.0,1.0,0.0,87.0,8.3,1.0,4.0,3.0,0.0,0.0,36.0,13.0,4.0
1.0,6.25,75.0,0.0,0.0,54.0,4.13,1.0,4.0,3.0,0.0,0.0,36.0,13.0,4.0
1.0,6.25,75.0,1.0,1.0,56.0,8.2,3.0,4.0,3.0,0.0,1.0,23.0,13.0,4.0
1.0,6.25,75.0,,1.0,60.0,9.9,3.0,4.0,3.0,0.0,1.0,10.0,17.0,4.0
1.0,6.25,75.0,1.0,1.0,73.0,11.2,5.0,3.0,1.0,0.0,1.0,,13.0,2.0
1.0,6.33,76.0,0.0,1.0,41.0,6.92,0.0,3.0,3.0,1.0,1.0,27.0,13.0,4.0
1.0,6.33,,0.0,1.0,42.0,8.13,1.0,4.0,3.0,0.0,0.0,19.0,16.0,4.0
1.0,6.33,76.0,0.0,1.0,41.0,4.2,1.0,4.0,2.0,0.0,,17.0,13.0,4.0
1.0,6.33,,0.0,0.0,62.0,8.31,0.0,3.0,3.0,0.0,0.0,9.0,13.0,4.0
1.0,6.42,77.0,1.0,0.0,70.0,8.1,1.0,4.0,3.0,0.0,1.0,27.0,,4.0
1.0,6.42,77.0,1.0,1.0,66.0,11.3,1.0,,3.0,0.0,1.0,33.0,13.0,4.0
1.0,6.42,77.0,0.0,0.0,63.0,6.84,0.0,3.0,3.0,0.0,1.0,13.0,16.0,4.0
1.0,6.5,78.0,1.0,0.0,84.0,11.3,1.0,4.0,3.0,0.0,1.0,11.0,13.0,
1.0,6.67,80.0,1.0,1.0,59.0,8.4,0.0,3.0,2.0,1.0,0.0,27.0,17.0,4.0
1.0,6.67,80.0,1.0,1.0,76.0,9.4,,3.0,3.0,0.0,1.0,36.0,17.0,4.0
1.0,6.67,80.0,1.0,0.0,84.0,10.2,3.0,4.0,3.0,0.0,0.0,33.0,17.0,4.0
1.0,6.75,,1.0,1.0,51.0,8.7,0.0,3.0,3.0,0.0,1.0,13.0,13.0,4.0
1.0,6.75,81.0,1.0,1.0,75.0,11.7,1.0,4.0,3.0,0.0,1.0,18.0,13.0,4.0
1.0,6.75,81.0,1.0,1.0,56.0,9.7,5.0,3.0,3.0,1.0,1.0,18.0,17.0,4.0
1.0,6.83,82.0,0.0,0.0,76.0,7.24,1.0,4.0,3.0,0.0,0.0,35.0,16.0,2.0
1.0,6.83,82.0,0.0,1.0,63.0,,1.0,5.0,3.0,0.0,,18.0,16.0,2.0
1.0,6.83,82.0,1.0,1.0,78.0,8.7,0.0,3.0,3.0,0.0,1.0,9.0,13.0,2.0
1.0,6.83,82.0,1.0,1.0,78.0,7.5,1.0,4.0,2.0,1.0,0.0,9.0,16.0,2.0
1.0,6.83,82.0,0.0,0.0,49.0,8.41,0.0,3.0,3.0,0.0,0.0,34.0,13.0,2.0
1.0,6.83,82.0,0.0,1.0,37.0,6.98,5.0,3.0,3.0,0.0,1.0,,13.0,2.0
1.0,6.92,83.0,1.0,1.0,48.0,6.2,3.0,4.0,3.0,0.0,1.0,23.0,17.0,2.0
1.0,6.92,83.0,1.0,1.0,59.0,9.8,0.0,3.0,3.0,0.0,1.0,36.0,17.0,2.0
1.0,6.92,83.0,1.0,0.0,75.0,9.3,0.0,3.0,3.0,0.0,1.0,25.0,16.0,2.0
,,83.0,1.0,0.0,78.0,8.8,3.0,4.0,3.0,0.0,1.0,29.0,13.0,2.0
1.0,7.0,84.0,0.0,1.0,,3.99,0.0,3.0,3.0,,1.0,21.0,13.0,2.0
1.0,7.0,84.0,1.0,0.0,88.0,10.1,0.0,3.0,3.0,0.0,1.0,40.0,16.0,4.0
1.0,7.0,84.0,1.0,1.0,78.0,11.0,3.0,4.0,3.0,0.0,1.0,29.0,13.0,2.0
1.0,7.0,84.0,0.0,,41.0,8.23,0.0,3.0,3.0,0.0,,25.0,13.0,4.0
1.0,7.0,84.0,0.0,0.0,52.0,7.96,0.0,5.0,,0.0,1.0,30.0,13.0,4.0
1.0,7.08,85.0,0.0,1.0,65.0,6.7,1.0,3.0,3.0,0.0,1.0,26.0,17.0,4.0
1.0,7.08,85.0,0.0,1.0,80.0,5.62,0.0,3.0,3.0,1.0,1.0,11.0,19.0,4.0
1.0,7.17,86.0,1.0,1.0,78.0,11.0,3.0,4.0,3.0,0.0,1.0,39.0,16.0,4.0
1.0,7.17,86.0,1.0,1.0,65.0,8.7,1.0,4.0,3.0,0.0,1.0,11.0,19.0,4.0
1.0,7.17,86.0,1.0,1.0,62.0,7.0,0.0,3.0,3.0,1.0,1.0,9.0,,4.0
1.0,7.17,86.0,1.0,1.0,73.0,8.0,0.0,3.0,3.0,0.0,0.0,9.0,,4.0
1.0,7.17,86.0,0.0,1.0,48.0,7.3,0.0,3.0,,0.0,0.0,37.0,19.0,4.0
1.0,7.17,86.0,0.0,0.0,49.0,7.0,0.0,3.0,3.0,,1.0,27.0,19.0,
1.0,7.25,87.0,0.0,,49.0,6.43,3.0,3.0,3.0,0.0,0.0,37.0,17.0,4.0
1.0,7.25,87.0,0.0,1.0,72.0,5.28,0.0,3.0,2.0,1.0,1.0,23.0,19.0,4.0
1.0,7.25,87.0,0.0,0.0,73.0,8.14,1.0,4.0,3.0,0.0,1.0,17.0,21.0,4.0
1.0,7.25,87.0,1.0,1.0,69.0,,3.0,4.0,3.0,0.0,1.0,37.0,19.0,4.0
1.0,7.25,87.0,1.0,1.0,67.0,8.5,1.0,4.0,3.0,0.0,0.0,20.0,17.0,4.0
1.0,7.42,89.0,1.0,1.0,77.0,11.3,1.0,4.0,3.0,1.0,1.0,12.0,17.0,4.0
1.0,7.42,89.0,1.0,1.0,52.0,9.0,0.0,3.0,3.0,0.0,1.0,9.0,16.0,4.0
1.0,7.42,89.0,1.0,1.0,89.0,10.5,1.0,3.0,,0.0,0.0,10.0,19.0,4.0
1.0,7.5,90.0,1.0,0.0,79.0,8.1,0.0,3.0,2.0,0.0,1.0,21.0,,4.0
1.0,7.5,90.0,0.0,0.0,65.0,7.86,1.0,4.0,3.0,0.0,1.0,34.0,19.0,4.0
1.0,7.5,90.0,0.0,1.0,51.0,,0.0,3.0,3.0,0.0,1.0,36.0,21.0,4.0
1.0,7.5,90.0,1.0,1.0,48.0,8.2,0.0,3.0,,1.0,1.0,27.0,16.0,4.0
1.0,7.58,91.0,1.0,0.0,85.0,7.9,0.0,3.0,3.0,0.0,0.0,35.0,16.0,4.0
1.0,7.58,91.0,1.0,0.0,85.0,7.4,0.0,3.0,,0.0,0.0,37.0,17.0,4.0
1.0,7.67,92.0,0.0,0.0,,3.61,0.0,0.0,2.0,,1.0,32.0,13.0,4.0
1.0,7.67,92.0,1.0,0.0,79.0,11.3,0.0,3.0,2.0,0.0,1.0,,16.0,4.0
1.0,7.67,92.0,1.0,1.0,102.0,10.1,0.0,3.0,3.0,0.0,1.0,16.0,13.0,4.0
1.0,7.83,94.0,0.0,0.0,77.0,5.84,1.0,4.0,2.0,0.0,0.0,23.0,18.0,4.0
1.0,7.83,94.0,1.0,1.0,56.0,11.1,0.0,3.0,3.0,0.0,1.0,12.0,16.0,4.0
1.0,,95.0,1.0,0.0,75.0,9.5,0.0,3.0,3.0,0.0,1.0,,19.0,4.0
1.0,,95.0,1.0,1.0,81.0,7.3,3.0,4.0,3.0,0.0,1.0,17.0,20.0,4.0
1.0,7.92,95.0,1.0,0.0,81.0,7.6,1.0,4.0,3.0,0.0,1.0,11.0,13.0,4.0
1.0,8.0,96.0,1.0,1.0,97.0,10.9,0.0,,3.0,,0.0,11.0,20.0,4.0
1.0,8.17,98.0,0.0,1.0,,5.45,0.0,3.0,3.0,0.0,1.0,29.0,17.0,4.0
1.0,4.0,48.0,0.0,0.0,74.0,5.3,0.0,5.0,3.0,0.0,1.0,11.0,13.0,4.0
1.0,8.25,99.0,1.0,1.0,79.0,10.4,0.0,3.0,3.0,0.0,,29.0,,4.0
1.0,,,0.0,0.0,62.0,5.49,0.0,3.0,3.0,0.0,1.0,10.0,18.0,4.0
1.0,7.67,92.0,,1.0,,,5.0,3.0,1.0,0.0,1.0,37.0,21.0,4.0
1.0,8.33,100.0,0.0,0.0,,8.3,1.0,4.0,3.0,0.0,1.0,11.0,18.0,4.0
1.0,8.42,101.0,0.0,1.0,,7.79,3.0,0.0,3.0,0.0,1.0,15.0,19.0,4.0
1.0,7.58,,0.0,0.0,80.0,7.9,0.0,3.0,3.0,0.0,1.0,,18.0,4.0
1.0,8.5,102.0,1.0,1.0,67.0,10.9,0.0,3.0,,,0.0,20.0,20.0,4.0
1.0,6.17,74.0,0.0,1.0,56.0,3.9,0.0,3.0,3.0,1.0,1.0,27.0,13.0,4.0
1.0,8.58,,0.0,1.0,71.0,7.05,0.0,3.0,,0.0,1.0,29.0,18.0,4.0
1.0,8.58,103.0,1.0,0.0,85.0,9.2,3.0,4.0,2.0,0.0,1.0,31.0,20.0,4.0
1.0,8.58,103.0,1.0,0.0,86.0,10.0,3.0,0.0,3.0,0.0,1.0,35.0,19.0,4.0
1.0,6.42,77.0,0.0,1.0,38.0,7.82,3.0,,3.0,0.0,0.0,17.0,16.0,4.0
1.0,7.83,94.0,1.0,1.0,68.0,11.6,0.0,3.0,3.0,0.0,0.0,26.0,21.0,4.0
1.0,5.42,65.0,0.0,1.0,,4.15,1.0,0.0,3.0,0.0,1.0,36.0,13.0,4.0
1.0,8.67,104.0,0.0,0.0,54.0,7.99,0.0,3.0,3.0,0.0,0.0,27.0,21.0,4.0
,5.58,67.0,0.0,1.0,65.0,,0.0,3.0,3.0,0.0,1.0,13.0,13.0,4.0
1.0,6.42,77.0,0.0,0.0,66.0,5.0,0.0,3.0,2.0,0.0,1.0,10.0,,4.0
1.0,8.75,105.0,0.0,0.0,55.0,7.35,0.0,3.0,3.0,0.0,1.0,13.0,17.0,4.0
1.0,5.0,60.0,0.0,1.0,64.0,5.23,0.0,3.0,3.0,1.0,0.0,37.0,13.0,4.0
1.0,7.42,89.0,0.0,1.0,42.0,7.27,0.0,3.0,3.0,0.0,0.0,12.0,17.0,4.0
1.0,,107.0,0.0,1.0,,7.75,0.0,3.0,3.0,0.0,1.0,18.0,20.0,4.0
1.0,8.92,107.0,0.0,0.0,75.0,6.0,0.0,,3.0,0.0,0.0,27.0,16.0,4.0
1.0,4.83,58.0,0.0,1.0,42.0,5.12,1.0,5.0,3.0,0.0,1.0,36.0,13.0,4.0
1.0,7.33,88.0,0.0,0.0,79.0,8.5,0.0,3.0,2.0,0.0,1.0,12.0,17.0,4.0
1.0,8.92,107.0,0.0,1.0,36.0,5.77,1.0,4.0,3.0,0.0,,5.0,16.0,4.0
1.0,8.92,107.0,0.0,,46.0,8.07,0.0,3.0,3.0,1.0,1.0,16.0,20.0,4.0
1.0,8.92,107.0,,1.0,36.0,6.95,5.0,3.0,3.0,0.0,1.0,26.0,19.0,4.0
1.0,7.58,91.0,1.0,0.0,65.0,9.7,1.0,4.0,3.0,0.0,1.0,39.0,20.0,4.0
1.0,9.0,108.0,0.0,1.0,64.0,6.93,1.0,4.0,3.0,0.0,0.0,34.0,20.0,4.0
1.0,9.0,108.0,1.0,1.0,83.0,11.3,,3.0,3.0,0.0,1.0,15.0,21.0,4.0
1.0,9.0,108.0,1.0,1.0,83.0,11.6,3.0,3.0,,0.0,1.0,37.0,,
1.0,9.0,108.0,1.0,1.0,75.0,9.7,3.0,3.0,3.0,1.0,,12.0,19.0,4.0
1.0,9.08,109.0,1.0,0.0,60.0,8.3,0.0,3.0,3.0,0.0,1.0,13.0,,4.0
1.0,9.08,109.0,1.0,0.0,61.0,7.9,0.0,3.0,3.0,0.0,0.0,18.0,19.0,4.0
1.0,9.17,110.0,1.0,1.0,88.0,10.5,0.0,3.0,3.0,0.0,1.0,10.0,19.0,4.0
1.0,8.5,102.0,0.0,0.0,70.0,6.01,,3.0,3.0,0.0,1.0,37.0,21.0,4.0
1.0,9.25,111.0,1.0,1.0,66.0,11.3,3.0,3.0,3.0,0.0,1.0,12.0,19.0,4.0
1.0,9.25,111.0,1.0,1.0,69.0,9.5,0.0,3.0,,0.0,1.0,25.0,19.0,
1.0,,98.0,1.0,1.0,52.0,8.7,0.0,3.0,3.0,0.0,,23.0,20.0,4.0
1.0,9.33,112.0,1.0,1.0,65.0,6.2,0.0,3.0,3.0,0.0,1.0,21.0,21.0,4.0
1.0,9.33,112.0,0.0,1.0,64.0,5.18,0.0,3.0,3.0,0.0,1.0,45.0,18.0,4.0
,9.42,113.0,0.0,1.0,49.0,6.45,1.0,4.0,3.0,1.0,1.0,23.0,16.0,4.0
1.0,4.92,59.0,0.0,0.0,78.0,5.1,0.0,3.0,3.0,0.0,1.0,21.0,13.0,4.0
1.0,9.42,113.0,1.0,0.0,69.0,,,0.0,3.0,0.0,1.0,,19.0,4.0
1.0,8.17,98.0,1.0,0.0,67.0,7.0,0.0,3.0,3.0,0.0,0.0,22.0,20.0,4.0
1.0,6.5,78.0,0.0,0.0,51.0,5.3,0.0,,3.0,0.0,1.0,11.0,13.0,4.0
1.0,9.5,,1.0,1.0,87.0,7.3,0.0,3.0,3.0,0.0,0.0,16.0,20.0,4.0
1.0,9.5,114.0,0.0,1.0,,8.34,0.0,3.0,3.0,,1.0,24.0,17.0,4.0
1.0,9.58,115.0,0.0,1.0,76.0,7.11,1.0,4.0,3.0,0.0,1.0,15.0,20.0,4.0
1.0,7.67,92.0,1.0,1.0,55.0,8.4,3.0,4.0,3.0,0.0,0.0,,21.0,4.0
,,59.0,0.0,0.0,,4.86,0.0,3.0,3.0,0.0,1.0,16.0,16.0,4.0
,9.58,115.0,1.0,1.0,78.0,12.1,,0.0,3.0,0.0,0.0,10.0,19.0,4.0
1.0,9.67,116.0,0.0,0.0,65.0,6.61,1.0,4.0,3.0,0.0,0.0,23.0,21.0,4.0
1.0,7.58,91.0,1.0,1.0,59.0,8.1,0.0,3.0,3.0,0.0,1.0,38.0,18.0,4.0
1.0,9.67,116.0,0.0,0.0,54.0,8.13,0.0,3.0,3.0,0.0,0.0,11.0,21.0,4.0
1.0,9.75,117.0,1.0,1.0,74.0,7.4,1.0,4.0,3.0,1.0,0.0,16.0,18.0,4.0
1.0,7.0,84.0,1.0,1.0,63.0,8.9,0.0,3.0,3.0,0.0,0.0,17.0,16.0,
1.0,4.08,49.0,0.0,0.0,37.0,3.51,5.0,3.0,1.0,0.0,0.0,17.0,16.0,4.0
,,78.0,1.0,1.0,70.0,10.9,0.0,3.0,3.0,0.0,1.0,19.0,13.0,4.0
1.0,9.83,118.0,0.0,0.0,76.0,8.58,0.0,5.0,3.0,0.0,0.0,28.0,19.0,4.0
1.0,9.83,118.0,0.0,0.0,72.0,7.57,1.0,4.0,2.0,0.0,1.0,17.0,19.0,4.0
1.0,7.17,86.0,1.0,1.0,48.0,7.8,3.0,4.0,3.0,0.0,1.0,27.0,17.0,4.0
1.0,10.25,123.0,0.0,1.0,60.0,8.22,0.0,3.0,3.0,0.0,0.0,9.0,21.0,4.0
1.0,6.33,76.0,0.0,1.0,65.0,5.4,0.0,3.0,3.0,0.0,1.0,25.0,13.0,4.0
1.0,10.0,120.0,,0.0,53.0,6.5,0.0,5.0,3.0,0.0,0.0,14.0,17.0,4.0
2.0,0.25,3.0,0.0,,21.0,3.1,3.0,,1.0,0.0,1.0,60.0,10.0,4.0
2.0,0.33,4.0,1.0,0.0,21.0,3.0,3.0,1.0,1.0,0.0,0.0,21.0,16.0,4.0
2.0,0.33,4.0,0.0,0.0,21.0,,4.0,5.0,2.0,0.0,1.0,31.0,16.0,3.0
2.0,0.33,4.0,1.0,0.0,21.0,3.0,4.0,1.0,1.0,0.0,1.0,16.0,17.0,3.0
2.0,0.33,4.0,0.0,0.0,21.0,3.3,3.0,0.0,1.0,0.0,0.0,14.0,,3.0
2.0,0.33,4.0,0.0,1.0,22.0,3.2,4.0,1.0,2.0,0.0,0.0,16.0,20.0,3.0
2.0,0.33,4.0,0.0,0.0,22.0,,4.0,1.0,1.0,0.0,1.0,46.0,,3.0
2.0,0.33,4.0,1.0,0.0,22.0,3.2,4.0,1.0,1.0,0.0,1.0,48.0,21.0,3.0
2.0,0.42,5.0,0.0,0.0,,3.2,4.0,0.0,2.0,0.0,1.0,27.0,13.0,3.0
,,5.0,1.0,0.0,22.0,3.2,3.0,0.0,1.0,0.0,1.0,29.0,13.0,3.0
2.0,0.42,5.0,,0.0,23.0,3.5,3.0,1.0,1.0,0.0,1.0,,11.0,3.0
2.0,6.5,78.0,,0.0,26.0,4.2,3.0,0.0,1.0,0.0,1.0,42.0,13.0,3.0
2.0,0.42,,0.0,0.0,26.0,3.7,3.0,0.0,1.0,0.0,1.0,28.0,12.0,3.0
2.0,6.67,80.0,,0.0,26.0,4.0,4.0,1.0,1.0,,1.0,27.0,16.0,3.0
2.0,3.25,39.0,1.0,0.0,25.0,4.3,4.0,1.0,1.0,0.0,1.0,18.0,13.0,3.0
2.0,0.42,5.0,0.0,1.0,21.0,3.9,,1.0,,0.0,1.0,48.0,14.0,3.0
2.0,4.0,48.0,0.0,0.0,27.0,4.4,4.0,1.0,,0.0,1.0,,13.0,3.0
2.0,0.5,6.0,0.0,0.0,,3.8,4.0,1.0,1.0,0.0,1.0,18.0,15.0,3.0
2.0,3.42,41.0,1.0,0.0,30.0,4.8,4.0,1.0,1.0,0.0,1.0,31.0,13.0,3.0
2.0,3.0,36.0,,0.0,26.0,4.9,3.0,0.0,1.0,0.0,1.0,20.0,16.0,3.0
2.0,1.08,13.0,1.0,0.0,29.0,4.0,3.0,1.0,2.0,0.0,1.0,,,3.0
2.0,6.5,78.0,0.0,0.0,26.0,4.1,4.0,5.0,1.0,0.0,1.0,22.0,13.0,3.0
2.0,2.92,35.0,1.0,0.0,29.0,5.0,4.0,1.0,1.0,,1.0,21.0,16.0,4.0
2.0,1.5,18.0,1.0,0.0,30.0,,3.0,1.0,1.0,0.0,1.0,11.0,17.0,4.0
2.0,0.5,6.0,1.0,0.0,30.0,4.2,3.0,0.0,0.0,0.0,,,11.0,2.0
2.0,6.92,83.0,0.0,0.0,,4.0,2.0,0.0,2.0,0.0,1.0,34.0,13.0,2.0
2.0,0.58,7.0,0.0,0.0,20.0,4.3,1.0,1.0,2.0,0.0,1.0,28.0,14.0,2.0
2.0,3.42,41.0,0.0,0.0,22.0,4.4,4.0,1.0,1.0,0.0,1.0,14.0,16.0,2.0
2.0,0.58,7.0,0.0,1.0,21.0,3.9,4.0,1.0,1.0,0.0,1.0,21.0,12.0,2.0
2.0,0.58,7.0,0.0,0.0,,3.7,1.0,1.0,1.0,0.0,1.0,17.0,13.0,2.0
2.0,4.67,56.0,1.0,0.0,26.0,4.5,4.0,0.0,1.0,0.0,,37.0,13.0,2.0
2.0,1.33,16.0,0.0,0.0,28.0,4.4,4.0,1.0,1.0,0.0,0.0,36.0,19.0,2.0
2.0,0.67,8.0,0.0,,23.0,3.8,4.0,1.0,2.0,0.0,1.0,26.0,21.0,2.0
2.0,0.67,8.0,0.0,1.0,22.0,3.8,4.0,1.0,2.0,0.0,1.0,38.0,17.0,2.0
2.0,,8.0,0.0,1.0,21.0,3.7,1.0,1.0,1.0,0.0,1.0,47.0,16.0,2.0
2.0,0.67,8.0,1.0,1.0,31.0,4.3,3.0,0.0,1.0,0.0,,56.0,20.0,2.0
2.0,0.75,9.0,0.0,1.0,25.0,3.8,4.0,,1.0,0.0,1.0,32.0,19.0,2.0
2.0,3.08,37.0,,,25.0,4.5,1.0,1.0,1.0,0.0,1.0,19.0,16.0,2.0
2.0,1.67,20.0,0.0,1.0,,4.3,4.0,0.0,2.0,0.0,0.0,45.0,,2.0
2.0,0.83,10.0,0.0,1.0,,3.5,4.0,1.0,1.0,0.0,0.0,53.0,20.0,2.0
2.0,0.83,10.0,0.0,1.0,24.0,3.9,4.0,5.0,1.0,0.0,1.0,42.0,20.0,2.0
2.0,1.42,17.0,0.0,0.0,21.0,4.3,4.0,1.0,1.0,0.0,0.0,30.0,19.0,4.0
2.0,1.0,12.0,0.0,0.0,28.0,4.4,4.0,1.0,1.0,0.0,1.0,16.0,18.0,4.0
2.0,4.08,49.0,0.0,0.0,26.0,,4.0,5.0,1.0,0.0,1.0,9.0,17.0,4.0
2.0,1.0,12.0,1.0,1.0,31.0,4.4,1.0,1.0,1.0,1.0,0.0,17.0,15.0,4.0
2.0,1.0,12.0,0.0,0.0,26.0,,4.0,1.0,1.0,0.0,0.0,11.0,17.0,4.0
2.0,1.0,12.0,0.0,0.0,26.0,4.0,4.0,1.0,,0.0,1.0,17.0,19.0,4.0
2.0,4.25,51.0,1.0,1.0,28.0,4.8,3.0,0.0,2.0,0.0,1.0,14.0,13.0,4.0
2.0,1.08,13.0,0.0,1.0,21.0,3.8,4.0,0.0,,0.0,1.0,22.0,20.0,4.0
2.0,1.17,14.0,0.0,1.0,24.0,,1.0,1.0,1.0,0.0,1.0,34.0,21.0,4.0
2.0,4.75,57.0,1.0,1.0,27.0,4.7,1.0,1.0,1.0,0.0,0.0,16.0,13.0,4.0
2.0,1.17,14.0,0.0,1.0,26.0,4.1,4.0,1.0,1.0,0.0,1.0,38.0,18.0,4.0
2.0,1.17,14.0,,0.0,22.0,3.8,1.0,1.0,1.0,0.0,0.0,4.0,20.0,0.0
2.0,1.17,14.0,0.0,1.0,20.0,4.3,4.0,1.0,2.0,0.0,0.0,30.0,15.0,0.0
2.0,1.25,15.0,0.0,1.0,26.0,3.8,4.0,5.0,1.0,0.0,0.0,27.0,18.0,0.0
2.0,1.25,15.0,0.0,1.0,21.0,3.5,4.0,1.0,1.0,0.0,1.0,34.0,17.0,0.0
2.0,1.25,15.0,0.0,1.0,27.0,3.8,4.0,,1.0,0.0,0.0,19.0,20.0,0.0
2.0,1.25,15.0,1.0,1.0,25.0,4.7,1.0,1.0,1.0,0.0,0.0,22.0,18.0,0.0
2.0,1.33,16.0,,1.0,27.0,3.6,4.0,1.0,1.0,1.0,1.0,38.0,16.0,0.0
2.0,1.42,17.0,0.0,1.0,21.0,3.8,1.0,1.0,1.0,0.0,0.0,29.0,21.0,0.0
2.0,1.42,17.0,0.0,1.0,28.0,4.2,4.0,0.0,1.0,0.0,1.0,19.0,21.0,
2.0,1.42,17.0,0.0,1.0,27.0,4.1,4.0,0.0,,0.0,0.0,36.0,19.0,0.0
2.0,1.5,18.0,1.0,0.0,,5.1,1.0,1.0,1.0,0.0,0.0,3.0,18.0,3.0
2.0,1.5,18.0,0.0,1.0,23.0,3.9,4.0,1.0,1.0,0.0,,4.0,20.0,3.0
2.0,1.5,18.0,1.0,1.0,28.0,4.1,1.0,1.0,1.0,0.0,0.0,37.0,17.0,3.0
2.0,1.5,18.0,1.0,0.0,,4.4,4.0,1.0,1.0,0.0,1.0,,21.0,3.0
2.0,4.0,48.0,0.0,1.0,27.0,4.5,4.0,1.0,1.0,0.0,1.0,23.0,15.0,3.0
2.0,3.42,,1.0,1.0,28.0,4.9,1.0,1.0,1.0,1.0,1.0,10.0,15.0,3.0
2.0,1.58,,1.0,0.0,28.0,4.4,3.0,0.0,1.0,0.0,1.0,35.0,19.0,3.0
2.0,1.58,19.0,0.0,1.0,22.0,4.2,4.0,1.0,1.0,,1.0,30.0,18.0,3.0
2.0,1.58,19.0,0.0,0.0,26.0,4.1,4.0,1.0,1.0,0.0,1.0,20.0,20.0,3.0
2.0,5.67,68.0,1.0,1.0,26.0,4.7,4.0,1.0,,0.0,0.0,18.0,15.0,3.0
2.0,5.67,68.0,0.0,1.0,27.0,,4.0,1.0,2.0,0.0,0.0,12.0,16.0,3.0
2.0,1.67,20.0,1.0,0.0,31.0,4.7,4.0,1.0,1.0,0.0,1.0,30.0,19.0,3.0
2.0,1.67,20.0,0.0,1.0,20.0,3.5,,5.0,1.0,0.0,1.0,32.0,20.0,3.0
2.0,3.92,47.0,1.0,1.0,28.0,5.0,4.0,1.0,1.0,0.0,1.0,2.0,15.0,3.0
,1.75,21.0,1.0,0.0,,4.1,4.0,1.0,1.0,1.0,1.0,11.0,17.0,0.0
2.0,1.83,22.0,0.0,1.0,28.0,4.0,4.0,1.0,1.0,0.0,1.0,25.0,16.0,0.0
2.0,1.83,22.0,1.0,1.0,26.0,4.9,4.0,,1.0,0.0,,32.0,21.0,0.0
2.0,,22.0,0.0,1.0,24.0,3.8,4.0,1.0,1.0,0.0,1.0,4.0,17.0,0.0
2.0,1.92,23.0,1.0,1.0,31.0,4.8,4.0,2.0,1.0,0.0,0.0,35.0,19.0,0.0
2.0,4.5,54.0,1.0,1.0,26.0,5.1,4.0,1.0,1.0,0.0,1.0,12.0,15.0,
2.0,4.0,48.0,1.0,1.0,30.0,,3.0,0.0,2.0,0.0,1.0,13.0,,0.0
2.0,4.25,51.0,1.0,0.0,30.0,5.2,,1.0,1.0,0.0,0.0,7.0,15.0,0.0
2.0,2.0,24.0,0.0,1.0,21.0,4.0,1.0,1.0,1.0,0.0,0.0,22.0,17.0,
2.0,2.0,24.0,1.0,1.0,27.0,4.9,3.0,1.0,2.0,0.0,0.0,29.0,15.0,0.0
2.0,2.0,,0.0,1.0,20.0,3.5,4.0,1.0,1.0,0.0,1.0,20.0,,0.0
2.0,2.0,24.0,0.0,1.0,23.0,3.9,1.0,1.0,1.0,0.0,1.0,22.0,15.0,4.0
2.0,5.17,62.0,0.0,1.0,26.0,4.7,4.0,1.0,1.0,0.0,1.0,13.0,15.0,4.0
2.0,2.08,25.0,0.0,1.0,23.0,4.33,4.0,2.0,2.0,0.0,1.0,8.0,17.0,4.0
2.0,2.08,25.0,0.0,1.0,21.0,,4.0,,2.0,0.0,0.0,34.0,15.0,4.0
2.0,2.08,25.0,1.0,1.0,25.0,,4.0,1.0,1.0,0.0,1.0,5.0,15.0,4.0
2.0,2.08,25.0,0.0,1.0,28.0,4.57,4.0,1.0,1.0,0.0,1.0,12.0,16.0,4.0
2.0,2.17,26.0,1.0,1.0,27.0,7.39,4.0,1.0,1.0,0.0,0.0,23.0,16.0,4.0
2.0,2.17,26.0,1.0,1.0,35.0,8.29,3.0,1.0,1.0,0.0,,29.0,15.0,4.0
2.0,2.17,26.0,0.0,1.0,20.0,6.0,4.0,,2.0,0.0,0.0,6.0,15.0,4.0
2.0,2.17,26.0,,1.0,22.0,5.66,4.0,0.0,1.0,0.0,1.0,28.0,15.0,4.0
2.0,,71.0,1.0,1.0,,8.62,1.0,1.0,2.0,0.0,0.0,29.0,15.0,
2.0,2.25,27.0,0.0,1.0,25.0,6.78,1.0,1.0,1.0,0.0,1.0,16.0,16.0,4.0
2.0,2.33,,0.0,1.0,36.0,5.3,4.0,1.0,1.0,0.0,1.0,12.0,15.0,4.0
,2.33,28.0,1.0,1.0,31.0,6.87,4.0,1.0,1.0,0.0,1.0,31.0,15.0,4.0
2.0,2.33,28.0,0.0,1.0,20.0,4.7,1.0,1.0,2.0,0.0,1.0,24.0,15.0,4.0
2.0,2.33,28.0,1.0,1.0,28.0,6.3,4.0,1.0,1.0,0.0,0.0,7.0,15.0,4.0
2.0,2.42,29.0,0.0,1.0,22.0,5.3,1.0,5.0,1.0,0.0,,1.0,15.0,4.0
2.0,2.42,29.0,,0.0,28.0,4.39,4.0,1.0,1.0,0.0,1.0,5.0,15.0,4.0
2.0,2.5,,1.0,1.0,27.0,6.8,3.0,0.0,1.0,0.0,1.0,21.0,15.0,4.0
2.0,2.5,30.0,1.0,0.0,29.0,6.77,4.0,1.0,1.0,0.0,1.0,3.0,15.0,
2.0,2.5,30.0,0.0,1.0,24.0,4.88,,1.0,1.0,0.0,1.0,,,4.0
2.0,,30.0,1.0,,27.0,6.72,4.0,1.0,1.0,0.0,1.0,8.0,15.0,4.0
2.0,2.58,31.0,1.0,1.0,28.0,5.0,4.0,1.0,2.0,0.0,0.0,14.0,15.0,4.0
2.0,,32.0,1.0,1.0,53.0,6.15,4.0,0.0,2.0,0.0,0.0,32.0,15.0,4.0
2.0,2.67,32.0,0.0,1.0,40.0,4.61,4.0,5.0,1.0,1.0,1.0,22.0,15.0,4.0
2.0,2.67,32.0,0.0,0.0,45.0,5.31,4.0,1.0,1.0,0.0,0.0,22.0,15.0,4.0
2.0,2.67,32.0,1.0,0.0,51.0,5.53,,0.0,1.0,0.0,1.0,25.0,15.0,4.0
,2.67,,1.0,1.0,52.0,7.41,4.0,1.0,1.0,,1.0,5.0,15.0,4.0
2.0,2.75,,0.0,0.0,43.0,4.65,1.0,2.0,2.0,0.0,1.0,21.0,17.0,4.0
2.0,2.75,33.0,0.0,1.0,47.0,4.63,4.0,1.0,1.0,0.0,0.0,34.0,17.0,4.0
2.0,2.75,33.0,0.0,0.0,48.0,6.0,1.0,0.0,2.0,0.0,1.0,,17.0,4.0
2.0,2.83,34.0,0.0,0.0,38.0,5.3,4.0,1.0,1.0,0.0,1.0,31.0,17.0,4.0
2.0,2.83,34.0,1.0,1.0,43.0,5.97,4.0,1.0,1.0,0.0,1.0,29.0,15.0,4.0
2.0,2.83,34.0,,1.0,51.0,5.67,4.0,1.0,2.0,0.0,1.0,,17.0,4.0
2.0,2.83,34.0,1.0,1.0,,8.92,4.0,1.0,1.0,0.0,1.0,41.0,15.0,4.0
,2.92,35.0,1.0,0.0,43.0,6.96,4.0,1.0,1.0,1.0,,5.0,15.0,4.0
2.0,2.92,35.0,1.0,1.0,44.0,6.7,3.0,0.0,2.0,0.0,0.0,17.0,15.0,4.0
2.0,3.0,36.0,0.0,1.0,45.0,6.1,4.0,1.0,1.0,0.0,1.0,38.0,15.0,4.0
2.0,3.0,,1.0,1.0,55.0,9.0,4.0,1.0,1.0,0.0,1.0,12.0,16.0,4.0
2.0,3.0,36.0,1.0,1.0,51.0,7.65,4.0,1.0,1.0,0.0,0.0,30.0,17.0,4.0
2.0,3.0,36.0,0.0,0.0,44.0,5.64,,1.0,1.0,,1.0,24.0,15.0,4.0
2.0,3.0,36.0,1.0,0.0,50.0,7.48,,1.0,1.0,,1.0,27.0,17.0,4.0
2.0,3.0,36.0,1.0,1.0,,5.5,1.0,1.0,1.0,0.0,1.0,,,4.0
2.0,3.08,37.0,0.0,1.0,41.0,5.35,1.0,5.0,2.0,0.0,1.0,24.0,15.0,4.0
2.0,3.08,37.0,0.0,0.0,45.0,4.4,4.0,1.0,1.0,0.0,1.0,25.0,15.0,4.0
2.0,3.08,37.0,0.0,1.0,39.0,6.75,4.0,1.0,1.0,0.0,0.0,12.0,15.0,4.0
2.0,3.17,38.0,,1.0,38.0,5.73,4.0,1.0,1.0,0.0,1.0,2.0,15.0,4.0
2.0,3.17,38.0,1.0,,43.0,6.56,1.0,1.0,2.0,0.0,1.0,25.0,15.0,4.0
,3.17,38.0,0.0,0.0,48.0,6.39,4.0,1.0,1.0,0.0,1.0,32.0,16.0,4.0
2.0,3.17,38.0,0.0,0.0,47.0,4.38,4.0,1.0,1.0,0.0,1.0,14.0,16.0,4.0
2.0,3.17,38.0,1.0,1.0,46.0,7.79,4.0,1.0,1.0,0.0,0.0,13.0,15.0,4.0
2.0,3.17,38.0,0.0,1.0,39.0,5.34,4.0,1.0,1.0,0.0,1.0,,17.0,
2.0,3.17,38.0,0.0,,47.0,6.42,4.0,1.0,1.0,0.0,1.0,,15.0,4.0
2.0,3.17,38.0,0.0,1.0,41.0,6.77,3.0,1.0,2.0,0.0,1.0,16.0,15.0,4.0
2.0,3.17,38.0,0.0,1.0,38.0,3.98,4.0,,1.0,1.0,0.0,22.0,15.0,4.0
2.0,3.25,39.0,1.0,,52.0,6.8,3.0,1.0,1.0,0.0,0.0,1.0,,4.0
2.0,3.25,39.0,0.0,0.0,39.0,4.22,1.0,1.0,1.0,0.0,1.0,31.0,15.0,4.0
2.0,3.25,39.0,1.0,1.0,31.0,5.4,4.0,1.0,1.0,0.0,1.0,2.0,15.0,4.0
2.0,3.25,39.0,1.0,1.0,48.0,7.78,3.0,0.0,1.0,0.0,1.0,16.0,16.0,4.0
2.0,3.25,39.0,1.0,1.0,49.0,7.87,4.0,1.0,2.0,0.0,1.0,20.0,,4.0
2.0,3.25,39.0,0.0,1.0,47.0,4.44,4.0,1.0,1.0,0.0,0.0,30.0,15.0,4.0
2.0,3.25,39.0,1.0,1.0,30.0,4.9,1.0,1.0,1.0,0.0,0.0,29.0,15.0,
2.0,3.33,40.0,1.0,0.0,50.0,6.3,1.0,1.0,1.0,0.0,1.0,2.0,15.0,4.0
2.0,3.33,40.0,1.0,1.0,43.0,6.35,3.0,1.0,1.0,0.0,0.0,22.0,15.0,4.0
2.0,3.33,40.0,0.0,0.0,47.0,4.59,4.0,1.0,1.0,,0.0,27.0,17.0,4.0
2.0,3.33,40.0,1.0,1.0,53.0,6.67,4.0,1.0,1.0,0.0,0.0,24.0,15.0,4.0
2.0,3.33,40.0,,0.0,50.0,4.88,4.0,1.0,2.0,1.0,0.0,27.0,,4.0
2.0,,40.0,0.0,0.0,39.0,4.72,4.0,5.0,1.0,0.0,1.0,31.0,16.0,4.0
2.0,3.33,40.0,0.0,1.0,42.0,6.07,4.0,0.0,1.0,0.0,1.0,30.0,15.0,4.0
2.0,3.33,40.0,1.0,1.0,43.0,7.65,4.0,1.0,1.0,0.0,0.0,35.0,15.0,
2.0,3.42,41.0,1.0,0.0,50.0,6.83,4.0,1.0,1.0,0.0,0.0,7.0,15.0,4.0
2.0,3.42,41.0,1.0,1.0,29.0,8.5,3.0,1.0,1.0,0.0,1.0,22.0,15.0,4.0
2.0,3.5,42.0,0.0,0.0,47.0,5.36,4.0,1.0,2.0,0.0,1.0,9.0,,4.0
2.0,3.5,42.0,1.0,0.0,46.0,6.79,1.0,1.0,1.0,0.0,1.0,4.0,15.0,4.0
2.0,3.5,42.0,1.0,1.0,51.0,7.32,3.0,1.0,1.0,0.0,1.0,22.0,15.0,4.0
2.0,3.5,42.0,0.0,0.0,,4.69,4.0,1.0,2.0,0.0,0.0,17.0,15.0,1.0
2.0,3.58,43.0,,1.0,43.0,6.68,4.0,1.0,1.0,1.0,0.0,25.0,17.0,1.0
2.0,3.58,43.0,0.0,1.0,48.0,3.98,4.0,1.0,1.0,0.0,0.0,31.0,15.0,1.0
,3.58,43.0,1.0,0.0,50.0,8.02,1.0,1.0,1.0,0.0,1.0,13.0,15.0,1.0
2.0,3.58,43.0,1.0,1.0,51.0,8.33,4.0,1.0,2.0,0.0,1.0,,16.0,
2.0,3.58,43.0,1.0,1.0,45.0,6.79,3.0,1.0,1.0,0.0,1.0,3.0,15.0,1.0
2.0,3.67,44.0,0.0,,41.0,6.32,4.0,1.0,2.0,0.0,1.0,9.0,17.0,1.0
2.0,3.67,44.0,0.0,1.0,38.0,4.26,4.0,1.0,1.0,0.0,1.0,23.0,16.0,1.0
2.0,3.67,44.0,0.0,0.0,44.0,4.91,1.0,,1.0,0.0,1.0,6.0,15.0,1.0
2.0,3.75,45.0,1.0,1.0,42.0,6.76,4.0,1.0,1.0,0.0,1.0,4.0,17.0,
2.0,3.75,45.0,1.0,1.0,49.0,5.6,3.0,0.0,1.0,0.0,1.0,31.0,15.0,1.0
2.0,3.83,46.0,1.0,0.0,53.0,7.54,4.0,1.0,1.0,0.0,0.0,6.0,15.0,4.0
2.0,3.83,46.0,1.0,1.0,45.0,7.93,1.0,1.0,,0.0,1.0,29.0,16.0,4.0
2.0,3.83,46.0,0.0,1.0,45.0,5.22,4.0,,2.0,0.0,0.0,29.0,,4.0
2.0,,46.0,1.0,1.0,46.0,8.6,3.0,0.0,1.0,1.0,1.0,13.0,17.0,4.0
2.0,3.83,46.0,0.0,0.0,40.0,3.74,4.0,5.0,1.0,0.0,1.0,16.0,16.0,4.0
2.0,3.83,46.0,0.0,1.0,40.0,6.89,4.0,1.0,1.0,0.0,0.0,7.0,15.0,4.0
2.0,3.92,47.0,1.0,1.0,46.0,8.13,4.0,1.0,2.0,0.0,1.0,21.0,17.0,4.0
2.0,3.92,47.0,1.0,1.0,46.0,7.33,4.0,1.0,2.0,0.0,1.0,4.0,15.0,4.0
2.0,3.92,47.0,0.0,0.0,38.0,5.81,4.0,1.0,0.0,0.0,1.0,21.0,12.0,4.0
2.0,4.0,48.0,0.0,1.0,40.0,3.97,4.0,1.0,1.0,0.0,1.0,13.0,12.0,4.0
2.0,4.08,49.0,1.0,1.0,51.0,5.89,4.0,1.0,1.0,0.0,1.0,29.0,16.0,4.0
2.0,4.08,49.0,1.0,1.0,49.0,8.81,4.0,1.0,1.0,0.0,1.0,,17.0,4.0
2.0,4.17,50.0,0.0,1.0,42.0,4.19,4.0,1.0,1.0,0.0,1.0,19.0,12.0,4.0
2.0,4.25,51.0,1.0,1.0,43.0,6.85,4.0,1.0,1.0,1.0,0.0,30.0,16.0,4.0
2.0,4.33,52.0,1.0,1.0,49.0,8.2,4.0,1.0,2.0,0.0,1.0,32.0,16.0,4.0
2.0,4.33,52.0,1.0,0.0,42.0,,,1.0,1.0,0.0,1.0,33.0,12.0,4.0
2.0,4.33,52.0,1.0,0.0,47.0,5.64,4.0,1.0,1.0,0.0,0.0,,15.0,4.0
2.0,4.42,53.0,1.0,1.0,53.0,5.7,3.0,0.0,1.0,0.0,0.0,17.0,16.0,4.0
2.0,4.42,,0.0,0.0,46.0,4.75,1.0,1.0,1.0,0.0,0.0,8.0,12.0,4.0
2.0,4.42,53.0,0.0,0.0,44.0,5.56,4.0,1.0,1.0,0.0,1.0,7.0,12.0,4.0
2.0,4.42,53.0,0.0,0.0,50.0,5.09,4.0,0.0,2.0,0.0,1.0,13.0,12.0,4.0
2.0,4.5,,,1.0,40.0,6.93,4.0,1.0,1.0,0.0,1.0,3.0,12.0,
2.0,4.5,54.0,0.0,0.0,45.0,6.47,4.0,1.0,1.0,0.0,1.0,20.0,16.0,4.0
2.0,4.5,54.0,0.0,0.0,41.0,5.38,,1.0,1.0,0.0,1.0,9.0,17.0,4.0
2.0,4.58,55.0,0.0,0.0,46.0,5.5,1.0,0.0,2.0,0.0,1.0,,16.0,4.0
2.0,4.58,,1.0,1.0,50.0,8.46,4.0,,,1.0,1.0,28.0,17.0,4.0
2.0,4.58,55.0,1.0,1.0,46.0,8.05,4.0,2.0,1.0,0.0,1.0,25.0,16.0,4.0
2.0,4.58,55.0,0.0,1.0,38.0,5.71,3.0,5.0,1.0,0.0,1.0,27.0,12.0,4.0
2.0,4.58,55.0,1.0,1.0,47.0,8.38,4.0,1.0,1.0,0.0,1.0,15.0,12.0,4.0
2.0,4.58,55.0,0.0,1.0,39.0,4.23,4.0,1.0,1.0,0.0,1.0,18.0,12.0,4.0
2.0,4.58,55.0,1.0,0.0,46.0,6.18,4.0,,1.0,0.0,1.0,12.0,12.0,4.0
2.0,,56.0,1.0,1.0,57.0,8.54,4.0,1.0,1.0,0.0,0.0,22.0,12.0,
2.0,,56.0,1.0,1.0,44.0,6.27,,1.0,2.0,0.0,1.0,7.0,12.0,4.0
2.0,4.67,56.0,0.0,0.0,48.0,,4.0,1.0,1.0,0.0,1.0,17.0,12.0,4.0
2.0,4.75,57.0,0.0,0.0,42.0,5.49,4.0,1.0,1.0,0.0,0.0,11.0,16.0,4.0
2.0,4.75,57.0,1.0,1.0,44.0,5.73,4.0,1.0,1.0,0.0,1.0,27.0,15.0,4.0
2.0,4.83,58.0,0.0,1.0,40.0,4.44,4.0,1.0,2.0,0.0,1.0,36.0,12.0,4.0
2.0,,58.0,1.0,1.0,52.0,7.72,3.0,1.0,1.0,0.0,1.0,0.0,12.0,4.0
2.0,4.83,58.0,1.0,0.0,43.0,6.95,3.0,0.0,1.0,0.0,1.0,11.0,12.0,4.0
2.0,4.83,58.0,1.0,0.0,57.0,7.98,4.0,1.0,1.0,0.0,0.0,31.0,12.0,4.0
2.0,4.83,58.0,0.0,1.0,44.0,4.21,1.0,1.0,2.0,0.0,1.0,35.0,12.0,4.0
2.0,4.83,58.0,1.0,,51.0,8.14,4.0,1.0,2.0,0.0,0.0,6.0,12.0,4.0
2.0,4.92,59.0,0.0,1.0,38.0,6.21,4.0,1.0,1.0,0.0,1.0,27.0,16.0,4.0
2.0,4.92,59.0,0.0,0.0,38.0,4.51,4.0,2.0,1.0,0.0,1.0,14.0,12.0,4.0
2.0,4.92,59.0,1.0,0.0,51.0,7.99,4.0,1.0,1.0,0.0,,36.0,12.0,4.0
2.0,4.92,59.0,1.0,0.0,48.0,7.78,4.0,,1.0,0.0,1.0,14.0,12.0,4.0
2.0,4.92,59.0,1.0,1.0,47.0,7.19,4.0,,1.0,0.0,1.0,14.0,15.0,4.0
2.0,5.08,61.0,0.0,0.0,40.0,4.16,1.0,1.0,2.0,0.0,1.0,32.0,16.0,4.0
2.0,5.08,61.0,0.0,0.0,44.0,6.75,4.0,1.0,1.0,0.0,0.0,,15.0,4.0
2.0,5.08,61.0,0.0,1.0,48.0,6.71,4.0,1.0,1.0,,1.0,7.0,15.0,
2.0,5.17,62.0,1.0,1.0,51.0,7.78,3.0,1.0,1.0,0.0,1.0,6.0,16.0,4.0
2.0,5.17,62.0,1.0,0.0,49.0,7.06,3.0,1.0,1.0,0.0,0.0,12.0,12.0,4.0
2.0,5.17,62.0,0.0,1.0,50.0,5.59,4.0,1.0,2.0,0.0,1.0,10.0,17.0,4.0
2.0,5.25,63.0,0.0,0.0,,4.88,1.0,1.0,1.0,0.0,0.0,33.0,12.0,4.0
2.0,5.25,63.0,1.0,1.0,45.0,5.97,4.0,1.0,1.0,0.0,0.0,30.0,12.0,4.0
2.0,5.42,65.0,1.0,1.0,61.0,9.19,4.0,1.0,1.0,0.0,0.0,11.0,12.0,4.0
2.0,5.5,66.0,1.0,0.0,45.0,6.63,4.0,,1.0,0.0,0.0,23.0,12.0,4.0
2.0,5.5,66.0,1.0,1.0,48.0,8.74,4.0,1.0,2.0,0.0,1.0,10.0,12.0,4.0
2.0,5.5,66.0,1.0,1.0,47.0,7.43,3.0,,1.0,0.0,0.0,20.0,15.0,4.0
2.0,5.58,67.0,1.0,0.0,52.0,7.3,3.0,0.0,2.0,0.0,1.0,1.0,15.0,2.0
2.0,5.58,67.0,1.0,1.0,48.0,6.17,4.0,1.0,1.0,0.0,1.0,17.0,15.0,2.0
2.0,5.58,67.0,0.0,0.0,42.0,6.52,4.0,1.0,1.0,0.0,1.0,9.0,17.0,2.0
2.0,5.58,67.0,1.0,0.0,52.0,7.55,4.0,1.0,1.0,0.0,,26.0,12.0,2.0
2.0,5.58,67.0,1.0,1.0,46.0,6.17,4.0,1.0,1.0,0.0,1.0,15.0,,2.0
2.0,,68.0,0.0,0.0,43.0,5.58,4.0,1.0,,0.0,1.0,24.0,12.0,2.0
2.0,5.67,68.0,0.0,1.0,43.0,7.21,4.0,1.0,2.0,0.0,1.0,3.0,15.0,2.0
2.0,5.67,68.0,1.0,0.0,46.0,5.62,3.0,1.0,1.0,0.0,1.0,32.0,12.0,2.0
2.0,,,,0.0,52.0,5.94,3.0,1.0,1.0,0.0,1.0,30.0,12.0,2.0
2.0,5.67,68.0,,1.0,45.0,5.87,4.0,1.0,1.0,0.0,1.0,14.0,12.0,2.0
2.0,5.67,68.0,0.0,1.0,41.0,4.95,4.0,1.0,1.0,0.0,1.0,9.0,12.0,4.0
2.0,5.67,68.0,1.0,1.0,53.0,7.12,3.0,1.0,1.0,1.0,1.0,24.0,17.0,4.0
2.0,5.67,68.0,0.0,1.0,40.0,5.49,4.0,1.0,1.0,0.0,0.0,26.0,12.0,4.0
2.0,5.75,,1.0,0.0,48.0,5.73,4.0,1.0,1.0,0.0,1.0,10.0,12.0,4.0
2.0,5.75,,1.0,1.0,43.0,7.13,4.0,0.0,0.0,0.0,1.0,12.0,12.0,4.0
2.0,5.83,70.0,0.0,1.0,39.0,6.9,4.0,,1.0,0.0,1.0,2.0,16.0,4.0
2.0,5.83,70.0,1.0,1.0,,8.59,4.0,1.0,1.0,0.0,1.0,10.0,12.0,4.0
2.0,5.83,70.0,0.0,0.0,45.0,7.08,,1.0,1.0,0.0,1.0,9.0,12.0,4.0
2.0,6.0,72.0,0.0,1.0,42.0,6.69,,1.0,1.0,0.0,1.0,9.0,16.0,4.0
2.0,6.0,72.0,0.0,0.0,45.0,3.73,3.0,,1.0,0.0,1.0,15.0,16.0,4.0
2.0,6.0,72.0,1.0,1.0,44.0,5.71,4.0,1.0,1.0,0.0,1.0,28.0,15.0,4.0
2.0,6.0,72.0,1.0,1.0,48.0,,4.0,1.0,1.0,0.0,1.0,17.0,12.0,4.0
2.0,6.0,72.0,,0.0,38.0,3.86,4.0,1.0,2.0,0.0,1.0,23.0,16.0,4.0
2.0,6.08,73.0,0.0,1.0,45.0,5.84,4.0,1.0,1.0,0.0,1.0,30.0,12.0,4.0
2.0,6.08,73.0,1.0,1.0,51.0,,3.0,1.0,1.0,0.0,1.0,18.0,16.0,4.0
,6.08,73.0,0.0,0.0,36.0,5.43,4.0,1.0,1.0,0.0,1.0,4.0,12.0,4.0
2.0,6.08,73.0,0.0,1.0,45.0,6.06,4.0,1.0,1.0,0.0,1.0,31.0,17.0,4.0
2.0,6.08,73.0,0.0,1.0,42.0,4.62,,1.0,1.0,0.0,1.0,11.0,15.0,4.0
2.0,6.08,73.0,0.0,1.0,40.0,5.01,4.0,1.0,,0.0,1.0,15.0,16.0,4.0
2.0,6.08,73.0,1.0,0.0,43.0,6.22,,0.0,,0.0,1.0,20.0,15.0,4.0
2.0,6.08,73.0,0.0,1.0,41.0,6.47,4.0,1.0,1.0,,0.0,18.0,12.0,4.0
2.0,6.17,74.0,1.0,1.0,43.0,8.27,1.0,1.0,1.0,0.0,1.0,5.0,17.0,3.0
2.0,6.17,74.0,1.0,0.0,51.0,,4.0,1.0,1.0,0.0,1.0,15.0,12.0,3.0
2.0,6.17,74.0,0.0,1.0,40.0,6.84,4.0,0.0,1.0,0.0,0.0,9.0,17.0,3.0
2.0,,75.0,,0.0,48.0,5.26,3.0,1.0,1.0,0.0,0.0,27.0,12.0,3.0
2.0,6.25,75.0,0.0,0.0,50.0,3.99,4.0,1.0,1.0,0.0,1.0,10.0,16.0,3.0
2.0,6.25,,1.0,1.0,44.0,8.22,4.0,1.0,1.0,0.0,1.0,23.0,17.0,3.0
2.0,6.25,75.0,1.0,0.0,44.0,7.43,4.0,0.0,2.0,0.0,1.0,12.0,12.0,3.0
2.0,6.25,75.0,0.0,0.0,48.0,6.29,,1.0,1.0,1.0,0.0,10.0,12.0,3.0
2.0,6.25,75.0,1.0,1.0,47.0,6.21,4.0,1.0,1.0,0.0,0.0,27.0,12.0,3.0
2.0,6.33,76.0,0.0,1.0,38.0,5.6,4.0,5.0,1.0,0.0,1.0,18.0,17.0,3.0
2.0,6.33,76.0,0.0,0.0,47.0,6.89,,1.0,1.0,0.0,0.0,9.0,12.0,3.0
2.0,6.5,78.0,0.0,1.0,46.0,6.21,4.0,1.0,1.0,0.0,0.0,27.0,12.0,3.0
2.0,6.5,78.0,1.0,1.0,46.0,7.54,4.0,2.0,2.0,0.0,1.0,1.0,12.0,3.0
2.0,6.5,78.0,0.0,1.0,38.0,6.93,1.0,5.0,1.0,0.0,,5.0,12.0,4.0
2.0,6.5,78.0,1.0,1.0,51.0,7.31,4.0,1.0,1.0,0.0,1.0,22.0,17.0,2.0
2.0,6.58,,0.0,1.0,48.0,6.53,4.0,5.0,1.0,0.0,0.0,19.0,12.0,4.0
2.0,,79.0,0.0,1.0,38.0,6.25,4.0,1.0,1.0,0.0,1.0,18.0,17.0,4.0
2.0,6.67,80.0,0.0,0.0,46.0,6.6,4.0,0.0,1.0,0.0,0.0,3.0,12.0,2.0
2.0,6.67,80.0,1.0,1.0,44.0,6.27,1.0,1.0,1.0,0.0,1.0,7.0,12.0,2.0
2.0,6.75,81.0,1.0,1.0,53.0,7.92,3.0,0.0,2.0,,1.0,18.0,12.0,2.0
2.0,6.75,81.0,0.0,1.0,44.0,4.41,4.0,1.0,1.0,0.0,,6.0,17.0,2.0
2.0,6.83,82.0,0.0,0.0,49.0,,2.0,1.0,1.0,0.0,1.0,33.0,12.0,2.0
2.0,6.92,83.0,1.0,1.0,45.0,7.67,4.0,1.0,1.0,0.0,1.0,26.0,15.0,2.0
2.0,7.0,84.0,1.0,1.0,48.0,8.23,4.0,1.0,1.0,0.0,1.0,28.0,12.0,2.0
2.0,,84.0,0.0,0.0,40.0,5.79,4.0,5.0,1.0,0.0,1.0,5.0,15.0,2.0
2.0,7.0,84.0,1.0,1.0,52.0,7.22,4.0,1.0,2.0,0.0,1.0,,17.0,2.0
2.0,7.08,85.0,1.0,1.0,48.0,7.18,1.0,1.0,1.0,0.0,1.0,21.0,,4.0
2.0,7.08,85.0,1.0,1.0,45.0,8.18,,1.0,1.0,0.0,1.0,25.0,21.0,4.0
2.0,7.08,85.0,0.0,0.0,48.0,3.92,4.0,2.0,1.0,0.0,0.0,9.0,,4.0
2.0,7.08,85.0,0.0,1.0,31.0,5.28,1.0,1.0,1.0,0.0,1.0,7.0,16.0,4.0
2.0,7.17,86.0,0.0,0.0,46.0,5.04,4.0,1.0,1.0,0.0,1.0,34.0,19.0,4.0
2.0,7.17,86.0,,1.0,43.0,9.0,1.0,0.0,1.0,0.0,1.0,5.0,20.0,4.0
2.0,7.25,87.0,1.0,0.0,50.0,6.34,,1.0,1.0,1.0,1.0,25.0,18.0,4.0
2.0,7.25,87.0,1.0,1.0,43.0,5.84,4.0,1.0,2.0,0.0,0.0,20.0,20.0,4.0
2.0,7.25,87.0,0.0,0.0,50.0,3.66,4.0,1.0,1.0,0.0,1.0,20.0,20.0,4.0
2.0,7.33,88.0,0.0,1.0,38.0,6.24,1.0,2.0,1.0,0.0,1.0,16.0,20.0,4.0
,7.33,88.0,1.0,1.0,58.0,8.29,4.0,1.0,1.0,0.0,1.0,,15.0,4.0
2.0,7.33,88.0,1.0,1.0,47.0,8.95,4.0,1.0,1.0,0.0,1.0,21.0,18.0,4.0
2.0,7.5,90.0,1.0,0.0,51.0,6.74,4.0,1.0,1.0,0.0,1.0,24.0,15.0,4.0
2.0,,90.0,0.0,1.0,50.0,4.39,4.0,1.0,1.0,0.0,1.0,9.0,19.0,4.0
2.0,7.5,90.0,1.0,0.0,49.0,7.25,4.0,1.0,1.0,0.0,0.0,12.0,17.0,4.0
2.0,7.58,91.0,1.0,1.0,45.0,6.31,4.0,1.0,1.0,0.0,1.0,34.0,19.0,4.0
2.0,7.58,91.0,1.0,1.0,47.0,5.79,4.0,1.0,1.0,0.0,1.0,16.0,21.0,4.0
2.0,7.58,91.0,1.0,1.0,47.0,7.73,4.0,,2.0,0.0,0.0,10.0,16.0,4.0
2.0,7.58,91.0,1.0,1.0,43.0,7.08,4.0,1.0,1.0,0.0,1.0,3.0,15.0,
2.0,7.58,91.0,1.0,1.0,49.0,7.91,4.0,1.0,2.0,0.0,1.0,26.0,18.0,0.0
2.0,7.67,92.0,0.0,1.0,50.0,5.04,3.0,1.0,1.0,0.0,1.0,7.0,,0.0
,7.67,,1.0,,45.0,7.03,4.0,,1.0,0.0,1.0,21.0,19.0,0.0
,7.67,92.0,0.0,1.0,49.0,4.87,4.0,1.0,1.0,1.0,1.0,29.0,18.0,0.0
2.0,7.67,92.0,1.0,,62.0,7.2,1.0,0.0,2.0,0.0,,13.0,17.0,0.0
2.0,7.67,92.0,0.0,1.0,48.0,6.75,1.0,1.0,,0.0,0.0,27.0,20.0,0.0
2.0,7.67,92.0,1.0,1.0,49.0,7.24,3.0,1.0,1.0,0.0,1.0,23.0,17.0,0.0
2.0,7.75,93.0,1.0,1.0,49.0,7.36,4.0,1.0,1.0,0.0,1.0,14.0,19.0,0.0
2.0,7.75,93.0,0.0,0.0,47.0,5.91,4.0,1.0,1.0,0.0,1.0,,21.0,0.0
2.0,7.75,93.0,1.0,1.0,43.0,8.89,4.0,0.0,,0.0,1.0,27.0,19.0,0.0
2.0,7.75,93.0,1.0,1.0,63.0,8.68,3.0,0.0,2.0,0.0,1.0,5.0,16.0,0.0
2.0,7.75,93.0,0.0,1.0,38.0,5.52,,1.0,1.0,0.0,1.0,13.0,16.0,0.0
2.0,7.75,93.0,1.0,0.0,48.0,7.72,4.0,0.0,,0.0,1.0,26.0,17.0,0.0
2.0,7.83,94.0,0.0,0.0,44.0,7.07,1.0,1.0,1.0,0.0,0.0,2.0,15.0,0.0
2.0,7.83,94.0,1.0,1.0,50.0,6.42,1.0,0.0,2.0,0.0,1.0,13.0,18.0,4.0
2.0,7.83,94.0,0.0,1.0,38.0,6.2,4.0,1.0,1.0,0.0,1.0,0.0,18.0,4.0
2.0,7.92,95.0,0.0,0.0,,4.65,,1.0,1.0,0.0,1.0,18.0,16.0,4.0
2.0,7.92,95.0,,0.0,49.0,6.28,4.0,1.0,2.0,0.0,1.0,34.0,18.0,4.0
2.0,8.0,96.0,1.0,1.0,45.0,7.67,4.0,1.0,1.0,0.0,1.0,15.0,20.0,4.0
2.0,8.0,96.0,1.0,1.0,46.0,7.62,1.0,1.0,1.0,0.0,1.0,19.0,18.0,4.0
2.0,8.0,96.0,0.0,1.0,41.0,5.77,4.0,1.0,1.0,0.0,1.0,30.0,19.0,4.0
2.0,8.0,96.0,1.0,1.0,48.0,6.58,4.0,1.0,1.0,0.0,0.0,18.0,16.0,4.0
2.0,7.83,94.0,0.0,1.0,45.0,3.98,4.0,1.0,1.0,0.0,0.0,19.0,21.0,4.0
2.0,8.0,96.0,0.0,1.0,48.0,4.28,4.0,0.0,1.0,0.0,1.0,,16.0,4.0
2.0,,,1.0,0.0,51.0,7.66,4.0,1.0,1.0,0.0,,10.0,19.0,4.0
2.0,7.92,95.0,0.0,1.0,47.0,6.73,4.0,1.0,2.0,0.0,1.0,27.0,15.0,4.0
2.0,8.08,97.0,1.0,1.0,47.0,8.41,3.0,1.0,1.0,0.0,0.0,10.0,19.0,4.0
2.0,8.17,98.0,0.0,,38.0,6.99,4.0,5.0,1.0,0.0,0.0,2.0,16.0,4.0
2.0,8.17,98.0,1.0,0.0,53.0,8.38,4.0,1.0,1.0,0.0,1.0,28.0,20.0,
2.0,8.17,98.0,,1.0,44.0,8.59,4.0,1.0,1.0,0.0,1.0,36.0,19.0,4.0
2.0,8.17,98.0,1.0,0.0,48.0,5.74,4.0,1.0,1.0,0.0,0.0,22.0,20.0,4.0
2.0,8.17,98.0,0.0,0.0,44.0,6.16,1.0,1.0,1.0,0.0,0.0,28.0,20.0,4.0
2.0,8.17,98.0,1.0,1.0,50.0,8.7,3.0,1.0,1.0,0.0,1.0,8.0,19.0,4.0
2.0,8.25,99.0,1.0,1.0,46.0,9.07,,1.0,1.0,0.0,0.0,7.0,16.0,4.0
2.0,8.25,99.0,0.0,1.0,39.0,5.03,4.0,0.0,1.0,0.0,1.0,10.0,19.0,4.0
2.0,8.25,99.0,1.0,1.0,44.0,6.76,4.0,1.0,2.0,0.0,1.0,26.0,,4.0
2.0,8.42,101.0,1.0,0.0,53.0,5.99,4.0,1.0,1.0,0.0,0.0,,17.0,4.0
2.0,8.42,101.0,0.0,1.0,41.0,5.7,1.0,1.0,1.0,0.0,0.0,29.0,20.0,4.0
2.0,8.5,102.0,0.0,,47.0,5.86,1.0,1.0,1.0,0.0,0.0,9.0,20.0,4.0
2.0,8.5,102.0,1.0,1.0,45.0,8.45,4.0,1.0,1.0,0.0,1.0,21.0,20.0,4.0
2.0,8.5,102.0,1.0,1.0,52.0,8.33,4.0,1.0,1.0,0.0,1.0,22.0,17.0,4.0
,8.58,103.0,0.0,0.0,50.0,5.51,,1.0,,0.0,1.0,32.0,18.0,4.0
2.0,,103.0,0.0,1.0,44.0,5.7,4.0,,1.0,0.0,1.0,12.0,20.0,4.0
2.0,8.58,103.0,1.0,,46.0,6.61,1.0,1.0,1.0,0.0,1.0,14.0,19.0,4.0
2.0,8.58,103.0,1.0,0.0,53.0,6.37,1.0,1.0,2.0,0.0,1.0,34.0,18.0,4.0
2.0,4.58,55.0,0.0,1.0,46.0,4.37,4.0,5.0,1.0,0.0,1.0,13.0,12.0,4.0
2.0,8.67,104.0,0.0,1.0,48.0,6.46,4.0,5.0,1.0,0.0,1.0,20.0,18.0,4.0
,8.75,105.0,0.0,0.0,43.0,6.1,4.0,1.0,1.0,0.0,1.0,15.0,20.0,4.0
2.0,,105.0,1.0,0.0,50.0,6.79,4.0,1.0,1.0,0.0,1.0,33.0,21.0,4.0
2.0,4.5,54.0,,1.0,45.0,4.33,4.0,5.0,1.0,0.0,1.0,26.0,15.0,4.0
2.0,8.75,105.0,0.0,1.0,38.0,6.04,4.0,1.0,1.0,1.0,1.0,30.0,19.0,4.0
2.0,8.75,105.0,0.0,0.0,43.0,6.4,4.0,1.0,1.0,0.0,1.0,18.0,18.0,4.0
2.0,5.58,67.0,0.0,0.0,45.0,4.31,4.0,1.0,1.0,,0.0,16.0,12.0,4.0
2.0,8.83,106.0,0.0,0.0,41.0,5.72,4.0,0.0,1.0,,1.0,11.0,20.0,4.0
2.0,8.92,107.0,1.0,1.0,44.0,5.82,4.0,1.0,1.0,0.0,1.0,25.0,20.0,4.0
2.0,8.92,107.0,1.0,1.0,52.0,7.18,3.0,1.0,1.0,0.0,1.0,19.0,19.0,4.0
2.0,8.92,107.0,1.0,1.0,55.0,9.13,4.0,,2.0,0.0,1.0,15.0,18.0,4.0
2.0,8.92,107.0,0.0,0.0,43.0,6.82,4.0,1.0,1.0,0.0,1.0,13.0,18.0,4.0
2.0,9.0,108.0,1.0,1.0,45.0,6.66,4.0,0.0,1.0,0.0,1.0,8.0,19.0,4.0
2.0,9.0,108.0,,0.0,52.0,7.99,3.0,1.0,1.0,0.0,1.0,25.0,17.0,4.0
2.0,9.0,108.0,0.0,0.0,47.0,6.36,4.0,,1.0,0.0,1.0,30.0,19.0,4.0
2.0,9.0,108.0,1.0,1.0,43.0,6.42,3.0,1.0,1.0,0.0,1.0,20.0,17.0,4.0
2.0,9.08,109.0,1.0,0.0,46.0,5.72,4.0,1.0,1.0,0.0,1.0,21.0,18.0,4.0
2.0,5.08,61.0,0.0,1.0,38.0,4.37,4.0,5.0,2.0,0.0,1.0,18.0,17.0,4.0
2.0,9.08,109.0,1.0,1.0,47.0,7.91,4.0,1.0,1.0,0.0,,8.0,20.0,4.0
2.0,9.08,109.0,1.0,0.0,46.0,6.15,1.0,1.0,1.0,0.0,1.0,13.0,21.0,4.0
2.0,9.17,110.0,0.0,1.0,49.0,5.73,3.0,1.0,1.0,0.0,1.0,30.0,17.0,4.0
2.0,9.17,110.0,1.0,1.0,46.0,5.84,4.0,1.0,1.0,0.0,1.0,23.0,18.0,4.0
2.0,9.17,110.0,1.0,1.0,50.0,7.52,1.0,1.0,2.0,0.0,1.0,29.0,18.0,4.0
2.0,2.67,32.0,0.0,0.0,38.0,4.59,4.0,1.0,1.0,0.0,1.0,8.0,12.0,4.0
2.0,9.25,111.0,0.0,0.0,48.0,3.71,4.0,0.0,1.0,0.0,1.0,15.0,18.0,4.0
2.0,9.25,111.0,0.0,0.0,48.0,6.11,4.0,1.0,2.0,0.0,0.0,14.0,20.0,4.0
2.0,9.25,111.0,1.0,1.0,47.0,8.61,4.0,1.0,1.0,0.0,0.0,6.0,17.0,4.0
2.0,9.25,111.0,0.0,1.0,48.0,,4.0,1.0,1.0,0.0,,,,4.0
2.0,9.33,112.0,1.0,0.0,50.0,7.16,1.0,1.0,1.0,0.0,1.0,27.0,19.0,4.0
2.0,5.58,67.0,0.0,0.0,49.0,4.57,4.0,,1.0,0.0,1.0,29.0,16.0,4.0
2.0,9.33,112.0,0.0,1.0,39.0,6.15,4.0,1.0,1.0,0.0,1.0,13.0,19.0,4.0
2.0,9.33,112.0,0.0,1.0,47.0,7.34,2.0,1.0,1.0,0.0,1.0,11.0,16.0,
2.0,9.42,113.0,1.0,1.0,46.0,8.17,1.0,1.0,1.0,0.0,1.0,22.0,16.0,4.0
2.0,9.42,113.0,0.0,1.0,38.0,6.38,4.0,1.0,1.0,0.0,1.0,38.0,21.0,4.0
2.0,9.42,113.0,0.0,1.0,45.0,6.48,1.0,1.0,1.0,0.0,1.0,27.0,17.0,4.0
2.0,9.42,113.0,1.0,1.0,54.0,9.15,4.0,1.0,2.0,0.0,1.0,6.0,18.0,4.0
2.0,,114.0,0.0,1.0,48.0,4.76,4.0,1.0,1.0,0.0,1.0,13.0,19.0,4.0
2.0,5.17,62.0,0.0,0.0,40.0,4.07,4.0,1.0,1.0,0.0,1.0,22.0,15.0,4.0
2.0,9.5,114.0,1.0,1.0,58.0,9.06,3.0,1.0,1.0,0.0,1.0,0.0,18.0,4.0
2.0,9.5,114.0,,0.0,53.0,7.09,4.0,1.0,2.0,0.0,1.0,21.0,20.0,4.0
2.0,9.58,115.0,1.0,1.0,51.0,7.7,3.0,1.0,1.0,0.0,1.0,23.0,19.0,4.0
2.0,9.58,115.0,1.0,1.0,46.0,5.87,,1.0,1.0,0.0,0.0,29.0,,4.0
,9.58,115.0,,0.0,50.0,6.91,4.0,1.0,1.0,,1.0,30.0,16.0,4.0
2.0,,115.0,1.0,,48.0,8.58,4.0,1.0,2.0,0.0,0.0,18.0,,4.0
2.0,4.0,48.0,0.0,1.0,44.0,3.91,4.0,0.0,1.0,0.0,0.0,36.0,17.0,4.0
2.0,9.67,116.0,1.0,1.0,43.0,9.33,4.0,1.0,1.0,0.0,1.0,14.0,16.0,
2.0,9.67,116.0,0.0,1.0,38.0,,4.0,1.0,1.0,0.0,1.0,31.0,19.0,4.0
2.0,9.67,116.0,0.0,,42.0,6.31,4.0,1.0,1.0,0.0,1.0,16.0,17.0,4.0
2.0,9.75,117.0,1.0,0.0,47.0,6.0,4.0,1.0,2.0,0.0,0.0,24.0,17.0,4.0
2.0,4.67,56.0,0.0,0.0,47.0,5.0,4.0,2.0,1.0,0.0,1.0,8.0,12.0,4.0
2.0,5.58,67.0,0.0,0.0,35.0,5.59,1.0,5.0,1.0,0.0,1.0,,17.0,4.0
2.0,9.83,118.0,1.0,0.0,,,4.0,1.0,,0.0,1.0,18.0,19.0,4.0
2.0,9.83,118.0,1.0,,45.0,9.08,4.0,,2.0,0.0,1.0,24.0,17.0,4.0
2.0,9.83,118.0,0.0,1.0,41.0,5.76,2.0,1.0,1.0,0.0,1.0,19.0,16.0,4.0
2.0,9.83,118.0,0.0,1.0,44.0,6.25,4.0,1.0,,0.0,1.0,18.0,,4.0
2.0,4.67,56.0,0.0,1.0,49.0,4.62,4.0,1.0,,1.0,1.0,24.0,12.0,4.0
2.0,4.67,56.0,,1.0,42.0,3.74,4.0,1.0,1.0,0.0,,24.0,12.0,4.0
2.0,10.83,130.0,0.0,1.0,41.0,6.51,4.0,1.0,,0.0,0.0,31.0,18.0,4.0
2.0,9.92,119.0,0.0,1.0,33.0,6.07,4.0,,,0.0,0.0,4.0,19.0,4.0
2.0,3.08,37.0,0.0,1.0,45.0,4.06,3.0,0.0,1.0,0.0,1.0,16.0,15.0,4.0
2.0,10.5,126.0,0.0,1.0,43.0,5.58,4.0,0.0,1.0,0.0,1.0,0.0,19.0,4.0
2.0,,,1.0,1.0,48.0,7.59,1.0,1.0,1.0,0.0,0.0,16.0,16.0,4.0
2.0,0.08,1.0,1.0,0.0,,0.6,4.0,1.0,1.0,0.0,1.0,20.0,21.0,4.0
2.0,0.08,1.0,1.0,0.0,12.0,0.8,4.0,1.0,1.0,0.0,1.0,31.0,20.0,4.0
2.0,0.08,,1.0,0.0,11.0,0.7,4.0,1.0,1.0,0.0,,,19.0,
2.0,0.08,1.0,1.0,0.0,12.0,0.9,4.0,1.0,1.0,0.0,1.0,29.0,20.0,4.0
2.0,0.08,1.0,1.0,0.0,12.0,0.6,4.0,1.0,1.0,0.0,1.0,30.0,22.0,4.0
2.0,0.17,2.0,0.0,0.0,14.0,0.9,4.0,1.0,1.0,0.0,1.0,20.0,18.0,4.0
2.0,0.08,,1.0,0.0,10.0,0.8,3.0,0.0,1.0,1.0,0.0,26.0,21.0,4.0
2.0,0.17,2.0,0.0,,14.0,1.3,3.0,0.0,1.0,0.0,1.0,21.0,20.0,4.0
2.0,0.08,1.0,0.0,0.0,11.0,0.9,3.0,0.0,1.0,0.0,1.0,23.0,21.0,4.0
2.0,0.08,1.0,1.0,0.0,15.0,,3.0,0.0,1.0,0.0,0.0,34.0,21.0,4.0
2.0,0.08,1.0,0.0,0.0,10.0,0.8,3.0,,1.0,0.0,1.0,39.0,21.0,4.0
2.0,0.17,2.0,0.0,0.0,14.0,1.1,1.0,1.0,1.0,0.0,1.0,35.0,18.0,4.0
2.0,0.08,1.0,1.0,0.0,15.0,0.8,1.0,1.0,1.0,0.0,0.0,39.0,22.0,4.0
2.0,0.08,1.0,1.0,0.0,10.0,0.9,3.0,1.0,1.0,0.0,1.0,31.0,20.0,4.0
2.0,0.17,2.0,0.0,0.0,13.0,0.8,,1.0,1.0,0.0,1.0,,18.0,4.0
2.0,0.08,1.0,0.0,0.0,13.0,0.7,3.0,1.0,1.0,0.0,1.0,,22.0,4.0
2.0,0.17,2.0,0.0,,16.0,0.8,3.0,1.0,1.0,1.0,,,18.0,4.0
2.0,0.17,2.0,0.0,0.0,16.0,1.1,3.0,5.0,1.0,0.0,0.0,31.0,18.0,4.0
2.0,0.17,2.0,1.0,0.0,17.0,1.2,3.0,0.0,1.0,0.0,1.0,39.0,18.0,4.0
0.0,0.08,1.0,1.0,0.0,12.0,0.8,5.0,3.0,1.0,0.0,1.0,36.0,19.0,
0.0,0.08,1.0,0.0,0.0,13.0,0.8,5.0,3.0,1.0,0.0,1.0,31.0,,4.0
0.0,0.17,2.0,0.0,0.0,16.0,0.8,5.0,3.0,1.0,0.0,1.0,36.0,20.0,4.0
0.0,0.17,2.0,1.0,0.0,17.0,0.8,0.0,3.0,1.0,0.0,0.0,40.0,20.0,4.0
0.0,0.17,2.0,1.0,0.0,15.0,1.1,5.0,,2.0,0.0,1.0,22.0,20.0,4.0
0.0,0.17,2.0,0.0,0.0,17.0,0.9,5.0,3.0,1.0,,1.0,38.0,20.0,4.0
0.0,0.08,1.0,0.0,0.0,,0.7,5.0,3.0,1.0,0.0,1.0,40.0,22.0,3.0
0.0,0.17,2.0,1.0,0.0,,0.7,0.0,3.0,1.0,0.0,0.0,40.0,20.0,4.0
0.0,0.17,2.0,,0.0,15.0,0.8,5.0,3.0,2.0,0.0,,38.0,20.0,4.0
0.0,0.08,1.0,0.0,0.0,14.0,0.7,,3.0,1.0,1.0,1.0,37.0,20.0,4.0
0.0,0.17,2.0,0.0,,14.0,0.7,5.0,3.0,1.0,0.0,1.0,32.0,18.0,2.0
0.0,,2.0,0.0,0.0,17.0,0.8,5.0,3.0,2.0,0.0,1.0,39.0,19.0,
0.0,0.17,2.0,0.0,0.0,14.0,0.8,5.0,3.0,1.0,0.0,0.0,24.0,18.0,4.0
0.0,0.17,2.0,1.0,0.0,16.0,1.2,5.0,,1.0,0.0,1.0,34.0,19.0,4.0
1.0,0.08,1.0,1.0,0.0,15.0,0.7,5.0,3.0,1.0,0.0,1.0,25.0,19.0,4.0
1.0,0.08,1.0,0.0,0.0,,0.8,1.0,4.0,2.0,0.0,1.0,34.0,21.0,4.0
1.0,0.08,1.0,0.0,0.0,13.0,0.8,3.0,4.0,1.0,0.0,1.0,30.0,22.0,4.0
1.0,0.08,1.0,,0.0,,0.8,0.0,0.0,2.0,0.0,0.0,40.0,21.0,4.0
1.0,0.17,2.0,1.0,0.0,14.0,,3.0,4.0,1.0,0.0,1.0,38.0,18.0,4.0
1.0,0.08,,0.0,0.0,15.0,0.5,3.0,5.0,1.0,,1.0,22.0,21.0,4.0
1.0,0.08,1.0,0.0,0.0,12.0,0.8,1.0,4.0,2.0,1.0,1.0,33.0,20.0,4.0
1.0,0.08,1.0,1.0,0.0,13.0,0.7,1.0,4.0,1.0,0.0,0.0,36.0,19.0,4.0
1.0,0.17,2.0,1.0,0.0,15.0,1.3,1.0,4.0,2.0,0.0,1.0,21.0,20.0,3.0
1.0,0.17,2.0,0.0,0.0,15.0,1.4,1.0,4.0,1.0,0.0,,,18.0,3.0
,0.17,2.0,0.0,,12.0,,1.0,3.0,2.0,0.0,1.0,31.0,19.0,3.0
,0.17,2.0,,0.0,15.0,1.2,5.0,3.0,1.0,,1.0,35.0,20.0,3.0
1.0,,2.0,0.0,0.0,17.0,1.0,0.0,0.0,1.0,0.0,1.0,36.0,19.0,3.0
1.0,0.17,2.0,1.0,0.0,14.0,0.7,3.0,4.0,1.0,0.0,,20.0,20.0,
1.0,0.17,2.0,1.0,0.0,16.0,1.1,3.0,4.0,2.0,0.0,1.0,34.0,19.0,3.0
1.0,0.17,2.0,0.0,0.0,15.0,1.1,3.0,3.0,1.0,0.0,1.0,39.0,20.0,3.0
