SepalLengthCm float,SepalWidthCm float,PetalLengthCm float,PetalWidthCm float,Species str
,d.f,b.e,a.c,Iris-setosa
e.j,d.a,b.e,a.c,Iris-setosa
e.h,d.c,b.d,a.c,Iris-setosa
e.g,d.b,b.f,a.c,Iris-setosa
f.a,d.g,b.e,a.c,Iris-setosa
,d.j,b.h,a.e,Iris-setosa
e.g,d.e,b.e,a.d,Iris-setosa
f.a,d.e,b.f,a.c,Iris-setosa
e.e,,b.e,a.c,Iris-setosa
e.j,d.b,b.f,a.b,Iris-setosa
f.e,d.h,b.f,a.c,Iris-setosa
e.i,d.e,b.g,a.c,
e.i,d.a,b.e,a.b,Iris-setosa
e.d,d.a,b.b,a.b,
f.i,e.a,b.c,a.c,Iris-setosa
f.h,e.e,b.f,a.e,Iris-setosa
f.e,d.j,b.d,a.e,Iris-setosa
f.b,d.f,b.e,a.d,Iris-setosa
f.h,d.i,b.h,,Iris-setosa
f.b,d.i,b.f,,Iris-setosa
f.e,d.e,b.h,a.c,
f.b,d.h,b.f,a.e,Iris-setosa
e.g,d.g,b.a,a.c,Iris-setosa
f.b,d.d,b.h,a.f,
e.i,d.e,b.j,a.c,Iris-setosa
f.a,d.a,,a.c,Iris-setosa
f.a,d.e,b.g,,Iris-setosa
f.c,d.f,b.f,,Iris-setosa
f.c,,b.e,,Iris-setosa
e.h,d.c,b.g,a.c,Iris-setosa
e.i,,b.g,a.c,Iris-setosa
,d.e,b.f,a.e,
f.c,e.b,b.f,a.b,Iris-setosa
f.f,e.c,b.e,a.c,Iris-setosa
e.j,,b.f,a.b,Iris-setosa
f.a,d.c,,a.c,Iris-setosa
f.f,d.f,b.d,a.c,Iris-setosa
e.j,d.b,b.f,a.b,Iris-setosa
e.e,d.a,b.d,a.c,Iris-setosa
f.b,d.e,b.f,a.c,Iris-setosa
,d.f,b.d,a.d,Iris-setosa
e.f,c.d,b.d,a.d,Iris-setosa
e.e,,b.d,a.c,Iris-setosa
f.a,,b.g,,Iris-setosa
f.b,,b.j,a.e,Iris-setosa
e.i,d.a,b.e,a.d,
f.b,d.i,b.g,,Iris-setosa
e.g,d.c,b.e,a.c,Iris-setosa
f.d,d.h,b.f,a.c,Iris-setosa
f.a,d.d,b.e,a.c,Iris-setosa
,d.c,e.h,b.e,Iris-versicolor
g.e,d.c,e.f,b.f,Iris-versicolor
g.j,d.b,e.j,b.f,Iris-versicolor
f.f,c.d,e.a,b.d,Iris-versicolor
g.f,c.i,,b.f,Iris-versicolor
f.h,c.i,e.f,b.d,Iris-versicolor
g.d,d.d,e.h,b.g,Iris-versicolor
e.j,c.e,d.d,,Iris-versicolor
g.g,c.j,e.g,,Iris-versicolor
,c.h,d.j,b.e,Iris-versicolor
f.a,c.a,d.f,b.a,Iris-versicolor
f.j,d.a,e.c,b.f,Iris-versicolor
g.a,c.c,e.a,b.a,Iris-versicolor
g.b,c.j,,b.e,Iris-versicolor
f.g,,d.g,b.d,Iris-versicolor
g.h,d.b,e.e,b.e,Iris-versicolor
f.g,d.a,e.f,b.f,Iris-versicolor
,c.h,e.b,b.a,Iris-versicolor
g.c,c.c,e.f,b.f,Iris-versicolor
f.g,c.f,d.j,b.b,Iris-versicolor
f.j,d.c,e.i,b.i,Iris-versicolor
g.b,c.i,e.a,b.d,Iris-versicolor
g.d,c.f,,b.f,
g.b,c.i,e.h,b.c,Iris-versicolor
g.e,c.j,e.d,b.d,Iris-versicolor
g.g,d.a,e.e,b.e,Iris-versicolor
g.i,,e.i,b.e,Iris-versicolor
g.h,d.a,f.a,b.h,Iris-versicolor
g.a,c.j,e.f,,Iris-versicolor
f.h,,d.f,b.a,Iris-versicolor
,c.e,,b.b,Iris-versicolor
f.f,c.e,d.h,b.a,Iris-versicolor
,c.h,d.j,b.c,Iris-versicolor
g.a,c.h,f.b,b.g,Iris-versicolor
f.e,d.a,e.f,b.f,Iris-versicolor
g.a,d.e,e.f,b.g,Iris-versicolor
g.h,d.b,e.h,b.f,Iris-versicolor
g.d,c.d,e.e,,Iris-versicolor
f.g,d.a,e.b,b.d,Iris-versicolor
f.f,c.f,e.a,b.d,
f.f,c.g,e.e,b.c,Iris-versicolor
g.b,d.a,e.g,b.e,Iris-versicolor
,c.g,e.a,b.c,Iris-versicolor
f.a,c.d,d.d,b.a,Iris-versicolor
f.g,c.h,e.c,b.d,Iris-versicolor
f.h,d.a,e.c,b.c,Iris-versicolor
f.h,c.j,e.c,b.d,Iris-versicolor
g.c,c.j,e.d,b.d,Iris-versicolor
f.b,c.f,d.a,b.b,Iris-versicolor
f.h,c.i,e.b,b.d,Iris-versicolor
g.d,d.d,g.a,c.f,Iris-virginica
,c.h,f.b,b.j,Iris-virginica
h.b,d.a,f.j,c.b,Iris-virginica
g.d,c.j,f.g,b.i,Iris-virginica
g.f,d.a,f.i,,Iris-virginica
h.g,d.a,g.g,c.b,Iris-virginica
e.j,c.f,e.f,b.h,Iris-virginica
h.d,c.j,g.d,b.i,Iris-virginica
,c.f,f.i,b.i,Iris-virginica
h.c,d.g,g.b,,Iris-virginica
g.f,d.c,f.b,c.a,Iris-virginica
,c.h,,b.j,Iris-virginica
g.i,d.a,,c.b,
f.h,,,c.a,Iris-virginica
,c.i,f.b,,Iris-virginica
g.e,d.c,f.d,c.d,Iris-virginica
g.f,d.a,f.f,b.i,Iris-virginica
h.h,d.i,g.h,c.c,Iris-virginica
h.h,c.g,g.j,c.d,Iris-virginica
g.a,c.c,f.a,b.f,Iris-virginica
g.j,d.c,,c.d,Iris-virginica
f.g,,e.j,c.a,Iris-virginica
h.h,,,c.a,
g.d,c.h,e.j,b.i,Iris-virginica
g.h,d.d,f.h,c.b,Iris-virginica
,d.c,g.a,b.i,Iris-virginica
g.c,c.i,,b.i,Iris-virginica
g.b,d.a,e.j,b.i,Iris-virginica
g.e,c.i,f.g,c.b,
h.c,d.a,f.i,b.g,
h.e,c.i,g.b,b.j,Iris-virginica
h.j,d.i,g.e,c.a,Iris-virginica
g.e,c.i,f.g,c.c,Iris-virginica
g.d,c.i,f.b,b.f,Iris-virginica
g.b,c.g,,,Iris-virginica
h.h,d.a,,c.d,
g.d,d.e,f.g,c.e,
g.e,d.b,f.f,b.i,Iris-virginica
g.a,d.a,e.i,b.i,Iris-virginica
g.j,,f.e,c.b,Iris-virginica
g.h,d.b,f.g,c.e,Iris-virginica
g.j,d.b,f.b,c.d,Iris-virginica
f.i,c.h,,b.j,Iris-virginica
g.i,,f.j,c.d,Iris-virginica
g.h,d.d,f.h,c.f,Iris-virginica
g.h,d.a,f.c,c.d,Iris-virginica
g.d,c.f,f.a,b.j,Iris-virginica
g.f,d.a,f.c,c.a,Iris-virginica
g.c,d.e,f.e,c.d,
f.j,d.a,f.b,b.i,Iris-virginica
