Country str,City str,University str,Program str,Level str,DurationYears float,TuitionUSD float,LivingCostIndex float,RentUSD float,VisaFeeUSD float,InsuranceUSD float,ExchangeRate float
USA,Cambridge,Harvard University,Computer Science,Master,c.a,ffeaa.a,id.f,ccaa.a,bga.a,bfaa.a,b.a
UK,,Imperial College London,Data Science,Master,b.a,ebcaa.a,hf.i,biaa.a,,iaa.a,a.hj
Canada,Toronto,University of Toronto,Business Analytics,Master,c.a,difaa.a,hc.f,bgaa.a,cdf.a,jaa.a,b.df
Australia,Melbourne,University of Melbourne,Engineering,Master,c.a,ecaaa.a,hb.c,beaa.a,efa.a,gfa.a,b.fc
Germany,Munich,,Mechanical Engineering,Master,c.a,faa.a,ha.f,bbaa.a,hf.a,,a.jc
Japan,Tokyo,University of Tokyo,Information Science,Master,c.a,ijaa.a,hg.e,bdaa.a,cca.a,hfa.a,bef.i
Netherlands,Amsterdam,University of Amsterdam,Artificial Intelligence,Master,b.a,bfiaa.a,hd.c,bfaa.a,bia.a,hca.a,a.jc
Singapore,Singapore,National University of Singapore,Finance,Master,b.f,dfaaa.a,ib.b,bjaa.a,ja.a,iaa.a,b.de
France,Paris,Sorbonne University,International Relations,Master,c.a,efaa.a,he.g,beaa.a,jj.a,gfa.a,a.jc
Switzerland,Zurich,ETH Zurich,Physics,Master,c.a,bega.a,jb.f,cbaa.a,ii.a,bcaa.a,a.ij
Sweden,Stockholm,KTH Royal Institute,Sustainable Technology,Master,c.a,a.a,hb.i,bcaa.a,bba.a,eaa.a,ba.ef
Denmark,Copenhagen,University of Copenhagen,Bioinformatics,Master,c.a,a.a,hd.e,bdaa.a,bca.a,efa.a,g.jc
China,Beijing,,Computer Engineering,Master,c.f,ijaa.a,fc.d,iaa.a,bea.a,eaa.a,h.bi
South Korea,Seoul,Seoul National University,Digital Media,Master,c.a,hcaa.a,gi.h,jaa.a,bda.a,,
Ireland,Dublin,,Data Analytics,Master,b.a,cijaa.a,hc.j,bgaa.a,bfa.a,gfa.a,a.jc
South Korea,Busan,Pusan National University,Business,Bachelor,e.a,fjaa.a,gc.e,haa.a,bda.a,,
New Zealand,Auckland,University of Auckland,Marine Biology,Bachelor,d.a,cifaa.a,gj.i,bcaa.a,cef.a,gaa.a,b.ge
Austria,Vienna,University of Vienna,Social Sciences,Bachelor,d.a,bfaa.a,gh.e,jfa.a,bga.a,,a.jc
Belgium,Brussels,KU Leuven,Biomedical Sciences,Bachelor,d.a,dfaa.a,gi.j,baaa.a,bia.a,,a.jc
USA,Ann Arbor,University of Michigan,Aerospace Engineering,Bachelor,e.a,fcdaa.a,hc.f,biaa.a,bga.a,bfaa.a,b.a
USA,Atlanta,Georgia Tech,Industrial Engineering,Bachelor,e.a,ediaa.a,hb.f,bhaa.a,bga.a,bfaa.a,b.a
USA,Austin,UT Austin,Chemical Engineering,Bachelor,e.a,eajaa.a,hc.e,bgaa.a,bga.a,bfaa.a,b.a
UK,Bristol,University of Bristol,Mathematics,Bachelor,d.a,,gj.i,bbaa.a,,iaa.a,a.hj
Canada,Ottawa,University of Ottawa,Political Science,Bachelor,e.a,cijaa.a,gi.f,bdaa.a,cdf.a,jaa.a,b.df
Hong Kong,Hong Kong,HKUST,Finance,Bachelor,e.a,ccaaa.a,hi.g,bfaa.a,bca.a,gaa.a,h.ic
Portugal,,University of Lisbon,Architecture,Bachelor,d.a,dfaa.a,fi.e,iaa.a,bca.a,efa.a,a.jc
Israel,Tel Aviv,,Computer Science,Bachelor,d.a,bcaaa.a,hg.c,bcaa.a,bfa.a,iaa.a,d.hc
Taiwan,Taipei,National Taiwan University,Electronics Engineering,Bachelor,e.a,fcaa.a,gc.i,haa.a,bea.a,efa.a,db.c
Czech Republic,Prague,Charles University,Medicine,Bachelor,d.a,jiaa.a,fe.g,,baa.a,eaa.a,cc.f
USA,Stanford,Stanford University,Computer Science,PhD,f.a,fecaa.a,ij.f,cdaa.a,bga.a,bfaa.a,b.a
USA,Boston,MIT,Electrical Engineering,PhD,f.a,fdiaa.a,id.c,ccaa.a,bga.a,bfaa.a,b.a
UK,Oxford,University of Oxford,Biomedical Sciences,PhD,e.a,cjiaa.a,he.f,bgaa.a,eif.a,iaa.a,a.hj
UK,Cambridge,University of Cambridge,Physics,PhD,e.a,,hf.c,bhaa.a,eif.a,iaa.a,a.hj
Germany,Heidelberg,Heidelberg University,Molecular Biology,PhD,d.a,faa.a,gi.e,jaa.a,hf.a,,a.jc
Switzerland,Basel,ETH Basel,Pharmaceutical Sciences,PhD,e.a,bfaa.a,ii.g,biaa.a,ii.a,bcaa.a,a.ij
Netherlands,Delft,TU Delft,Robotics,PhD,e.a,eiaa.a,hb.i,bcaa.a,bia.a,hca.a,a.jc
Singapore,Singapore,NTU Singapore,Data Science,PhD,e.a,ijaa.a,ib.f,bgaa.a,ja.a,iaa.a,b.de
Canada,Waterloo,University of Waterloo,Quantum Computing,PhD,e.a,cbfaa.a,gj.i,bdaa.a,cdf.a,jaa.a,b.df
Australia,Canberra,Australian National University,Climate Science,PhD,e.a,cjiaa.a,ha.c,beaa.a,efa.a,gfa.a,b.fc
Sweden,,Lund University,Neuroscience,PhD,e.a,a.a,gj.f,baaa.a,bba.a,eaa.a,ba.ef
USA,San Diego,,Computer Science,Bachelor,e.a,eecaa.a,hj.f,bjaa.a,bga.a,bfaa.a,b.a
USA,Seattle,University of Washington,Computer Science,Master,c.a,dijaa.a,id.e,caaa.a,bga.a,bfaa.a,b.a
Canada,Edmonton,University of Alberta,Computer Science,PhD,e.a,cciaa.a,gh.i,bcaa.a,cdf.a,jaa.a,b.df
UK,Glasgow,University of Glasgow,Computer Science,Master,b.a,ddfaa.a,gh.f,bbaa.a,eif.a,iaa.a,a.hj
India,Bangalore,Indian Institute of Science,Computer Science,Master,c.a,cfaa.a,ef.g,faa.a,caa.a,daa.a,id.c
Denmark,Aalborg,Aalborg University,Computer Science,Bachelor,d.a,a.a,gj.i,jaa.a,bca.a,efa.a,g.jc
Poland,Warsaw,University of Warsaw,Computer Science,Master,c.a,diaa.a,fb.c,,ia.a,dfa.a,e.ac
Ireland,Galway,NUI Galway,Computer Science,Bachelor,e.a,cfiaa.a,gi.f,bbaa.a,bfa.a,gfa.a,a.jc
South Korea,Daejeon,KAIST,Computer Science,PhD,e.a,gjaa.a,,haa.a,bda.a,,
Malaysia,Kuala Lumpur,University of Malaya,Computer Science,Bachelor,e.a,eiaa.a,ei.c,faa.a,bba.a,daa.a,e.hc
USA,Berkeley,,Computer Science,Bachelor,e.a,eejaa.a,ie.c,cbaa.a,bga.a,bfaa.a,b.a
UK,Manchester,University of Manchester,Economics,Bachelor,d.a,,gi.e,bcaa.a,eif.a,iaa.a,a.hj
Canada,Vancouver,University of British Columbia,Psychology,Bachelor,e.a,,hb.c,bhaa.a,cdf.a,jaa.a,b.df
Australia,Sydney,University of Sydney,Business,Bachelor,d.a,dfaaa.a,hc.i,bgaa.a,efa.a,gfa.a,b.fc
Germany,Berlin,Free University of Berlin,International Business,Bachelor,d.a,a.a,,jaa.a,hf.a,,a.jc
Spain,Barcelona,University of Barcelona,Architecture,Bachelor,e.a,ciaa.a,gc.e,jfa.a,bga.a,,a.jc
Italy,Milan,Politecnico di Milano,Design,Bachelor,d.a,ecaa.a,gd.i,bbaa.a,bca.a,gfa.a,a.jc
Netherlands,Rotterdam,Erasmus University,Economics,Bachelor,d.a,bbcaa.a,hb.f,bdaa.a,bia.a,hca.a,a.jc
Finland,Helsinki,University of Helsinki,Computer Science,Bachelor,d.a,a.a,ha.c,bbaa.a,bca.a,eaa.a,a.jc
Norway,Oslo,University of Oslo,Environmental Science,Bachelor,d.a,a.a,hf.g,beaa.a,bdf.a,efa.a,ba.ef
Japan,Osaka,Osaka University,Engineering,Bachelor,e.a,giaa.a,hb.c,jaa.a,cca.a,hfa.a,bef.i
Japan,Kyoto,Kyoto University,Computer Science,Master,c.a,ifaa.a,hb.i,jaa.a,cca.a,hfa.a,bef.i
Japan,Nagoya,Nagoya University,Information Science,Bachelor,e.a,hiaa.a,gi.f,hfa.a,cca.a,hfa.a,bef.i
Japan,Sendai,,Software Engineering,Master,c.a,icaa.a,,,cca.a,hfa.a,bef.i
Japan,Fukuoka,Kyushu University,Computer Engineering,Bachelor,e.a,hfaa.a,,,cca.a,hfa.a,bef.i
Japan,Sapporo,Hokkaido University,,Master,c.a,ibaa.a,gd.f,ffa.a,cca.a,hfa.a,bef.i
Japan,Tokyo,,Artificial Intelligence,,d.a,ijaa.a,hg.e,bbaa.a,cca.a,hfa.a,bef.i
Japan,Tsukuba,University of Tsukuba,Information Systems,Bachelor,e.a,hcaa.a,ge.c,,cca.a,hfa.a,bef.i
Japan,Kobe,Kobe University,Computer Science,Master,c.a,hjaa.a,gh.i,haa.a,cca.a,hfa.a,bef.i
Japan,Kanazawa,Kanazawa University,Software Engineering,Bachelor,e.a,hbaa.a,gc.f,faa.a,cca.a,hfa.a,bef.i
Japan,Hiroshima,Hiroshima University,Information Technology,Master,c.a,hgaa.a,gd.i,ffa.a,cca.a,hfa.a,bef.i
Australia,Adelaide,University of Adelaide,Computer Science,Bachelor,d.a,,gi.f,bbaa.a,efa.a,gfa.a,b.fc
Australia,Perth,University of Western Australia,Software Engineering,Master,c.a,defaa.a,gj.i,bcaa.a,efa.a,gfa.a,b.fc
Australia,Gold Coast,Griffith University,Information Technology,Bachelor,d.a,,gh.f,bbaa.a,efa.a,gfa.a,b.fc
Australia,Hobart,University of Tasmania,,Master,c.a,,,jfa.a,efa.a,gfa.a,b.fc
Australia,Newcastle,University of Newcastle,Computer Engineering,Bachelor,e.a,,gg.i,baaa.a,efa.a,gfa.a,b.fc
Australia,Wollongong,University of Wollongong,Artificial Intelligence,Master,c.a,dcjaa.a,gh.c,bafa.a,efa.a,gfa.a,b.fc
Australia,Darwin,Charles Darwin University,Information Systems,Bachelor,d.a,cjiaa.a,,jaa.a,efa.a,gfa.a,b.fc
Australia,Townsville,James Cook University,Data Analytics,Master,c.a,,gf.i,jfa.a,efa.a,gfa.a,b.fc
Australia,Sunshine Coast,USC,Software Development,Bachelor,d.a,cjfaa.a,gg.c,baaa.a,efa.a,gfa.a,b.fc
Australia,Armidale,University of New England,Computing Science,Master,c.a,,,ifa.a,efa.a,gfa.a,b.fc
Germany,Dresden,,Computer Science,Master,c.a,faa.a,gf.i,hfa.a,hf.a,,a.jc
Germany,Stuttgart,University of Stuttgart,Software Engineering,Bachelor,d.a,efa.a,gi.f,ifa.a,hf.a,,a.jc
Germany,Hamburg,,Data Engineering,Master,c.a,faa.a,hb.c,jfa.a,hf.a,,a.jc
Germany,Aachen,RWTH Aachen,Computer Engineering,Bachelor,d.a,faa.a,gg.e,haa.a,hf.a,,a.jc
Germany,Karlsruhe,KIT,Artificial Intelligence,Master,c.a,faa.a,gh.i,iaa.a,hf.a,,a.jc
Germany,Darmstadt,TU Darmstadt,Information Systems,Bachelor,d.a,efa.a,gg.j,hfa.a,hf.a,,a.jc
Germany,Braunschweig,TU Braunschweig,Software Systems,Master,c.a,faa.a,,,hf.a,,a.jc
Germany,Jena,University of Jena,,Bachelor,d.a,efa.a,gd.i,,hf.a,,a.jc
Germany,Hannover,Leibniz University,Digital Engineering,Master,c.a,faa.a,gg.c,hfa.a,hf.a,,a.jc
Germany,Freiburg,University of Freiburg,Robotics & AI,Master,c.a,faa.a,gh.f,iaa.a,hf.a,,a.jc
USA,Philadelphia,University of Pennsylvania,Computer Science,Master,c.a,fbjaa.a,hg.i,bjaa.a,bga.a,bfaa.a,b.a
USA,Chicago,University of Chicago,Data Analytics,Master,c.a,fceaa.a,hi.j,caaa.a,bga.a,bfaa.a,b.a
USA,Baltimore,Johns Hopkins,Artificial Intelligence,PhD,f.a,fdgaa.a,hc.f,bhaa.a,bga.a,bfaa.a,b.a
USA,Nashville,Vanderbilt University,Computer Engineering,Bachelor,e.a,faiaa.a,hb.c,bgaa.a,bga.a,bfaa.a,b.a
USA,Durham,Duke University,Software Engineering,Master,c.a,fbfaa.a,ha.i,bfaa.a,bga.a,bfaa.a,b.a
USA,Madison,University of Wisconsin,Computer Science,,f.a,dicaa.a,gj.f,beaa.a,bga.a,bfaa.a,b.a
USA,Tempe,Arizona State University,Information Technology,Bachelor,e.a,ebcaa.a,ha.c,bdaa.a,bga.a,bfaa.a,b.a
USA,Boulder,University of Colorado,Data Science,Master,c.a,djiaa.a,hb.f,bgaa.a,bga.a,bfaa.a,b.a
USA,Minneapolis,University of Minnesota,Computer Science,Bachelor,e.a,ecfaa.a,hc.i,bfaa.a,bga.a,bfaa.a,b.a
USA,Davis,,Computer Engineering,Master,c.a,eciaa.a,hd.f,bhaa.a,bga.a,bfaa.a,b.a
,,University College London,Computer Science,Master,b.a,djcaa.a,hg.c,bjaa.a,eif.a,iaa.a,a.hj
,Leeds,University of Leeds,Software Engineering,Bachelor,d.a,cifaa.a,gf.i,jfa.a,eif.a,iaa.a,a.hj
UK,Warwick,University of Warwick,Data Science,Master,b.a,dgiaa.a,gh.c,baaa.a,eif.a,iaa.a,a.hj
UK,Sheffield,University of Sheffield,Artificial Intelligence,,d.a,chjaa.a,ge.f,ifa.a,eif.a,iaa.a,a.hj
UK,Birmingham,University of Birmingham,Computer Engineering,Bachelor,d.a,cjfaa.a,gg.i,jfa.a,eif.a,iaa.a,a.hj
UK,Southampton,University of Southampton,Cybersecurity,Master,b.a,,gf.j,jaa.a,eif.a,iaa.a,a.hj
UK,Nottingham,University of Nottingham,Computer Science,Bachelor,d.a,cijaa.a,,ifa.a,eif.a,iaa.a,a.hj
UK,Cardiff,Cardiff University,Software Development,Master,b.a,,ge.c,iaa.a,eif.a,iaa.a,a.hj
UK,Belfast,Queen's University Belfast,Computing Systems,Bachelor,d.a,chfaa.a,gd.f,hfa.a,eif.a,iaa.a,a.hj
UK,Newcastle,Newcastle University,Data Analytics,Master,b.a,,,iaa.a,eif.a,iaa.a,a.hj
Canada,Hamilton,McMaster University,Software Engineering,Bachelor,e.a,,gi.f,bcaa.a,cdf.a,jaa.a,b.df
Canada,,Western University,Computer Science,Master,c.a,cjiaa.a,gf.i,bbaa.a,cdf.a,jaa.a,b.df
Canada,Halifax,Dalhousie University,Data Science,Master,c.a,cifaa.a,ge.f,bcaa.a,cdf.a,jaa.a,b.df
Canada,Victoria,University of Victoria,Computer Engineering,Bachelor,e.a,chjaa.a,gj.c,bdaa.a,cdf.a,jaa.a,b.df
Canada,Quebec City,Laval University,Artificial Intelligence,Master,c.a,cbfaa.a,gd.i,jaa.a,cdf.a,jaa.a,b.df
Canada,Winnipeg,University of Manitoba,Computer Science,Bachelor,e.a,cgiaa.a,gc.f,jfa.a,cdf.a,jaa.a,b.df
Canada,Regina,University of Regina,Software Systems,Bachelor,e.a,cffaa.a,gb.i,jaa.a,cdf.a,jaa.a,b.df
Canada,St. John's,Memorial University,Computer Science,Master,c.a,bjiaa.a,gd.c,jfa.a,cdf.a,jaa.a,b.df
Canada,Saskatoon,University of Saskatchewan,Data Analytics,Master,c.a,cefaa.a,gc.i,baaa.a,cdf.a,jaa.a,b.df
Canada,Sherbrooke,Université de Sherbrooke,Computer Engineering,PhD,e.a,cafaa.a,gb.f,ifa.a,cdf.a,jaa.a,b.df
USA,Pittsburgh,Carnegie Mellon,Computer Science,Master,c.a,fbcaa.a,hc.e,biaa.a,bga.a,bfaa.a,b.a
USA,Urbana-Champaign,UIUC,Computer Science,PhD,f.a,efiaa.a,gi.f,beaa.a,bga.a,bfaa.a,b.a
Canada,Calgary,University of Calgary,Software Engineering,Bachelor,e.a,cgfaa.a,gj.c,bdaa.a,cdf.a,jaa.a,b.df
Brazil,Sao Paulo,University of Sao Paulo,Computer Science,Master,c.a,a.a,ei.f,,bga.a,eaa.a,e.jf
Turkey,Istanbul,Bogazici University,Computer Engineering,Bachelor,e.a,biaa.a,ec.i,efa.a,baa.a,daa.a,da.f
Russia,Moscow,Moscow State University,Applied Mathematics,Master,c.a,djaa.a,fb.c,haa.a,bca.a,dfa.a,jc.i
Mexico,Mexico City,UNAM,Computer Engineering,Bachelor,e.a,iaa.a,ee.g,faa.a,bga.a,eaa.a,bh.c
Greece,Athens,National Technical University,Software Engineering,Master,c.a,cfaa.a,fe.i,ffa.a,bca.a,eaa.a,a.jc
Thailand,Bangkok,Chulalongkorn University,Computer Science,Bachelor,e.a,diaa.a,eg.f,efa.a,bea.a,daa.a,df.c
,Dubai,American University in Dubai,Computer Science,Bachelor,e.a,cjfaa.a,hc.e,bcaa.a,cha.a,iaa.a,d.gh
USA,New York,Columbia University,,Master,c.a,fciaa.a,baa.a,cfaa.a,bga.a,bfaa.a,b.a
USA,Ithaca,Cornell University,Computer Science,PhD,f.a,ejiaa.a,ha.f,bgaa.a,bga.a,bfaa.a,b.a
China,Shenzhen,SUSTech,Artificial Intelligence,Master,c.a,icaa.a,fi.e,iaa.a,bea.a,eaa.a,h.bi
South Africa,Cape Town,University of Cape Town,Computer Science,Bachelor,d.a,fjaa.a,ej.c,,bea.a,eaa.a,bi.hc
Egypt,Cairo,American University in Cairo,Computer Engineering,Bachelor,e.a,bjiaa.a,di.e,efa.a,bda.a,dfa.a,da.j
Argentina,Buenos Aires,University of Buenos Aires,Software Engineering,Bachelor,f.a,a.a,ec.g,eaa.a,bfa.a,daa.a,icb.f
Indonesia,Jakarta,University of Indonesia,Information Systems,Bachelor,e.a,ecaa.a,ef.i,faa.a,bda.a,daa.a,
Saudi Arabia,Riyadh,King Saud University,Computer Science,Master,c.a,hiaa.a,fc.e,iaa.a,cfa.a,gaa.a,d.hf
Nigeria,Lagos,University of Lagos,Computer Engineering,Bachelor,e.a,cfaa.a,ea.c,eaa.a,bia.a,daa.a,iga.c
Vietnam,Ho Chi Minh City,HCMUT,Software Engineering,Bachelor,e.a,dcaa.a,ed.g,efa.a,bca.a,cfa.a,
Netherlands,Eindhoven,,Computer Science,Master,c.a,bfgaa.a,gj.i,jfa.a,bia.a,hca.a,a.jc
Netherlands,Enschede,University of Twente,Artificial Intelligence,Bachelor,d.a,bbcaa.a,,hfa.a,bia.a,hca.a,a.jc
Netherlands,Groningen,University of Groningen,Computing Science,Master,c.a,beiaa.a,gg.i,iaa.a,bia.a,hca.a,a.jc
Netherlands,Maastricht,Maastricht University,,Bachelor,d.a,bbfaa.a,gh.c,ifa.a,bia.a,hca.a,a.jc
Netherlands,Nijmegen,Radboud University,Software Science,Master,c.a,befaa.a,gg.f,iaa.a,bia.a,hca.a,a.jc
Netherlands,Tilburg,,Information Systems,Bachelor,d.a,bbdaa.a,gf.i,hfa.a,bia.a,hca.a,a.jc
Netherlands,Utrecht,Utrecht University,Game Technology,Master,c.a,bfcaa.a,ha.c,baaa.a,bia.a,hca.a,a.jc
Netherlands,,Leiden University,Computer Engineering,Bachelor,d.a,bbeaa.a,gj.f,jfa.a,bia.a,hca.a,a.jc
Netherlands,Wageningen,Wageningen University,Bioinformatics,Master,c.a,bejaa.a,,hfa.a,bia.a,hca.a,a.jc
Netherlands,Amsterdam,VU Amsterdam,Business Analytics,Master,c.a,bfeaa.a,hd.f,bbaa.a,bia.a,hca.a,a.jc
Singapore,Singapore,Nanyang Technological University,Computer Science,Bachelor,e.a,,ib.b,bfaa.a,ja.a,iaa.a,b.de
Singapore,Singapore,Singapore Management University,Information Systems,Bachelor,e.a,,ib.b,bfaa.a,ja.a,iaa.a,b.de
Singapore,Singapore,SUTD,Computer Science & Design,Bachelor,e.a,,ib.b,bfaa.a,ja.a,iaa.a,b.de
Singapore,Singapore,SIT,Software Engineering,Bachelor,e.a,cjiaa.a,ib.b,bfaa.a,ja.a,iaa.a,b.de
Singapore,Singapore,NUS,Artificial Intelligence,Master,c.a,dfgaa.a,ib.b,bfaa.a,ja.a,iaa.a,b.de
Singapore,Singapore,NTU,Data Science & AI,Master,c.a,dejaa.a,ib.b,bfaa.a,ja.a,iaa.a,b.de
Singapore,Singapore,SUTD,Technology & Innovation,Master,c.a,ddiaa.a,ib.b,bfaa.a,ja.a,iaa.a,b.de
Singapore,Singapore,SMU,Computing & Innovation,Master,c.a,decaa.a,ib.b,bfaa.a,ja.a,iaa.a,b.de
Singapore,Singapore,NUS,Computer Engineering,PhD,e.a,difaa.a,ib.b,bfaa.a,ja.a,iaa.a,b.de
Singapore,Singapore,NTU,Digital Systems & AI,PhD,e.a,dhjaa.a,ib.b,bfaa.a,ja.a,iaa.a,b.de
France,Paris,École Polytechnique,Computer Science,Master,c.a,bfgaa.a,he.g,bfaa.a,jj.a,gfa.a,a.jc
France,Toulouse,INSA Toulouse,Software Engineering,Bachelor,d.a,ecaa.a,gf.i,hfa.a,jj.a,gfa.a,a.jc
France,Lyon,École Normale Supérieure Lyon,,Master,c.a,eiaa.a,gi.f,ifa.a,jj.a,gfa.a,a.jc
France,Grenoble,Grenoble INP,Artificial Intelligence,Master,c.a,efaa.a,gg.e,iaa.a,jj.a,gfa.a,a.jc
France,Nice,Université Nice Sophia Antipolis,Computer Engineering,Bachelor,d.a,djaa.a,gj.c,jaa.a,jj.a,gfa.a,a.jc
France,Bordeaux,University of Bordeaux,Information Systems,Master,c.a,ecaa.a,gh.i,ifa.a,jj.a,gfa.a,a.jc
France,,Université de Lille,Software Development,Bachelor,d.a,diaa.a,gf.f,hfa.a,jj.a,gfa.a,a.jc
France,Rennes,INSA Rennes,Cybersecurity,Master,c.a,efaa.a,,haa.a,jj.a,gfa.a,a.jc
France,Strasbourg,University of Strasbourg,Digital Systems,Bachelor,d.a,djaa.a,gg.c,iaa.a,jj.a,gfa.a,a.jc
France,Montpellier,University of Montpellier,Data Engineering,Master,c.a,ebaa.a,gf.j,hfa.a,jj.a,gfa.a,a.jc
Switzerland,Lausanne,EPFL,Computer Science,Master,c.a,bega.a,ij.i,bjaa.a,ii.a,bcaa.a,a.ij
Switzerland,Geneva,University of Geneva,,Bachelor,d.a,bdia.a,ja.f,caaa.a,ii.a,bcaa.a,a.ij
Switzerland,Bern,University of Bern,Software Engineering,Master,c.a,beca.a,if.e,bhaa.a,ii.a,bcaa.a,a.ij
Switzerland,St. Gallen,University of St. Gallen,Business Informatics,Bachelor,d.a,beea.a,ig.c,bgaa.a,ii.a,bcaa.a,a.ij
Switzerland,,USI,Artificial Intelligence,Master,c.a,bega.a,ie.f,bfaa.a,ii.a,bcaa.a,a.ij
Switzerland,Fribourg,University of Fribourg,Computer Engineering,Bachelor,d.a,bdia.a,id.i,beaa.a,ii.a,bcaa.a,a.ij
Switzerland,Neuchatel,University of Neuchatel,Information Systems,Master,c.a,beca.a,ie.c,bfaa.a,ii.a,bcaa.a,a.ij
Switzerland,Basel,University of Basel,Computational Science,Master,c.a,beea.a,ih.f,biaa.a,ii.a,bcaa.a,a.ij
Switzerland,,University of Lucerne,Digital Innovation,Bachelor,d.a,bdia.a,if.i,bgaa.a,ii.a,bcaa.a,a.ij
Switzerland,Winterthur,ZHAW,Data Engineering,Master,c.a,bega.a,ig.e,bhaa.a,ii.a,bcaa.a,a.ij
Denmark,Copenhagen,University of Copenhagen,Computer Science,Master,c.a,iiaa.a,id.c,bfaa.a,bba.a,gaa.a,a.bf
Denmark,Aarhus,Aarhus University,,Master,c.a,igaa.a,hh.e,bcaa.a,bba.a,gaa.a,a.bf
Denmark,Aalborg,Aalborg University,Software Engineering,Master,c.a,ieaa.a,hf.b,baaa.a,bba.a,gaa.a,a.bf
China,Beijing,,Computer Science,Master,d.a,ijaa.a,fb.c,iaa.a,bea.a,eaa.a,h.bf
China,Beijing,Peking University,,Master,d.a,ifaa.a,fb.c,hfa.a,bea.a,eaa.a,h.bf
China,Shanghai,Fudan University,Software Engineering,Master,c.f,hiaa.a,ei.j,haa.a,bea.a,eaa.a,h.bf
China,Shanghai,Shanghai Jiao Tong University,Artificial Intelligence,Master,c.f,icaa.a,ei.j,hca.a,bea.a,eaa.a,h.bf
China,Hangzhou,Zhejiang University,Computer Engineering,Master,d.a,hfaa.a,ef.d,ffa.a,bea.a,eaa.a,h.bf
China,Nanjing,Nanjing University,Information Technology,Master,d.a,hcaa.a,ee.b,faa.a,bea.a,eaa.a,h.bf
China,Guangzhou,Sun Yat-sen University,Computer Science,Master,d.a,gjaa.a,ed.i,eia.a,bea.a,eaa.a,h.bf
China,Wuhan,Wuhan University,Software Engineering,Master,d.a,gfaa.a,eb.c,efa.a,bea.a,eaa.a,h.bf
China,Xi'an,Xi'an Jiaotong University,,Master,d.a,gdaa.a,ea.f,eca.a,bea.a,eaa.a,h.bf
China,Chengdu,Sichuan University,Computer Engineering,Master,d.a,gbaa.a,dj.i,eaa.a,bea.a,eaa.a,h.bf
South Korea,Seoul,Seoul National University,Computer Science,Master,c.a,hcaa.a,if.b,jfa.a,ja.a,iaa.a,
South Korea,Seoul,Korea University,Artificial Intelligence,Master,c.a,haaa.a,if.b,jca.a,ja.a,iaa.a,bdaa.a
South Korea,Seoul,Yonsei University,Data Science,Master,c.a,gjaa.a,if.b,jaa.a,ja.a,iaa.a,
South Korea,Seoul,Hanyang University,Software Engineering,Master,c.a,gfaa.a,if.b,ifa.a,ja.a,iaa.a,
South Korea,Seoul,Sungkyunkwan University,Computer Engineering,Master,c.a,geaa.a,if.b,iea.a,ja.a,iaa.a,
South Korea,Daejeon,KAIST,Robotics Engineering,Master,c.a,giaa.a,hf.e,haa.a,ja.a,iaa.a,
South Korea,Daejeon,Chungnam National University,Information Systems,Master,c.a,fjaa.a,hf.e,,ja.a,iaa.a,
South Korea,Busan,Pusan National University,Computer Science,Master,c.a,fiaa.a,hd.c,,ja.a,iaa.a,
South Korea,Busan,Dong-A University,Software Engineering,Master,c.a,fgaa.a,hd.c,,ja.a,iaa.a,
South Korea,Daegu,Kyungpook National University,Data Analytics,Master,c.a,ffaa.a,hb.i,ffa.a,ja.a,iaa.a,
South Korea,Daegu,Yeungnam University,Computer Engineering,Master,c.a,feaa.a,hb.i,fda.a,ja.a,iaa.a,bdaa.a
South Korea,Gwangju,Chonnam National University,Information Technology,Master,c.a,fdaa.a,ha.f,fca.a,ja.a,iaa.a,bdaa.a
South Korea,Gwangju,Chosun University,Computer Science,Master,c.a,fcaa.a,ha.f,faa.a,ja.a,iaa.a,bdaa.a
South Korea,Ulsan,Ulsan National Institute of Science and Technology,AI Engineering,Master,c.a,gbaa.a,hc.d,,ja.a,iaa.a,bdaa.a
South Korea,Ulsan,University of Ulsan,Software Systems,Master,c.a,fbaa.a,hc.d,ffa.a,ja.a,iaa.a,
South Korea,Pohang,POSTECH,Computer Engineering,Master,c.a,gdaa.a,hb.c,fha.a,ja.a,iaa.a,
South Korea,Incheon,Incheon National University,Data Science,Master,c.a,faaa.a,hg.e,,ja.a,iaa.a,bdaa.a
South Korea,Suwon,Sungkyunkwan University (Suwon),Computer Systems,Master,c.a,fjaa.a,hh.i,,ja.a,iaa.a,bdaa.a
South Korea,Daejeon,Hanbat National University,Information Security,Master,c.a,ejaa.a,hf.e,fea.a,ja.a,iaa.a,
South Korea,Cheongju,Chungbuk National University,Computer Networks,Master,c.a,eiaa.a,ha.b,fca.a,ja.a,iaa.a,
USA,Stanford,Stanford University,Computer Science,Bachelor,e.a,fhaaa.a,jf.c,ceaa.a,bga.a,bfaa.a,b.a
USA,Cambridge,MIT,Computer Science,Bachelor,e.a,ffiaa.a,id.f,cdaa.a,bga.a,bfaa.a,b.a
USA,New Haven,Yale University,Computer Science,Bachelor,e.a,fefaa.a,hj.i,cbaa.a,bga.a,bfaa.a,b.a
USA,Princeton,Princeton University,Computer Science,Bachelor,e.a,feaaa.a,ib.c,caaa.a,bga.a,bfaa.a,b.a
USA,Philadelphia,University of Pennsylvania,Computer Science,Bachelor,e.a,fdfaa.a,ic.e,bjaa.a,bga.a,bfaa.a,b.a
USA,,UCLA,Computer Science,Bachelor,e.a,edaaa.a,ii.h,ccaa.a,bga.a,bfaa.a,b.a
USA,Berkeley,,Computer Science,Bachelor,e.a,edfaa.a,jb.f,cdaa.a,bga.a,bfaa.a,b.a
USA,Ann Arbor,University of Michigan,Computer Science,Bachelor,e.a,fcaaa.a,hf.e,bhaa.a,bga.a,bfaa.a,b.a
USA,Austin,University of Texas Austin,Computer Science,Bachelor,e.a,eafaa.a,hc.i,biaa.a,bga.a,bfaa.a,b.a
USA,Seattle,University of Washington,Computer Science,Bachelor,e.a,djiaa.a,if.g,caaa.a,bga.a,bfaa.a,b.a
USA,Madison,University of Wisconsin-Madison,Computer Science,Bachelor,e.a,dhfaa.a,hb.c,bgaa.a,bga.a,bfaa.a,b.a
USA,Urbana,University of Illinois Urbana-Champaign,Computer Science,Bachelor,e.a,dgiaa.a,ha.f,bfaa.a,bga.a,bfaa.a,b.a
USA,Atlanta,Georgia Tech,Computer Science,Bachelor,e.a,ddfaa.a,hg.i,bhaa.a,bga.a,bfaa.a,b.a
USA,Columbus,Ohio State University,Computer Science,Bachelor,e.a,,hb.e,beaa.a,bga.a,bfaa.a,b.a
USA,West Lafayette,Purdue University,Computer Science,Bachelor,e.a,,gi.j,bdaa.a,bga.a,bfaa.a,b.a
USA,Gainesville,University of Florida,Computer Science,Bachelor,e.a,cifaa.a,ha.c,beaa.a,bga.a,bfaa.a,b.a
USA,Tempe,Arizona State University,Computer Science,Bachelor,e.a,ciaaa.a,hc.f,bfaa.a,bga.a,bfaa.a,b.a
USA,Raleigh,NC State University,Computer Science,Bachelor,e.a,chfaa.a,hb.i,beaa.a,bga.a,bfaa.a,b.a
USA,College Station,,Computer Science,Bachelor,e.a,chaaa.a,gj.f,bdaa.a,bga.a,bfaa.a,b.a
USA,Corvallis,Oregon State University,Computer Science,Bachelor,e.a,cgfaa.a,ha.b,bdaa.a,bga.a,bfaa.a,b.a
UK,Cambridge,University of Cambridge,Computer Science,Bachelor,d.a,difaa.a,hi.f,biaa.a,,iaa.a,a.hj
UK,Oxford,University of Oxford,Computer Science,Bachelor,d.a,dhjaa.a,hh.i,bifa.a,,iaa.a,a.hj
UK,,Imperial College London,Computer Science,Bachelor,d.a,dhfaa.a,id.c,ccaa.a,,iaa.a,a.hj
UK,,University College London,Computer Science,Bachelor,d.a,dgiaa.a,id.c,cbaa.a,,iaa.a,a.hj
UK,,King's College London,Computer Science,Bachelor,d.a,dffaa.a,id.c,caaa.a,,iaa.a,a.hj
UK,Edinburgh,University of Edinburgh,Computer Science,Bachelor,e.a,,hf.e,bgaa.a,,iaa.a,a.hj
UK,Manchester,University of Manchester,Computer Science,Bachelor,d.a,,hc.b,beaa.a,,iaa.a,a.hj
UK,Bristol,University of Bristol,Computer Science,Bachelor,d.a,,he.i,bfaa.a,,iaa.a,a.hj
UK,Warwick,University of Warwick,Computer Science,Bachelor,d.a,,hb.f,bdaa.a,,iaa.a,a.hj
UK,Glasgow,University of Glasgow,Computer Science,Bachelor,e.a,,hd.c,beaa.a,eja.a,iaa.a,a.hj
UK,Birmingham,University of Birmingham,Computer Science,Bachelor,d.a,,hb.i,bdaa.a,,iaa.a,a.hj
UK,Leeds,University of Leeds,Computer Science,Bachelor,d.a,,hb.c,bcfa.a,,iaa.a,a.hj
,Sheffield,University of Sheffield,Computer Science,Bachelor,d.a,,ha.f,bcaa.a,,iaa.a,a.hj
UK,Nottingham,University of Nottingham,Computer Science,Bachelor,d.a,cjfaa.a,ha.i,bbfa.a,,iaa.a,a.hj
UK,Southampton,University of Southampton,Computer Science,Bachelor,d.a,cjcaa.a,hc.e,bdaa.a,,iaa.a,a.hj
UK,Durham,Durham University,Computer Science,Bachelor,d.a,cijaa.a,hb.g,bcfa.a,,iaa.a,a.hj
UK,,University of Liverpool,Computer Science,Bachelor,d.a,cigaa.a,ha.c,bbaa.a,,iaa.a,a.hj
UK,Cardiff,Cardiff University,Computer Science,Bachelor,d.a,cidaa.a,gj.i,bafa.a,,iaa.a,a.hj
UK,Newcastle,Newcastle University,Computer Science,Bachelor,d.a,ciaaa.a,ha.b,bbaa.a,,iaa.a,a.hj
,Aberdeen,University of Aberdeen,Computer Science,Bachelor,e.a,chhaa.a,gj.f,baaa.a,,iaa.a,a.hj
,,University of Leicester,Computer Science,Bachelor,d.a,cheaa.a,gi.j,jfa.a,,iaa.a,a.hj
,Reading,University of Reading,Computer Science,Bachelor,d.a,chbaa.a,hb.c,bbfa.a,,iaa.a,a.hj
,Sussex,University of Sussex,Computer Science,Bachelor,d.a,cgiaa.a,hc.f,bcaa.a,,iaa.a,a.hj
,Essex,University of Essex,Computer Science,Bachelor,d.a,cgfaa.a,gj.i,baaa.a,,iaa.a,a.hj
,Bath,University of Bath,Computer Science,Bachelor,d.a,cgcaa.a,hd.e,bcfa.a,,iaa.a,a.hj
,Surrey,University of Surrey,Computer Science,Bachelor,d.a,cfjaa.a,hb.i,bbfa.a,,iaa.a,a.hj
,Exeter,University of Exeter,Computer Science,Bachelor,d.a,cfgaa.a,hc.b,bcaa.a,,iaa.a,a.hj
,Kent,University of Kent,Computer Science,Bachelor,d.a,cfdaa.a,ha.f,bbaa.a,,iaa.a,a.hj
,Dundee,University of Dundee,Computer Science,Bachelor,e.a,cfaaa.a,gi.j,jfa.a,,iaa.a,a.hj
,Strathclyde,University of Strathclyde,Computer Science,Bachelor,e.a,cehaa.a,gj.c,baaa.a,,iaa.a,a.hj
UK,Heriot-Watt,Heriot-Watt University,Computer Science,Bachelor,e.a,ceeaa.a,gj.f,bafa.a,,iaa.a,a.hj
,,Loughborough University,Computer Science,Bachelor,d.a,cebaa.a,gi.f,jaa.a,,iaa.a,a.hj
,Brunel,Brunel University London,Computer Science,Bachelor,d.a,cdiaa.a,id.c,biaa.a,,iaa.a,a.hj
,Queen Mary,Queen Mary University of London,Computer Science,Bachelor,d.a,cdfaa.a,id.c,bjaa.a,,iaa.a,a.hj
,Royal Holloway,Royal Holloway University,Computer Science,Bachelor,d.a,cdcaa.a,hf.f,beaa.a,,iaa.a,a.hj
,Lancaster,Lancaster University,Computer Science,Bachelor,d.a,ccjaa.a,gj.i,baaa.a,,iaa.a,a.hj
UK,Swansea,Swansea University,Computer Science,Bachelor,d.a,ccgaa.a,gi.f,jfa.a,eja.a,iaa.a,a.hj
,Aston,Aston University,Computer Science,Bachelor,d.a,ccdaa.a,hb.i,bcaa.a,eja.a,iaa.a,a.hj
,Hull,University of Hull,Computer Science,Bachelor,d.a,ccaaa.a,gh.j,ifa.a,eja.a,iaa.a,a.hj
,Keele,Keele University,Computer Science,Bachelor,d.a,cbhaa.a,gh.f,iaa.a,eja.a,iaa.a,a.hj
UK,Plymouth,University of Plymouth,Computer Science,Bachelor,d.a,cbeaa.a,gj.c,jfa.a,eja.a,iaa.a,a.hj
UK,Portsmouth,University of Portsmouth,Computer Science,Bachelor,d.a,cbbaa.a,ha.f,baaa.a,eja.a,iaa.a,a.hj
UK,Ulster,Ulster University,Computer Science,Bachelor,d.a,caiaa.a,gh.c,iaa.a,eja.a,iaa.a,a.hj
UK,Northumbria,Northumbria University,Computer Science,Bachelor,d.a,cafaa.a,gi.f,jaa.a,eja.a,iaa.a,a.hj
UK,Coventry,Coventry University,Computer Science,Bachelor,d.a,cacaa.a,gj.i,jfa.a,eja.a,iaa.a,a.hj
UK,Oxford Brookes,Oxford Brookes University,Computer Science,Bachelor,d.a,bjjaa.a,hh.i,bfaa.a,eja.a,iaa.a,a.hj
UK,De Montfort,De Montfort University,Computer Science,Bachelor,d.a,bjgaa.a,gi.j,jaa.a,eja.a,iaa.a,a.hj
UK,Westminster,University of Westminster,Computer Science,Bachelor,d.a,bjdaa.a,id.c,biaa.a,eja.a,iaa.a,a.hj
UK,Greenwich,University of Greenwich,Computer Science,Bachelor,d.a,bjaaa.a,id.c,bhaa.a,,iaa.a,a.hj
UK,Kingston,Kingston University,Computer Science,Bachelor,d.a,bihaa.a,id.c,bgaa.a,,iaa.a,a.hj
Canada,Toronto,University of Toronto,Computer Science,Bachelor,e.a,efcaa.a,hd.f,biaa.a,cdf.a,gaa.a,b.df
Canada,Toronto,University of Toronto,Computer Science,Master,c.a,cifaa.a,hd.f,biaa.a,cdf.a,gaa.a,b.df
Canada,Vancouver,University of British Columbia,Computer Science,Bachelor,e.a,ediaa.a,hb.c,bjaa.a,cdf.a,gaa.a,b.df
Canada,Vancouver,University of British Columbia,Computer Science,Master,c.a,chjaa.a,hb.c,bjaa.a,cdf.a,,b.df
Canada,Montreal,McGill University,Computer Science,Bachelor,e.a,ebfaa.a,gf.i,bfaa.a,cdf.a,,b.df
Canada,Montreal,McGill University,Computer Science,Master,c.a,cgiaa.a,gf.i,bfaa.a,cdf.a,,b.df
Canada,Waterloo,University of Waterloo,Computer Science,Bachelor,e.a,eajaa.a,gc.e,bdaa.a,cdf.a,gaa.a,b.df
Canada,Waterloo,University of Waterloo,Computer Science,Master,c.a,cgcaa.a,gc.e,bdaa.a,cdf.a,gaa.a,b.df
Canada,Montreal,University of Montreal,Computer Science,Bachelor,e.a,djfaa.a,gf.i,beaa.a,cdf.a,gaa.a,b.df
Canada,Montreal,University of Montreal,Computer Science,Master,c.a,cfiaa.a,gf.i,beaa.a,cdf.a,gaa.a,b.df
Canada,Edmonton,University of Alberta,Computer Science,Bachelor,e.a,dicaa.a,gb.j,bcaa.a,cdf.a,gaa.a,b.df
Canada,Edmonton,University of Alberta,Computer Science,Master,c.a,cejaa.a,gb.j,bcaa.a,cdf.a,gaa.a,b.df
Canada,Ottawa,University of Ottawa,Computer Science,Bachelor,e.a,dhiaa.a,gd.f,beaa.a,cdf.a,gaa.a,b.df
Canada,Ottawa,University of Ottawa,Computer Science,Master,c.a,cefaa.a,gd.f,beaa.a,cdf.a,gaa.a,b.df
Canada,Calgary,University of Calgary,Computer Science,Bachelor,e.a,dhcaa.a,gc.i,bdaa.a,cdf.a,gaa.a,b.df
Canada,Calgary,University of Calgary,Computer Science,Master,c.a,cebaa.a,gc.i,bdaa.a,cdf.a,gaa.a,b.df
Canada,Hamilton,McMaster University,Computer Science,Bachelor,e.a,dgfaa.a,ge.c,bcfa.a,cdf.a,gaa.a,b.df
Canada,Hamilton,McMaster University,Computer Science,Master,c.a,cdiaa.a,ge.c,bcfa.a,cdf.a,gaa.a,b.df
Canada,,Western University,Computer Science,Bachelor,e.a,dfjaa.a,gb.f,bcaa.a,cdf.a,gaa.a,b.df
Canada,,Western University,Computer Science,Master,c.a,cdfaa.a,gb.f,bcaa.a,cdf.a,gaa.a,b.df
Canada,Kingston,Queen's University,Computer Science,Bachelor,,dfeaa.a,gc.b,bdaa.a,cdf.a,gaa.a,b.df
Canada,Kingston,Queen's University,Computer Science,Master,c.a,cdcaa.a,gc.b,bdaa.a,cdf.a,gaa.a,b.df
Canada,Victoria,University of Victoria,Computer Science,Bachelor,,deiaa.a,,beaa.a,cdf.a,gaa.a,b.df
Canada,Victoria,University of Victoria,Computer Science,Master,c.a,ccjaa.a,,beaa.a,cdf.a,gaa.a,b.df
Canada,Halifax,Dalhousie University,Computer Science,Bachelor,,decaa.a,gb.c,bcaa.a,cdf.a,gaa.a,b.df
Canada,Halifax,Dalhousie University,Computer Science,Master,c.a,ccgaa.a,gb.c,bcaa.a,cdf.a,gaa.a,b.df
Canada,Winnipeg,University of Manitoba,Computer Science,Bachelor,,ddgaa.a,fj.i,bbaa.a,cdf.a,gaa.a,b.df
Canada,Winnipeg,University of Manitoba,Computer Science,Master,c.a,ccdaa.a,fj.i,bbaa.a,cdf.a,gaa.a,b.df
Canada,Quebec City,Laval University,Computer Science,Bachelor,,ddaaa.a,fi.f,baaa.a,cdf.a,gaa.a,b.df
Canada,Quebec City,Laval University,Computer Science,Master,c.a,ccaaa.a,fi.f,baaa.a,cdf.a,gaa.a,b.df
Canada,Saskatoon,University of Saskatchewan,Computer Science,Bachelor,e.a,,fi.c,jfa.a,cdf.a,gaa.a,b.df
Canada,Saskatoon,University of Saskatchewan,Computer Science,Master,c.a,cbhaa.a,fi.c,jfa.a,cdf.a,,b.df
Canada,St. John's,Memorial University,Computer Science,Bachelor,e.a,,fh.j,jaa.a,cdf.a,,b.df
Canada,St. John's,Memorial University,Computer Science,Master,c.a,cbeaa.a,fh.j,jaa.a,cdf.a,,b.df
Canada,Regina,University of Regina,Computer Science,Bachelor,e.a,,fh.f,jaa.a,cdf.a,,b.df
Canada,Regina,University of Regina,Computer Science,Master,c.a,cbbaa.a,fh.f,jaa.a,cdf.a,gaa.a,b.df
Canada,Sherbrooke,University of Sherbrooke,Computer Science,Bachelor,,,fg.i,ifa.a,cdf.a,gaa.a,b.df
Canada,Sherbrooke,University of Sherbrooke,Computer Science,Master,c.a,caiaa.a,fg.i,ifa.a,cdf.a,gaa.a,b.df
Canada,Windsor,University of Windsor,Computer Science,Bachelor,,,fi.j,jfa.a,cdf.a,gaa.a,b.df
Canada,Windsor,University of Windsor,Computer Science,Master,c.a,cafaa.a,fi.j,jfa.a,cdf.a,gaa.a,b.df
Canada,Moncton,University of New Brunswick,Computer Science,Bachelor,,cjeaa.a,fh.c,jaa.a,cdf.a,gaa.a,b.df
Canada,Moncton,University of New Brunswick,Computer Science,Master,c.a,cacaa.a,fh.c,jaa.a,cdf.a,gaa.a,b.df
Canada,Trois-Rivieres,UQTR,Computer Science,Bachelor,,ciiaa.a,fg.f,ifa.a,cdf.a,gaa.a,b.df
Canada,Trois-Rivieres,UQTR,Computer Science,Master,c.a,bjjaa.a,fg.f,ifa.a,cdf.a,gaa.a,b.df
Canada,Thunder Bay,Lakehead University,Computer Science,Bachelor,,cicaa.a,fg.c,iaa.a,cdf.a,gaa.a,b.df
Canada,Thunder Bay,Lakehead University,Computer Science,Master,c.a,bjgaa.a,fg.c,iaa.a,cdf.a,gaa.a,b.df
Canada,Sudbury,Laurentian University,Computer Science,Bachelor,,chgaa.a,ff.i,iaa.a,cdf.a,gaa.a,b.df
Canada,Sudbury,Laurentian University,Computer Science,Master,c.a,bjdaa.a,ff.i,iaa.a,cdf.a,gaa.a,b.df
Canada,Prince George,UNBC,Computer Science,Bachelor,,chaaa.a,ff.f,hfa.a,cdf.a,gaa.a,b.df
Canada,Prince George,UNBC,Computer Science,Master,c.a,bjaaa.a,ff.f,hfa.a,cdf.a,gaa.a,b.df
Australia,Melbourne,University of Melbourne,Computer Science,Bachelor,d.a,ecfaa.a,hc.i,biaa.a,efa.a,gfa.a,b.fc
Australia,Melbourne,University of Melbourne,Computer Science,Master,c.a,efiaa.a,hc.i,biaa.a,efa.a,gfa.a,b.fc
Australia,Melbourne,University of Melbourne,Computer Science,PhD,,dfaaa.a,hc.i,biaa.a,efa.a,gfa.a,b.fc
Australia,Sydney,University of Sydney,Computer Science,Bachelor,d.a,ebiaa.a,he.f,caaa.a,efa.a,gfa.a,b.fc
Australia,Sydney,University of Sydney,Computer Science,Master,c.a,eejaa.a,he.f,caaa.a,efa.a,gfa.a,b.fc
Australia,Sydney,University of Sydney,Computer Science,PhD,,defaa.a,he.f,caaa.a,efa.a,gfa.a,b.fc
Australia,Canberra,Australian National University,Computer Science,Bachelor,d.a,ebcaa.a,gi.j,bgaa.a,efa.a,gfa.a,b.fc
Australia,Canberra,Australian National University,Computer Science,Master,c.a,eecaa.a,gi.j,bgaa.a,efa.a,gfa.a,b.fc
Australia,Canberra,Australian National University,Computer Science,PhD,,deaaa.a,gi.j,bgaa.a,efa.a,gfa.a,b.fc
Australia,Brisbane,University of Queensland,Computer Science,Bachelor,d.a,eafaa.a,gj.c,bfaa.a,efa.a,gfa.a,b.fc
Australia,Brisbane,University of Queensland,Computer Science,Master,c.a,edfaa.a,gj.c,bfaa.a,efa.a,gfa.a,b.fc
Australia,Brisbane,University of Queensland,Computer Science,PhD,,ddfaa.a,gj.c,bfaa.a,efa.a,gfa.a,b.fc
Australia,Sydney,University of New South Wales,Computer Science,Bachelor,d.a,eacaa.a,he.f,bjaa.a,efa.a,gfa.a,b.fc
Australia,Sydney,University of New South Wales,Computer Science,Master,c.a,edcaa.a,he.f,bjaa.a,efa.a,gfa.a,b.fc
Australia,Sydney,University of New South Wales,Computer Science,,,ddcaa.a,he.f,bjaa.a,efa.a,gfa.a,b.fc
Australia,Melbourne,Monash University,Computer Science,Bachelor,d.a,djiaa.a,hc.i,bhaa.a,efa.a,gfa.a,b.fc
Australia,Melbourne,Monash University,Computer Science,Master,c.a,eciaa.a,hc.i,bhaa.a,efa.a,gfa.a,b.fc
Australia,Melbourne,Monash University,Computer Science,,,dciaa.a,hc.i,bhaa.a,efa.a,gfa.a,b.fc
Australia,Adelaide,University of Adelaide,Computer Science,Bachelor,d.a,djcaa.a,gh.f,beaa.a,efa.a,gfa.a,b.fc
Australia,Adelaide,University of Adelaide,Computer Science,Master,c.a,eccaa.a,gh.f,beaa.a,efa.a,gfa.a,b.fc
Australia,Adelaide,University of Adelaide,Computer Science,,,,gh.f,beaa.a,efa.a,gfa.a,b.fc
Australia,Perth,University of Western Australia,Computer Science,Bachelor,d.a,diiaa.a,gi.c,bfaa.a,efa.a,gfa.a,b.fc
Australia,Perth,University of Western Australia,Computer Science,Master,c.a,ebiaa.a,gi.c,bfaa.a,efa.a,gfa.a,b.fc
Australia,Perth,University of Western Australia,Computer Science,,,,gi.c,bfaa.a,efa.a,gfa.a,b.fc
Australia,Brisbane,Queensland University of Technology,Computer Science,Bachelor,d.a,dicaa.a,gj.c,beaa.a,efa.a,gfa.a,b.fc
Australia,Brisbane,Queensland University of Technology,Computer Science,Master,c.a,ebcaa.a,gj.c,beaa.a,efa.a,gfa.a,b.fc
Australia,Brisbane,Queensland University of Technology,Computer Science,PhD,,,gj.c,beaa.a,efa.a,gfa.a,b.fc
Australia,Sydney,University of Technology Sydney,Computer Science,Bachelor,d.a,dhiaa.a,he.f,biaa.a,efa.a,gfa.a,b.fc
Australia,Sydney,University of Technology Sydney,Computer Science,Master,c.a,eaiaa.a,he.f,biaa.a,efa.a,gfa.a,b.fc
Australia,Sydney,University of Technology Sydney,Computer Science,PhD,,,he.f,biaa.a,efa.a,gfa.a,b.fc
Australia,Melbourne,RMIT University,Computer Science,Bachelor,d.a,dhcaa.a,hc.i,bgaa.a,efa.a,gfa.a,b.fc
Australia,Melbourne,RMIT University,Computer Science,Master,c.a,eacaa.a,hc.i,bgaa.a,efa.a,gfa.a,b.fc
Australia,Melbourne,RMIT University,Computer Science,PhD,,,hc.i,bgaa.a,efa.a,gfa.a,b.fc
Australia,Wollongong,University of Wollongong,Computer Science,Bachelor,d.a,dgiaa.a,gf.i,bdaa.a,efa.a,gfa.a,b.fc
Australia,Wollongong,University of Wollongong,Computer Science,Master,c.a,djiaa.a,gf.i,bdaa.a,efa.a,gfa.a,b.fc
Australia,Wollongong,University of Wollongong,Computer Science,PhD,,cjiaa.a,gf.i,bdaa.a,efa.a,gfa.a,b.fc
Australia,Newcastle,University of Newcastle,Computer Science,Bachelor,d.a,dgcaa.a,gg.c,bdaa.a,efa.a,gfa.a,b.fc
Australia,Newcastle,University of Newcastle,Computer Science,Master,c.a,djcaa.a,gg.c,bdaa.a,efa.a,gfa.a,b.fc
Australia,Newcastle,University of Newcastle,Computer Science,PhD,,cjcaa.a,gg.c,bdaa.a,efa.a,gfa.a,b.fc
Australia,Hobart,University of Tasmania,Computer Science,Bachelor,d.a,dfiaa.a,,bcaa.a,efa.a,gfa.a,b.fc
Australia,Hobart,University of Tasmania,Computer Science,,c.a,diiaa.a,,bcaa.a,efa.a,gfa.a,b.fc
Australia,Hobart,University of Tasmania,Computer Science,PhD,,ciiaa.a,,bcaa.a,efa.a,gfa.a,b.fc
Australia,Gold Coast,Griffith University,Computer Science,Bachelor,d.a,dfcaa.a,gi.f,beaa.a,efa.a,gfa.a,b.fc
Australia,Gold Coast,Griffith University,Computer Science,,c.a,dicaa.a,gi.f,beaa.a,efa.a,gfa.a,b.fc
Australia,Gold Coast,Griffith University,Computer Science,,,cicaa.a,gi.f,beaa.a,efa.a,gfa.a,b.fc
Australia,Canberra,University of Canberra,Computer Science,Bachelor,d.a,deiaa.a,gi.j,bfaa.a,efa.a,gfa.a,b.fc
Australia,Canberra,University of Canberra,Computer Science,,c.a,dhiaa.a,gi.j,bfaa.a,efa.a,gfa.a,b.fc
Australia,Canberra,University of Canberra,Computer Science,PhD,,chiaa.a,gi.j,bfaa.a,efa.a,gfa.a,b.fc
Australia,Townsville,James Cook University,Computer Science,Bachelor,d.a,decaa.a,,bcaa.a,efa.a,gfa.a,b.fc
Australia,Townsville,James Cook University,Computer Science,,c.a,dhcaa.a,,bcaa.a,efa.a,gfa.a,b.fc
Australia,Townsville,James Cook University,Computer Science,PhD,e.a,chcaa.a,,bcaa.a,efa.a,gfa.a,b.fc
Australia,Armidale,University of New England,Computer Science,Bachelor,d.a,ddiaa.a,gd.i,bbaa.a,efa.a,gfa.a,b.fc
Australia,Armidale,University of New England,Computer Science,,c.a,dgiaa.a,gd.i,bbaa.a,efa.a,gfa.a,b.fc
Australia,Armidale,University of New England,Computer Science,PhD,e.a,cgiaa.a,gd.i,bbaa.a,efa.a,gfa.a,b.fc
Australia,Toowoomba,University of Southern Queensland,Computer Science,Bachelor,d.a,ddcaa.a,ge.c,bbaa.a,efa.a,gfa.a,b.fc
Australia,Toowoomba,University of Southern Queensland,Computer Science,,c.a,dgcaa.a,ge.c,bbaa.a,efa.a,gfa.a,b.fc
Australia,Toowoomba,University of Southern Queensland,Computer Science,PhD,,cgcaa.a,ge.c,bbaa.a,efa.a,gfa.a,b.fc
Australia,Ballarat,Federation University,Computer Science,Bachelor,d.a,,gd.f,baaa.a,efa.a,gfa.a,b.fc
Australia,Ballarat,Federation University,Computer Science,,c.a,dfiaa.a,gd.f,baaa.a,efa.a,gfa.a,b.fc
Australia,Ballarat,Federation University,Computer Science,PhD,,cfiaa.a,gd.f,baaa.a,efa.a,gfa.a,b.fc
Australia,,Southern Cross University,Computer Science,Bachelor,d.a,,gd.c,baaa.a,efa.a,gfa.a,b.fc
Australia,,Southern Cross University,Computer Science,,c.a,dfcaa.a,gd.c,baaa.a,efa.a,gfa.a,b.fc
Australia,,Southern Cross University,Computer Science,PhD,,cfcaa.a,gd.c,baaa.a,efa.a,gfa.a,b.fc
USA,Boston,MIT,Computer Science,,c.a,fiaaa.a,ic.b,cbaa.a,bga.a,bfaa.a,b.a
UK,,Imperial College London,Data Science,,b.a,ecaaa.a,hf.d,biaa.a,eif.a,iaa.a,a.hj
Germany,Munich,,Mechanical Engineering,,c.a,a.a,hb.f,bcaa.a,bba.a,jaa.a,a.jc
Canada,Toronto,University of Toronto,Business Analytics,,c.a,efaaa.a,hd.i,bhaa.a,cdf.a,hfa.a,b.df
Australia,Melbourne,University of Melbourne,Artificial Intelligence,PhD,e.a,cjaaa.a,hc.e,bfaa.a,efa.a,gfa.a,b.fc
USA,Stanford,Stanford University,Physics,PhD,f.a,fcaaa.a,ie.d,cdaa.a,bga.a,bfaa.a,b.a
UK,Edinburgh,University of Edinburgh,Chemistry,,c.a,diaaa.a,gh.i,bbaa.a,eif.a,iaa.a,a.hj
Germany,Berlin,Humboldt University,Computer Science,Bachelor,d.a,a.a,gi.j,jfa.a,bba.a,jaa.a,a.jc
Canada,Vancouver,University of British Columbia,Environmental Science,,c.a,ecaaa.a,hb.c,bgaa.a,cdf.a,hfa.a,b.df
Australia,Sydney,University of Sydney,Biotechnology,PhD,e.a,,hf.g,bhaa.a,efa.a,gfa.a,b.fc
USA,Berkeley,,Mathematics,,c.a,feaaa.a,id.c,caaa.a,bga.a,bfaa.a,b.a
UK,Manchester,University of Manchester,Engineering,Bachelor,d.a,dfaaa.a,,jaa.a,eif.a,iaa.a,a.hj
Germany,Hamburg,University of Hamburg,Physics,,c.a,a.a,gj.i,bbaa.a,bba.a,jaa.a,a.jc
Canada,Montreal,McGill University,Computer Science,PhD,e.a,diaaa.a,gi.j,beaa.a,cdf.a,hfa.a,b.df
Australia,Brisbane,University of Queensland,Data Science,,c.a,,gi.h,bcaa.a,efa.a,gfa.a,b.fc
USA,New York,Columbia University,Economics,,c.a,gcaaa.a,baa.a,cfaa.a,bga.a,bfaa.a,b.a
UK,Oxford,University of Oxford,Computer Science,PhD,e.a,eaaaa.a,hb.f,beaa.a,,iaa.a,a.hj
Germany,Dresden,,Mechanical Engineering,Bachelor,d.a,a.a,,iaa.a,bba.a,jaa.a,a.jc
Canada,Ottawa,University of Ottawa,Artificial Intelligence,Master,c.a,eaaaa.a,gh.i,bdaa.a,cdf.a,hfa.a,b.df
Australia,Perth,University of Western Australia,Physics,Master,c.a,,gh.c,bbaa.a,efa.a,gfa.a,b.fc
USA,Atlanta,Georgia Tech,Engineering,PhD,f.a,eiaaa.a,hb.c,bhaa.a,bga.a,bfaa.a,b.a
UK,Bristol,University of Bristol,Data Science,Master,c.a,dgaaa.a,gi.j,bcaa.a,,iaa.a,a.hj
Germany,Frankfurt,Goethe University,Computer Science,Master,c.a,a.a,hc.d,bdaa.a,bba.a,jaa.a,a.jc
Canada,Calgary,University of Calgary,Mathematics,Bachelor,e.a,dfaaa.a,,bcaa.a,cdf.a,hfa.a,b.df
Australia,Adelaide,University of Adelaide,Chemistry,PhD,e.a,ciaaa.a,,baaa.a,efa.a,gfa.a,b.fc
USA,,,Computer Science,Master,c.a,fcaaa.a,hj.i,ccaa.a,bga.a,bfaa.a,b.a
UK,Glasgow,University of Glasgow,Physics,Bachelor,d.a,deaaa.a,,jfa.a,eif.a,iaa.a,a.hj
Germany,Stuttgart,University of Stuttgart,Engineering,Master,c.a,a.a,gi.h,bbaa.a,bba.a,jaa.a,a.jc
Canada,Edmonton,University of Alberta,Data Science,Master,c.a,dhaaa.a,ge.d,bbaa.a,cdf.a,hfa.a,b.df
Australia,Canberra,Australian National University,Computer Science,PhD,e.a,ddaaa.a,gj.i,bdaa.a,efa.a,gfa.a,b.fc
USA,Austin,UT Austin,Mathematics,Master,c.a,efaaa.a,gi.j,bgaa.a,bga.a,bfaa.a,b.a
UK,,University of Leeds,Chemistry,PhD,e.a,dfaaa.a,gd.c,jaa.a,eif.a,iaa.a,a.hj
Germany,Heidelberg,Heidelberg University,Physics,Bachelor,d.a,a.a,gh.i,baaa.a,bba.a,jaa.a,a.jc
Canada,Halifax,Dalhousie University,Engineering,Master,c.a,dgaaa.a,gd.e,baaa.a,cdf.a,hfa.a,b.df
Australia,Gold Coast,Griffith University,Data Science,Master,c.a,cjaaa.a,,bbaa.a,efa.a,gfa.a,b.fc
USA,Seattle,University of Washington,Computer Science,PhD,f.a,faaaa.a,hh.i,caaa.a,bga.a,bfaa.a,b.a
UK,Sheffield,University of Sheffield,Engineering,Master,c.a,ddaaa.a,gc.d,ifa.a,eif.a,iaa.a,a.hj
Germany,Cologne,University of Cologne,Mathematics,Master,c.a,a.a,gj.i,bcaa.a,bba.a,jaa.a,a.jc
Canada,Quebec City,Laval University,Physics,Bachelor,d.a,deaaa.a,gc.b,jaa.a,cdf.a,hfa.a,b.df
Australia,Newcastle,University of Newcastle,Chemistry,Master,c.a,chaaa.a,gd.c,jfa.a,efa.a,gfa.a,b.fc
USA,Pittsburgh,Carnegie Mellon,Data Science,Master,c.a,fgaaa.a,,bfaa.a,bga.a,bfaa.a,b.a
UK,Nottingham,University of Nottingham,Computer Science,PhD,e.a,deaaa.a,gb.c,iaa.a,eif.a,iaa.a,a.hj
Germany,Bonn,University of Bonn,Engineering,Master,c.a,a.a,gh.i,bbaa.a,bba.a,jaa.a,a.jc
Canada,Victoria,University of Victoria,Mathematics,Master,c.a,dfaaa.a,,bbaa.a,cdf.a,hfa.a,b.df
Australia,Hobart,University of Tasmania,Physics,Bachelor,d.a,cgaaa.a,gc.b,jaa.a,efa.a,gfa.a,b.fc
USA,San Diego,,Chemistry,PhD,f.a,ejaaa.a,hf.g,bjaa.a,bga.a,bfaa.a,b.a
UK,Durham,Durham University,Engineering,Master,c.a,dfaaa.a,gd.e,jaa.a,,iaa.a,a.hj
Germany,Aachen,RWTH Aachen,Computer Science,Bachelor,d.a,a.a,gi.j,baaa.a,bba.a,jaa.a,a.jc
Canada,Winnipeg,University of Manitoba,Data Science,Master,c.a,ddaaa.a,gb.c,jaa.a,cdf.a,hfa.a,b.df
Australia,Wollongong,University of Wollongong,Mathematics,PhD,e.a,ciaaa.a,gd.e,jfa.a,efa.a,gfa.a,b.fc
USA,San Francisco,,Data Science,Master,c.a,fcaaa.a,jf.c,ceaa.a,bga.a,bfaa.a,b.a
UK,,King's College London,Computer Science,Master,b.a,djaaa.a,hf.d,bjaa.a,eif.a,iaa.a,a.hj
Switzerland,Zurich,ETH Zurich,Computer Science,Master,c.a,bfaa.a,bcc.e,caaa.a,bea.a,bcaa.a,a.ij
France,Paris,Sorbonne University,Data Analytics,Master,c.a,efaa.a,ie.d,biaa.a,jj.a,ifa.a,a.jc
Ireland,Dublin,,Computer Science,PhD,e.a,bijaa.a,id.g,bhaa.a,bfa.a,hfa.a,a.jc
USA,Chicago,University of Chicago,,Master,c.a,fiaaa.a,ie.b,bjaa.a,bga.a,bfaa.a,b.a
,Cambridge,Anglia Ruskin University,Data Analytics,Bachelor,d.a,dfaaa.a,hb.c,bfaa.a,eif.a,iaa.a,a.hj
Switzerland,Lausanne,EPFL,Computer Science,PhD,e.a,bfaa.a,bbj.i,bjaa.a,bea.a,bcaa.a,a.ij
France,Lyon,University of Lyon,,Master,c.a,ecaa.a,hf.g,bcaa.a,jj.a,ifa.a,a.jc
Ireland,Cork,University College Cork,Computer Science,Master,c.a,bgiaa.a,hf.e,bdaa.a,bfa.a,hfa.a,a.jc
USA,Boston,Northeastern University,Data Analytics,Master,c.a,feaaa.a,ic.b,ccaa.a,bga.a,bfaa.a,b.a
UK,Edinburgh,Heriot-Watt University,Computer Science,Master,b.a,dhaaa.a,gh.i,bcaa.a,eif.a,iaa.a,a.hj
Switzerland,Geneva,University of Geneva,,Master,c.a,bfaa.a,bbg.f,biaa.a,bea.a,bcaa.a,a.ij
France,Toulouse,University of Toulouse,Computer Science,Bachelor,d.a,eaaa.a,hb.c,jaa.a,jj.a,ifa.a,a.jc
Ireland,Galway,NUI Galway,Data Analytics,Master,c.a,bfjaa.a,hc.d,bbaa.a,bfa.a,hfa.a,a.jc
USA,Seattle,University of Washington,,PhD,e.a,fbaaa.a,hh.i,cbaa.a,bga.a,bfaa.a,b.a
UK,Birmingham,University of Birmingham,Computer Science,Master,b.a,dgaaa.a,,bbaa.a,eif.a,iaa.a,a.hj
Switzerland,Basel,University of Basel,,Master,c.a,bfaa.a,bbe.d,bhaa.a,bea.a,bcaa.a,a.ij
France,Bordeaux,University of Bordeaux,Data Analytics,Master,c.a,edaa.a,hc.b,baaa.a,jj.a,ifa.a,a.jc
Ireland,,University of Limerick,Computer Science,Bachelor,e.a,bfeaa.a,hb.c,baaa.a,bfa.a,hfa.a,a.jc
USA,Austin,UT Austin,Computer Science,Master,c.a,ejaaa.a,gi.j,biaa.a,bga.a,bfaa.a,b.a
UK,Manchester,University of Salford,,,b.a,dfaaa.a,,baaa.a,,iaa.a,a.hj
Switzerland,St. Gallen,University of St. Gallen,Data Analytics,Master,c.a,bfaa.a,bbc.b,bgaa.a,bea.a,bcaa.a,a.ij
France,Nice,University of Nice,Computer Science,,c.a,ebaa.a,hg.f,bdaa.a,jj.a,ifa.a,a.jc
Ireland,Maynooth,Maynooth University,,PhD,e.a,bejaa.a,ha.b,jfa.a,bfa.a,hfa.a,a.jc
USA,Denver,University of Denver,Data Analytics,,c.a,ehaaa.a,gj.i,bhaa.a,bga.a,bfaa.a,b.a
UK,,Leeds Beckett University,Computer Science,Bachelor,d.a,deaaa.a,gd.c,jaa.a,eif.a,iaa.a,a.hj
Switzerland,Bern,University of Bern,,Master,c.a,bfaa.a,bba.e,bfaa.a,bea.a,bcaa.a,a.ij
France,,University of Lille,Data Analytics,PhD,e.a,ecaa.a,gj.i,jfa.a,jj.a,ifa.a,a.jc
Ireland,Waterford,Waterford IT,Computer Science,Master,c.a,befaa.a,gi.j,jaa.a,bfa.a,hfa.a,a.jc
USA,Portland,Portland State University,,Master,c.a,efaaa.a,hb.c,bgaa.a,bga.a,bfaa.a,b.a
UK,Bristol,UWE Bristol,Computer Science,Master,b.a,ddaaa.a,gi.j,bbaa.a,eif.a,iaa.a,a.hj
Switzerland,,USI Lugano,Data Analytics,Master,c.a,bfaa.a,bai.j,beaa.a,bea.a,bcaa.a,a.ij
France,Strasbourg,University of Strasbourg,Computer Science,Master,c.a,eaaa.a,ha.c,baaa.a,jj.a,ifa.a,a.jc
Ireland,Sligo,IT Sligo,,Bachelor,e.a,beaaa.a,gh.f,ifa.a,bfa.a,hfa.a,a.jc
USA,Minneapolis,University of Minnesota,Computer Science,PhD,e.a,eiaaa.a,hc.d,bhaa.a,bga.a,bfaa.a,b.a
UK,Cardiff,Cardiff University,Data Analytics,Master,b.a,deaaa.a,,jfa.a,eif.a,iaa.a,a.hj
Switzerland,Fribourg,University of Fribourg,Computer Science,Master,c.a,bfaa.a,bah.i,bdaa.a,bea.a,bcaa.a,a.ij
France,Grenoble,Grenoble INP,,Master,c.a,ebaa.a,hb.f,bbaa.a,jj.a,ifa.a,a.jc
Ireland,Athlone,Athlone IT,Data Analytics,Master,c.a,bdiaa.a,gg.h,iaa.a,bfa.a,hfa.a,a.jc
Norway,Oslo,University of Oslo,Computer Science,Master,c.a,a.a,id.c,beaa.a,chf.a,haa.a,ba.ef
Finland,Helsinki,University of Helsinki,,Master,c.a,a.a,hj.e,bcaa.a,dfa.a,gfa.a,a.jc
Germany,Berlin,,Mechanical Engineering,Master,c.a,a.a,gi.j,bbaa.a,bba.a,jaa.a,a.jc
Denmark,Copenhagen,University of Copenhagen,Physics,,e.a,a.a,ic.b,bfaa.a,efa.a,iaa.a,h.ef
Norway,Trondheim,NTNU,Robotics,Master,c.a,a.a,hf.g,bbaa.a,chf.a,haa.a,ba.ef
Finland,Espoo,Aalto University,Computer Engineering,Bachelor,d.a,a.a,hh.i,baaa.a,dfa.a,gfa.a,a.jc
Germany,Munich,LMU Munich,Mathematics,,e.a,a.a,hb.f,bdaa.a,bba.a,jaa.a,a.jc
Denmark,Aarhus,Aarhus University,Data Analytics,Master,c.a,a.a,hg.f,bcaa.a,efa.a,iaa.a,h.ef
Norway,Bergen,University of Bergen,Artificial Intelligence,Master,c.a,a.a,he.d,bcaa.a,chf.a,haa.a,ba.ef
Finland,Tampere,,Software Engineering,Master,c.a,a.a,hc.b,jaa.a,dfa.a,gfa.a,a.jc
Germany,Dresden,,Computer Science,Bachelor,d.a,a.a,,jaa.a,bba.a,jaa.a,a.jc
Denmark,Odense,University of Southern Denmark,Biotechnology,Master,c.a,a.a,hd.c,bbaa.a,efa.a,iaa.a,h.ef
Norway,Tromsø,UiT Arctic University,Marine Technology,PhD,e.a,a.a,hb.c,baaa.a,chf.a,haa.a,ba.ef
Finland,Turku,University of Turku,Bioinformatics,Master,c.a,a.a,hb.i,ifa.a,dfa.a,gfa.a,a.jc
Germany,Hamburg,,Electrical Engineering,Master,c.a,a.a,gj.i,bcaa.a,bba.a,jaa.a,a.jc
Denmark,Aalborg,Aalborg University,Energy Engineering,Bachelor,d.a,a.a,hb.f,baaa.a,efa.a,iaa.a,h.ef
Norway,Stavanger,University of Stavanger,Petroleum Engineering,Master,c.a,a.a,hc.e,bbaa.a,chf.a,haa.a,ba.ef
Finland,Oulu,University of Oulu,Computer Science,PhD,e.a,a.a,ha.c,iaa.a,dfa.a,gfa.a,a.jc
Germany,Stuttgart,University of Stuttgart,Aerospace Engineering,Master,c.a,a.a,gi.h,bbaa.a,bba.a,jaa.a,a.jc
Denmark,Roskilde,Roskilde University,Environmental Science,Master,c.a,a.a,ha.i,baaa.a,efa.a,iaa.a,h.ef
Norway,Ås,Norwegian University of Life Sciences,Biotechnology,Master,c.a,a.a,ha.f,jaa.a,chf.a,haa.a,ba.ef
Finland,Vaasa,University of Vaasa,Industrial Management,Master,c.a,a.a,gj.i,iaa.a,dfa.a,gfa.a,a.jc
Germany,Karlsruhe,KIT,Mechatronics,PhD,e.a,a.a,gh.j,baaa.a,bba.a,jaa.a,a.jc
Denmark,Lyngby,,Quantum Engineering,Master,c.a,a.a,ib.c,beaa.a,efa.a,iaa.a,h.ef
Norway,Bodø,Nord University,Marine Biology,Bachelor,d.a,a.a,gj.e,ifa.a,chf.a,haa.a,ba.ef
Finland,Jyväskylä,University of Jyväskylä,,Master,c.a,a.a,gi.h,hfa.a,dfa.a,gfa.a,a.jc
Germany,Darmstadt,TU Darmstadt,Computer Engineering,Master,c.a,a.a,gg.i,jfa.a,bba.a,jaa.a,a.jc
Denmark,Kolding,University of Southern Denmark,Software Engineering,PhD,e.a,a.a,gj.f,jaa.a,efa.a,iaa.a,h.ef
Norway,Gjøvik,NTNU Gjøvik,Information Security,Master,c.a,a.a,gi.j,iaa.a,chf.a,haa.a,ba.ef
Finland,Lappeenranta,LUT University,Industrial Engineering,Master,c.a,a.a,gh.f,haa.a,dfa.a,gfa.a,a.jc
Germany,Bremen,University of Bremen,Robotics,Master,c.a,a.a,gg.f,jaa.a,bba.a,jaa.a,a.jc
Denmark,Esbjerg,University of Southern Denmark,Environmental Engineering,Master,c.a,a.a,gi.e,ifa.a,efa.a,iaa.a,h.ef
Norway,Kristiansand,University of Agder,Renewable Energy,PhD,e.a,a.a,gh.i,ifa.a,chf.a,haa.a,ba.ef
Finland,Kuopio,University of Eastern Finland,Environmental Science,Bachelor,d.a,a.a,gg.j,haa.a,dfa.a,gfa.a,a.jc
Germany,Aachen,RWTH Aachen,Materials Science,Master,c.a,a.a,gi.j,baaa.a,bba.a,jaa.a,a.jc
Denmark,Slagelse,University of Copenhagen,Bioinformatics,Master,c.a,a.a,gh.f,jaa.a,efa.a,iaa.a,h.ef
Norway,Horten,University of South-Eastern Norway,Systems Engineering,Master,c.a,a.a,gg.h,iaa.a,chf.a,haa.a,ba.ef
Finland,Joensuu,University of Eastern Finland,Forestry Sciences,PhD,e.a,a.a,gf.i,,dfa.a,gfa.a,a.jc
Germany,Jena,University of Jena,Photonics,Master,c.a,a.a,,ifa.a,bba.a,jaa.a,a.jc
Denmark,Herning,Aarhus University,Engineering Management,Master,c.a,a.a,gg.c,iaa.a,efa.a,iaa.a,h.ef
New Zealand,Auckland,University of Auckland,Computer Science,Master,c.a,,hj.f,bcaa.a,dda.a,gaa.a,b.gf
USA,Boston,Northeastern University,,Master,c.a,feaaa.a,ic.b,caaa.a,bga.a,bfaa.a,b.a
Sweden,Stockholm,KTH Royal Institute,Engineering Physics,Master,c.a,a.a,hi.e,bbaa.a,bca.a,hfa.a,ba.ef
Netherlands,Amsterdam,University of Amsterdam,Artificial Intelligence,PhD,e.a,bfaaa.a,ib.c,bdaa.a,bhb.a,hca.a,a.jc
Portugal,,University of Lisbon,Computer Engineering,Master,c.a,haaa.a,gf.i,iaa.a,hf.a,eaa.a,a.jc
New Zealand,Wellington,Victoria University,Data Analytics,Master,c.a,,hf.g,bbaa.a,dda.a,gaa.a,b.gf
USA,Austin,UT Austin,Robotics,PhD,f.a,eiaaa.a,gi.j,bgaa.a,bga.a,bfaa.a,b.a
Sweden,Uppsala,Uppsala University,Mathematics,Bachelor,d.a,a.a,hc.d,jaa.a,bca.a,hfa.a,ba.ef
Netherlands,Rotterdam,Erasmus University,Business Analytics,Master,c.a,befaa.a,hh.i,bcaa.a,bhb.a,hca.a,a.jc
Portugal,Porto,University of Porto,Software Engineering,Master,c.a,gfaa.a,gc.e,haa.a,hf.a,eaa.a,a.jc
New Zealand,Christchurch,University of Canterbury,Mechanical Engineering,,e.a,,hc.e,jfa.a,dda.a,gaa.a,b.gf
USA,San Diego,,Biotechnology,Master,c.a,ejaaa.a,hf.g,bjaa.a,bga.a,bfaa.a,b.a
Sweden,Gothenburg,Chalmers University,Sustainable Energy,Master,c.a,a.a,hb.c,jfa.a,bca.a,hfa.a,ba.ef
Netherlands,Delft,TU Delft,Computer Science,Master,c.a,bffaa.a,hg.f,bbaa.a,bhb.a,hca.a,a.jc
Portugal,Coimbra,University of Coimbra,,Bachelor,d.a,gaaa.a,fi.j,,hf.a,eaa.a,a.jc
New Zealand,Dunedin,University of Otago,Information Systems,Master,c.a,cjaaa.a,ha.c,jaa.a,dda.a,gaa.a,b.gf
USA,Seattle,University of Washington,Computer Engineering,Master,c.a,fbaaa.a,hh.i,cbaa.a,bga.a,bfaa.a,b.a
Sweden,,Lund University,Physics,,e.a,a.a,hd.e,baaa.a,bca.a,hfa.a,ba.ef
Netherlands,Eindhoven,,Artificial Intelligence,Master,c.a,beiaa.a,hc.d,jfa.a,bhb.a,hca.a,a.jc
Portugal,Braga,University of Minho,Computer Science,Master,c.a,gcaa.a,fh.i,ffa.a,hf.a,eaa.a,a.jc
New Zealand,Hamilton,University of Waikato,Environmental Science,Master,c.a,cifaa.a,gi.j,ifa.a,dda.a,gaa.a,b.gf
USA,Atlanta,Georgia Tech,Machine Learning,PhD,f.a,eiaaa.a,hb.c,bhaa.a,bga.a,bfaa.a,b.a
Sweden,,Linköping University,Computer Science,Master,c.a,a.a,gj.i,ifa.a,bca.a,hfa.a,ba.ef
Netherlands,Utrecht,Utrecht University,,Bachelor,d.a,bdjaa.a,hf.e,bbaa.a,bhb.a,hca.a,a.jc
Portugal,Aveiro,University of Aveiro,Robotics,PhD,e.a,giaa.a,fg.h,faa.a,hf.a,eaa.a,a.jc
New Zealand,Palmerston North,Massey University,Computer Engineering,Bachelor,d.a,chfaa.a,gh.f,iaa.a,dda.a,gaa.a,b.gf
USA,Pittsburgh,Carnegie Mellon,Software Engineering,Master,c.a,fgaaa.a,gf.e,bfaa.a,bga.a,bfaa.a,b.a
Sweden,Umeå,Umeå University,Artificial Intelligence,Master,c.a,a.a,gi.f,iaa.a,bca.a,hfa.a,ba.ef
Netherlands,Groningen,University of Groningen,Computing Science,PhD,e.a,becaa.a,hb.c,jaa.a,bhb.a,hca.a,a.jc
Portugal,Faro,University of Algarve,Information Systems,Master,c.a,fjaa.a,ff.e,eia.a,hf.a,eaa.a,a.jc
New Zealand,Auckland,AUT University,Data Analytics,Master,c.a,cjfaa.a,hj.f,bbfa.a,dda.a,gaa.a,b.gf
USA,Raleigh,NC State University,Computer Science,Master,c.a,ehaaa.a,gh.i,beaa.a,bga.a,bfaa.a,b.a
Sweden,Karlstad,Karlstad University,Information Systems,Bachelor,d.a,a.a,gh.c,hfa.a,bca.a,hfa.a,ba.ef
Netherlands,Tilburg,,,Master,c.a,beaaa.a,ha.f,jfa.a,bhb.a,hca.a,a.jc
Portugal,Vila Real,UTAD,Computer Engineering,Master,c.a,fhaa.a,fe.d,efa.a,hf.a,eaa.a,a.jc
New Zealand,Christchurch,Lincoln University,Environmental Computing,PhD,e.a,ciaaa.a,hc.e,jaa.a,dda.a,gaa.a,b.gf
USA,Davis,,,Master,c.a,eiaaa.a,hd.c,bgaa.a,bga.a,bfaa.a,b.a
Sweden,Växjö,Linnaeus University,Software Engineering,Master,c.a,a.a,gg.f,haa.a,bca.a,hfa.a,ba.ef
Netherlands,Wageningen,Wageningen University,Bioinformatics,Master,c.a,befaa.a,gj.i,jaa.a,bhb.a,hca.a,a.jc
Portugal,Funchal,University of Madeira,Computing,Bachelor,d.a,ffaa.a,fd.c,eaa.a,hf.a,eaa.a,a.jc
Spain,Madrid,Universidad Politécnica de Madrid,Computer Science,Master,c.a,dfaa.a,hb.e,bbaa.a,ia.a,hfa.a,a.jc
Italy,Milan,Politecnico di Milano,Data Engineering,Master,c.a,eaaa.a,hd.c,bcaa.a,bca.a,haa.a,a.jc
Greece,Athens,National Technical University,Electrical Engineering,PhD,e.a,a.a,gf.i,,baa.a,gaa.a,a.jc
Austria,Vienna,,Software Engineering,Master,c.a,bfaa.a,hi.f,jfa.a,bga.a,ifa.a,a.jc
Mexico,Mexico City,UNAM,Computer Engineering,Bachelor,e.a,iaa.a,fc.e,,ea.a,eaa.a,bh.af
Spain,Barcelona,Universitat Politècnica Catalunya,Artificial Intelligence,Master,c.a,diaa.a,hd.g,baaa.a,ia.a,hfa.a,a.jc
Italy,Rome,Sapienza University,Robotics,PhD,e.a,dfaa.a,hb.c,bbaa.a,bca.a,haa.a,a.jc
Greece,Thessaloniki,Aristotle University,Computer Engineering,Master,c.a,a.a,gc.e,faa.a,baa.a,gaa.a,a.jc
Austria,Graz,,Mechanical Engineering,Bachelor,d.a,bfaa.a,hb.c,hfa.a,bga.a,ifa.a,a.jc
Mexico,Monterrey,,,Master,c.a,bcaaa.a,ei.j,haa.a,ea.a,eaa.a,bh.af
Spain,Valencia,Universitat de València,,Master,c.a,dcaa.a,gi.f,iaa.a,ia.a,hfa.a,a.jc
Italy,Turin,Politecnico di Torino,Computer Engineering,Master,c.a,diaa.a,gj.i,jaa.a,bca.a,haa.a,a.jc
Greece,Patras,University of Patras,Electronics,PhD,e.a,a.a,ga.f,efa.a,baa.a,gaa.a,a.jc
Austria,,Johannes Kepler University,Artificial Intelligence,Master,c.a,bfaa.a,ha.e,haa.a,bga.a,ifa.a,a.jc
Mexico,Guadalajara,Universidad de Guadalajara,Software Engineering,Bachelor,e.a,jaa.a,ef.g,faa.a,ea.a,eaa.a,bh.af
Spain,Seville,Universidad de Sevilla,Robotics,Master,c.a,daaa.a,,hfa.a,ia.a,hfa.a,a.jc
Italy,Bologna,University of Bologna,Information Technology,PhD,e.a,dgaa.a,ha.f,jfa.a,bca.a,haa.a,a.jc
Greece,Heraklion,University of Crete,Computer Science,Master,c.a,a.a,gb.c,eia.a,baa.a,gaa.a,a.jc
Austria,Salzburg,University of Salzburg,Data Analytics,Bachelor,d.a,bfaa.a,hc.d,iaa.a,bga.a,ifa.a,a.jc
Mexico,Puebla,UDLAP,Computer Engineering,Master,c.a,baaaa.a,ee.f,efa.a,ea.a,eaa.a,bh.af
Spain,Bilbao,University of the Basque Country,Computer Science,PhD,e.a,deaa.a,gh.i,ifa.a,ia.a,hfa.a,a.jc
Italy,Florence,University of Florence,Cybersecurity,Master,c.a,dfaa.a,hb.c,baaa.a,bca.a,haa.a,a.jc
Greece,Volos,University of Thessaly,Digital Systems,Master,c.a,a.a,fj.i,eaa.a,baa.a,gaa.a,a.jc
Austria,Innsbruck,University of Innsbruck,Mechatronics,Master,c.a,bfaa.a,hb.f,hia.a,bga.a,ifa.a,a.jc
Mexico,Queretaro,,Data Analytics,Bachelor,e.a,bbaaa.a,eg.h,eia.a,ea.a,eaa.a,bh.af
Spain,Granada,University of Granada,Artificial Intelligence,Master,c.a,ciaa.a,ge.f,haa.a,ia.a,hfa.a,a.jc
Italy,Naples,University of Naples,Software Engineering,PhD,e.a,dcaa.a,gh.i,iaa.a,bca.a,haa.a,a.jc
Greece,Ioannina,University of Ioannina,Information Systems,Bachelor,e.a,a.a,fi.j,dia.a,baa.a,gaa.a,a.jc
Austria,Klagenfurt,University of Klagenfurt,,Master,c.a,bfaa.a,gj.e,hca.a,bga.a,ifa.a,a.jc
Mexico,Merida,Universidad Autonoma de Yucatan,Computer Engineering,Master,c.a,dfaa.a,ed.c,eaa.a,ea.a,eaa.a,bh.af
Spain,Zaragoza,University of Zaragoza,Robotics,Master,c.a,cjaa.a,gd.c,,ia.a,hfa.a,a.jc
Italy,Pisa,University of Pisa,Computer Engineering,Master,c.a,ddaa.a,gi.j,ifa.a,bca.a,haa.a,a.jc
Greece,Rhodes,University of the Aegean,Digital Innovation,Master,c.a,a.a,gb.c,eca.a,baa.a,gaa.a,a.jc
Austria,,Montanuniversität Leoben,Industrial Engineering,PhD,e.a,bfaa.a,gi.h,haa.a,bga.a,ifa.a,a.jc
Mexico,Tijuana,CETYS Universidad,Information Technology,Bachelor,e.a,jfaa.a,ef.e,ffa.a,ea.a,eaa.a,bh.af
Spain,Salamanca,University of Salamanca,,PhD,e.a,dbaa.a,gc.b,,ia.a,hfa.a,a.jc
Italy,Padua,University of Padua,Artificial Intelligence,Master,c.a,deaa.a,gj.f,jaa.a,bca.a,haa.a,a.jc
Greece,Chania,,Electronic Engineering,Master,c.a,a.a,ga.e,efa.a,baa.a,gaa.a,a.jc
Austria,Dornbirn,FH Vorarlberg,Software Development,Bachelor,d.a,bfaa.a,ha.c,iaa.a,bga.a,ifa.a,a.jc
Mexico,San Luis Potosi,,Computer Systems,Master,c.a,ciaa.a,ec.i,dia.a,ea.a,eaa.a,bh.af
,Istanbul,Bogazici University,Computer Engineering,Master,c.a,bfaa.a,fb.c,,ja.a,,ci.f
Greece,Athens,Athens University of Economics,,Master,c.a,a.a,gf.i,,baa.a,gaa.a,a.jc
Belgium,,KU Leuven,Artificial Intelligence,PhD,e.a,diaa.a,hg.f,jfa.a,bia.a,iaa.a,a.jc
Hungary,Budapest,Budapest University of Technology,Software Engineering,Master,c.a,gfaa.a,fd.e,faa.a,bea.a,efa.a,dfa.cf
Russia,Moscow,Moscow State University,Computer Science,Bachelor,e.a,ffaa.a,gc.d,,bga.a,eaa.a,jf.f
Turkey,Ankara,Middle East Technical University,Data Engineering,Master,c.a,bcaa.a,ei.f,efa.a,ja.a,,ci.f
Greece,Thessaloniki,University of Macedonia,Information Systems,PhD,e.a,a.a,gc.e,faa.a,baa.a,gaa.a,a.jc
Belgium,Ghent,Ghent University,Computer Science,Master,c.a,dfaa.a,hc.i,ifa.a,bia.a,iaa.a,a.jc
Hungary,Debrecen,University of Debrecen,Mechatronics,Bachelor,d.a,fiaa.a,ei.j,eaa.a,bea.a,efa.a,dfa.cf
Russia,Saint Petersburg,ITMO University,Data Science,Master,c.a,faaa.a,ga.b,ffa.a,bga.a,eaa.a,jf.f
Turkey,Izmir,Ege University,Electronics Engineering,PhD,e.a,bdaa.a,eh.i,eaa.a,ja.a,,ci.f
Greece,Patras,University of Patras,Computer Engineering,Master,c.a,a.a,ga.f,efa.a,baa.a,gaa.a,a.jc
Belgium,Brussels,Vrije Universiteit Brussel,Robotics,Master,c.a,dgaa.a,hf.e,jaa.a,bia.a,iaa.a,a.jc
Hungary,Szeged,University of Szeged,Computer Science,PhD,e.a,gaaa.a,eh.c,dia.a,bea.a,efa.a,dfa.cf
Russia,Novosibirsk,Novosibirsk State University,Mathematics,Master,c.a,eiaa.a,ff.e,eaa.a,bga.a,eaa.a,jf.f
,Eskisehir,Anadolu University,Information Systems,Bachelor,e.a,baaa.a,ef.g,dfa.a,ja.a,,ci.f
Greece,Heraklion,University of Crete,Data Analytics,Master,c.a,a.a,gb.c,eia.a,baa.a,gaa.a,a.jc
Belgium,Antwerp,University of Antwerp,Computer Science,PhD,e.a,dhaa.a,hb.c,iaa.a,bia.a,iaa.a,a.jc
Hungary,Pecs,University of Pecs,Software Development,Master,c.a,ffaa.a,eg.i,dfa.a,bea.a,efa.a,dfa.cf
Russia,Kazan,Kazan Federal University,Artificial Intelligence,Bachelor,e.a,efaa.a,fc.d,dia.a,bga.a,eaa.a,jf.f
,Bursa,Uludag University,Computer Science,Master,c.a,bbaa.a,eg.f,dia.a,ja.a,,ci.f
Greece,Volos,University of Thessaly,Cybersecurity,PhD,e.a,a.a,fj.i,eaa.a,baa.a,gaa.a,a.jc
Belgium,,UCLouvain,Data Engineering,Master,c.a,dfaa.a,ha.f,hia.a,bia.a,iaa.a,a.jc
Hungary,Gyor,Szechenyi Istvan University,Robotics,Bachelor,d.a,fcaa.a,ef.g,dca.a,bea.a,efa.a,dfa.cf
Russia,Tomsk,,Software Engineering,Master,c.a,egaa.a,fb.c,dfa.a,bga.a,eaa.a,jf.f
,Antalya,Akdeniz University,Data Science,PhD,e.a,beaa.a,eh.i,eca.a,ja.a,,ci.f
Greece,Piraeus,University of Piraeus,Information Technology,Master,c.a,a.a,gd.e,ffa.a,baa.a,gaa.a,a.jc
Belgium,Hasselt,Hasselt University,Artificial Intelligence,Bachelor,d.a,deaa.a,gj.i,hfa.a,bia.a,iaa.a,a.jc
Hungary,Miskolc,University of Miskolc,Computer Engineering,Master,c.a,fdaa.a,ee.f,daa.a,bea.a,efa.a,dfa.cf
Russia,Yekaterinburg,Ural Federal University,Data Analytics,PhD,e.a,ehaa.a,fd.e,eaa.a,bga.a,eaa.a,jf.f
,Kayseri,Erciyes University,Software Engineering,Master,c.a,bcaa.a,ef.c,dfa.a,ja.a,,ci.f
Greece,Xanthi,Democritus University,Computer Engineering,Bachelor,e.a,a.a,fi.h,dia.a,baa.a,gaa.a,a.jc
Belgium,,University of Liege,Data Science,PhD,e.a,dgaa.a,gi.j,hca.a,bia.a,iaa.a,a.jc
Hungary,Veszprem,University of Pannonia,Information Systems,Master,c.a,fbaa.a,ee.i,dba.a,bea.a,efa.a,dfa.cf
Russia,Samara,Samara State University,Computer Science,Master,c.a,eeaa.a,fa.f,dha.a,bga.a,eaa.a,jf.f
Turkey,Konya,Selcuk University,Artificial Intelligence,Bachelor,e.a,baaa.a,ee.f,dda.a,ja.a,,ci.f
Greece,Chios,University of the Aegean,Digital Systems,Master,c.a,a.a,fj.c,eaa.a,baa.a,gaa.a,a.jc
Belgium,Mons,University of Mons,Computer Engineering,Master,c.a,dfaa.a,gh.i,haa.a,bia.a,iaa.a,a.jc
Hungary,Kecskemet,John von Neumann University,Data Analytics,PhD,e.a,feaa.a,ed.j,cja.a,bea.a,efa.a,dfa.cf
Russia,Rostov-on-Don,Southern Federal University,Information Technology,Bachelor,e.a,ecaa.a,ej.i,dfa.a,bga.a,eaa.a,jf.f
Brazil,Sao Paulo,University of Sao Paulo,Computer Science,Master,c.a,a.a,ff.i,,ja.a,eaa.a,e.jf
India,Bangalore,Indian Institute of Science,Data Science,PhD,e.a,caaa.a,ef.c,daa.a,bia.a,daa.a,ic.hf
Thailand,Bangkok,Chulalongkorn University,Software Engineering,Master,c.a,bfaaa.a,fb.e,faa.a,ia.a,dfa.a,df.cf
Egypt,Cairo,Cairo University,Computer Engineering,Bachelor,e.a,cfaa.a,db.i,cfa.a,baa.a,caa.a,da.j
Singapore,Singapore,National University of Singapore,Artificial Intelligence,Master,c.a,ecaaa.a,id.i,bcaa.a,ja.a,iaa.a,b.df
,Dubai,University of Dubai,Data Analytics,Master,c.a,cfaaa.a,hc.e,bbaa.a,cha.a,hfa.a,d.gh
Brazil,Rio de Janeiro,PUC-Rio,Information Systems,,e.a,iaaa.a,fd.c,ffa.a,ja.a,eaa.a,e.jf
India,Mumbai,IIT Bombay,Computer Engineering,Master,c.a,biaa.a,eh.f,dfa.a,bia.a,daa.a,ic.hf
Thailand,Chiang Mai,Chiang Mai University,Data Science,Bachelor,e.a,bcaaa.a,ef.g,daa.a,ia.a,dfa.a,df.cf
Singapore,Singapore,Nanyang Technological University,Computer Science,,e.a,eaaaa.a,id.i,bbaa.a,ja.a,iaa.a,b.df
,Abu Dhabi,Khalifa University,Robotics,Master,c.a,chaaa.a,hb.i,baaa.a,cha.a,hfa.a,d.gh
Brazil,Campinas,UNICAMP,Computer Engineering,Master,c.a,a.a,fb.e,efa.a,ja.a,eaa.a,e.jf
India,Delhi,IIT Delhi,Artificial Intelligence,PhD,e.a,bjaa.a,ee.i,dca.a,bia.a,daa.a,ic.hf
Thailand,Khon Kaen,Khon Kaen University,Information Technology,Master,c.a,bbaaa.a,ec.f,cfa.a,ia.a,dfa.a,df.cf
Egypt,Alexandria,Alexandria University,Software Engineering,Master,c.a,ccaa.a,da.f,caa.a,baa.a,caa.a,da.j
Singapore,Singapore,Singapore Management University,Data Analytics,Bachelor,e.a,diaaa.a,id.i,bbfa.a,ja.a,iaa.a,b.df
,Sharjah,American University of Sharjah,Computer Science,PhD,e.a,cgaaa.a,gi.f,jaa.a,cha.a,hfa.a,d.gh
Brazil,Porto Alegre,UFRGS,Data Science,Bachelor,e.a,a.a,ej.i,eaa.a,ja.a,eaa.a,e.jf
India,Chennai,IIT Madras,Software Engineering,Master,c.a,bhaa.a,ec.e,cia.a,bia.a,daa.a,ic.hf
Thailand,Phuket,Prince of Songkla University,Computer Engineering,Master,c.a,baaaa.a,ee.i,daa.a,ia.a,dfa.a,df.cf
Egypt,Giza,Ain Shams University,Data Science,PhD,e.a,ceaa.a,db.c,cca.a,baa.a,caa.a,da.j
Singapore,Singapore,Singapore University of Technology,Artificial Intelligence,Master,c.a,djaaa.a,id.i,bbaa.a,ja.a,iaa.a,b.df
,Ajman,Ajman University,Information Systems,Bachelor,e.a,cdaaa.a,,iaa.a,cha.a,hfa.a,d.gh
Brazil,Recife,UFPE,Computer Engineering,Master,c.a,a.a,eh.f,dfa.a,ja.a,eaa.a,e.jf
India,Hyderabad,IIT Hyderabad,Data Analytics,PhD,e.a,biaa.a,eb.c,cga.a,bia.a,daa.a,ic.hf
Thailand,Hat Yai,Prince of Songkla University,Software Engineering,Bachelor,e.a,jfaa.a,ed.c,cia.a,ia.a,dfa.a,df.cf
Egypt,Port Said,Port Said University,Computer Science,Master,c.a,cbaa.a,cj.i,bia.a,baa.a,caa.a,da.j
Singapore,Singapore,SUTD,Robotics,PhD,e.a,dhaaa.a,id.i,bafa.a,ja.a,iaa.a,b.df
,Al Ain,,Data Science,Master,c.a,ceaaa.a,ge.c,hfa.a,cha.a,hfa.a,d.gh
Brazil,Florianopolis,UFSC,Information Technology,PhD,e.a,a.a,ei.j,eaa.a,ja.a,eaa.a,e.jf
India,Pune,IIT Pune,Computer Science,Master,c.a,bgaa.a,ea.f,cfa.a,bia.a,daa.a,ic.hf
Thailand,Nakhon Ratchasima,Suranaree University,Data Engineering,Master,c.a,jaaa.a,eb.i,cfa.a,ia.a,dfa.a,df.cf
Egypt,Mansoura,Mansoura University,Information Systems,Bachelor,e.a,caaa.a,ci.f,bha.a,baa.a,caa.a,da.j
Singapore,Singapore,SIM Global Education,Software Engineering,Bachelor,e.a,dfaaa.a,id.i,baaa.a,ja.a,iaa.a,b.df
,Ras Al Khaimah,RAK University,Computer Engineering,Master,c.a,ccaaa.a,gc.f,haa.a,cha.a,hfa.a,d.gh
Brazil,Salvador,UFBA,Data Science,Master,c.a,a.a,eg.i,dia.a,ja.a,eaa.a,e.jf
India,Kanpur,IIT Kanpur,Artificial Intelligence,,e.a,bjaa.a,dj.i,cea.a,bia.a,daa.a,ic.hf
Thailand,Songkhla,,Computer Engineering,Bachelor,e.a,ifaa.a,ec.f,cha.a,ia.a,dfa.a,df.cf
Egypt,Aswan,Aswan University,Data Analytics,Master,c.a,bjaa.a,ch.i,bga.a,baa.a,caa.a,da.j
,Fujairah,Fujairah University,Information Technology,Bachelor,e.a,cbaaa.a,gb.e,,cha.a,hfa.a,d.gh
Iceland,Reykjavik,University of Iceland,Computer Science,Master,c.a,a.a,ie.f,bcaa.a,bea.a,jaa.a,bdh.f
Colombia,Bogota,Universidad Nacional,Software Engineering,Master,c.a,dfaa.a,eb.c,eaa.a,ia.a,daa.a,
Poland,Warsaw,University of Warsaw,Data Science,PhD,,daaa.a,fe.i,,ia.a,eaa.a,e.b
Romania,Bucharest,University Politehnica,Computer Engineering,Bachelor,d.a,cfaa.a,ef.c,efa.a,bca.a,dfa.a,e.gf
Luxembourg,Luxembourg City,University of Luxembourg,Artificial Intelligence,Master,c.a,eaa.a,id.c,beaa.a,baa.a,iaa.a,a.jc
Indonesia,Jakarta,University of Indonesia,Information Systems,Master,c.a,faaa.a,ef.i,eaa.a,bfa.a,cfa.a,
Iceland,Akureyri,University of Akureyri,Data Analytics,Bachelor,d.a,a.a,hi.e,jaa.a,bea.a,jaa.a,bdh.f
Colombia,Medellin,Universidad de Antioquia,Computer Science,PhD,,eaaa.a,di.f,dfa.a,ia.a,daa.a,
Poland,Krakow,Jagiellonian University,Software Development,Master,c.a,ciaa.a,fc.e,,ia.a,eaa.a,e.b
Romania,Cluj-Napoca,Babes-Bolyai University,,Master,c.a,ccaa.a,ed.i,eaa.a,bca.a,dfa.a,e.gf
Luxembourg,Esch-sur-Alzette,Luxembourg School of Business,Data Engineering,Master,c.a,eaa.a,hj.f,bcaa.a,baa.a,iaa.a,a.jc
Indonesia,Bandung,Institut Teknologi Bandung,Computer Engineering,PhD,e.a,efaa.a,ec.e,daa.a,bfa.a,cfa.a,
Iceland,Reykjavik,Reykjavik University,Robotics,Master,c.a,a.a,ie.f,bbfa.a,bea.a,jaa.a,bdh.f
Colombia,Cali,Universidad del Valle,Information Technology,Bachelor,e.a,dcaa.a,dg.i,daa.a,ia.a,daa.a,
Poland,Wroclaw,Wroclaw University of Technology,Artificial Intelligence,Master,c.a,cgaa.a,fa.f,ffa.a,ia.a,eaa.a,e.b
Romania,Timisoara,Politehnica University,Software Engineering,PhD,e.a,ceaa.a,ec.f,dia.a,bca.a,dfa.a,e.gf
Luxembourg,Belval,Luxembourg Institute of Science,Computer Science,Bachelor,d.a,eaa.a,hi.e,bbaa.a,baa.a,iaa.a,a.jc
Indonesia,Yogyakarta,Gadjah Mada University,,Master,c.a,eaaa.a,ea.c,cfa.a,bfa.a,cfa.a,
Iceland,Hafnarfjordur,Iceland University of Arts,Digital Design,Master,c.a,a.a,ic.b,baaa.a,bea.a,jaa.a,bdh.f
Colombia,Barranquilla,Universidad del Norte,Computer Engineering,Master,c.a,diaa.a,df.e,cia.a,ia.a,daa.a,
Poland,Poznan,Adam Mickiewicz University,Computer Science,PhD,,chaa.a,fb.c,,ia.a,eaa.a,e.b
Romania,Iasi,Alexandru Ioan Cuza University,Information Systems,Master,c.a,cbaa.a,eb.i,dfa.a,bca.a,dfa.a,e.gf
Luxembourg,Kirchberg,Sacred Heart University,Data Analytics,Master,c.a,eaa.a,ib.f,bdaa.a,baa.a,iaa.a,a.jc
Indonesia,Surabaya,Institut Teknologi Sepuluh,Software Engineering,Bachelor,,diaa.a,eb.f,cia.a,bfa.a,cfa.a,
Iceland,Kopavogur,Bifrost University,Digital Business,Bachelor,d.a,a.a,ib.c,jfa.a,bea.a,jaa.a,bdh.f
Colombia,Bucaramanga,UIS,,PhD,,dfaa.a,de.i,cga.a,ia.a,daa.a,
Poland,Gdansk,Gdansk University of Technology,Cybersecurity,Master,c.a,cfaa.a,ej.i,fca.a,ia.a,eaa.a,e.b
Romania,Brasov,,Computer Engineering,Bachelor,,caaa.a,ea.f,dda.a,bca.a,dfa.a,e.gf
Luxembourg,Differdange,Miami University Dolibois,Information Technology,Master,c.a,eaa.a,hh.i,bbfa.a,baa.a,iaa.a,a.jc
Indonesia,Malang,Brawijaya University,Artificial Intelligence,Master,c.a,dfaa.a,dj.i,cea.a,bfa.a,cfa.a,
Poland,,Lodz University of Technology,Software Engineering,Master,c.a,ceaa.a,ei.f,faa.a,ia.a,eaa.a,e.b
Romania,Constanta,Ovidius University,Data Analytics,Master,c.a,bjaa.a,dj.i,dca.a,bca.a,dfa.a,e.gf
Luxembourg,Walferdange,European Business University,Digital Innovation,Bachelor,d.a,eaa.a,hg.f,bbaa.a,baa.a,iaa.a,a.jc
Indonesia,Semarang,Diponegoro University,Computer Science,PhD,,dcaa.a,di.f,cca.a,bfa.a,cfa.a,
Iceland,Borgarnes,Agricultural University,Data Systems,Master,c.a,a.a,hj.i,jaa.a,bea.a,jaa.a,bdh.f
Colombia,Cartagena,Universidad de Cartagena,Information Systems,Master,c.a,ddaa.a,df.c,cja.a,ia.a,daa.a,
Poland,Katowice,University of Silesia,Computer Engineering,Bachelor,d.a,cdaa.a,eh.i,eia.a,ia.a,eaa.a,e.b
Romania,Craiova,University of Craiova,Software Development,PhD,,ccaa.a,di.j,daa.a,bca.a,dfa.a,e.gf
Luxembourg,Bertrange,Chamber of Commerce School,Business Analytics,Master,c.a,eaa.a,hf.e,bafa.a,baa.a,iaa.a,a.jc
Indonesia,Denpasar,Udayana University,Information Technology,Master,c.a,daaa.a,dh.j,caa.a,bfa.a,cfa.a,
Tunisia,Tunis,University of Tunis,Computer Science,Master,c.a,bfaa.a,df.i,cfa.a,ga.a,caa.a,d.bf
Cyprus,Nicosia,University of Cyprus,,Master,c.a,iaaa.a,,,baa.a,,a.jc
Croatia,Zagreb,University of Zagreb,Software Engineering,PhD,,eaaa.a,fi.j,efa.a,ia.a,eaa.a,h.df
Dominican Republic,Santo Domingo,INTEC,Computer Engineering,Bachelor,,gaaa.a,ec.f,dfa.a,baa.a,daa.a,fg.i
Morocco,Rabat,Mohammed V University,Information Systems,Master,c.a,caaa.a,eb.c,daa.a,ha.a,cfa.a,ba.bf
Peru,,PUCP,Data Analytics,Master,c.a,ifaa.a,ee.i,eaa.a,bca.a,dfa.a,d.hf
Argentina,Buenos Aires,University of Buenos Aires,Computer Science,PhD,,a.a,ec.f,dfa.a,ja.a,cia.a,chf.a
Tunisia,Sfax,University of Sfax,Artificial Intelligence,Master,c.a,beaa.a,dd.c,caa.a,ga.a,caa.a,d.bf
Cyprus,,Cyprus University of Technology,Software Development,Bachelor,,hfaa.a,gc.i,ffa.a,baa.a,,a.jc
Croatia,Split,University of Split,Data Engineering,Master,c.a,diaa.a,fg.e,eaa.a,ia.a,eaa.a,h.df
Dominican Republic,Santiago,PUCMM,Information Technology,Master,c.a,ffaa.a,ea.c,daa.a,baa.a,daa.a,fg.i
Morocco,Casablanca,Hassan II University,Computer Engineering,PhD,e.a,ccaa.a,ed.f,dfa.a,ha.a,cfa.a,ba.bf
Peru,Arequipa,Universidad San Agustin,Software Engineering,Bachelor,e.a,haaa.a,eb.c,daa.a,bca.a,dfa.a,d.hf
Argentina,Cordoba,National University of Cordoba,,Master,c.a,a.a,dj.i,cia.a,ja.a,cia.a,chf.a
Tunisia,Sousse,University of Sousse,Computer Systems,Bachelor,d.a,bdaa.a,dc.f,bia.a,ga.a,caa.a,d.bf
Cyprus,Larnaca,American University Cyprus,Artificial Intelligence,PhD,e.a,icaa.a,gb.f,faa.a,baa.a,,a.jc
Croatia,Rijeka,University of Rijeka,Information Systems,Master,c.a,dfaa.a,fe.i,dia.a,ia.a,eaa.a,h.df
Dominican Republic,La Romana,Universidad Central Este,Computer Science,Bachelor,e.a,faaa.a,di.f,cia.a,baa.a,daa.a,fg.i
Morocco,Fez,University of Al Quaraouiyine,Data Analytics,Master,c.a,biaa.a,dj.i,cfa.a,ha.a,cfa.a,ba.bf
Peru,Trujillo,Universidad Nacional de Trujillo,Software Development,PhD,,hfaa.a,ea.f,cia.a,bca.a,dfa.a,d.hf
Argentina,Rosario,National University of Rosario,Computer Engineering,Master,c.a,a.a,di.f,cga.a,ja.a,cia.a,chf.a
Tunisia,Monastir,University of Monastir,,PhD,,bgaa.a,db.i,bha.a,ga.a,caa.a,d.bf
Cyprus,Famagusta,Eastern Mediterranean University,Software Engineering,Master,c.a,hiaa.a,fj.i,eia.a,baa.a,,a.jc
Croatia,Osijek,University of Osijek,Computer Science,Bachelor,d.a,dcaa.a,fc.f,dfa.a,ia.a,eaa.a,h.df
Dominican Republic,San Pedro,UCNE,Information Systems,Master,c.a,eiaa.a,dh.c,cga.a,baa.a,daa.a,fg.i
Morocco,Marrakech,Cadi Ayyad University,Artificial Intelligence,PhD,e.a,cbaa.a,ea.f,cia.a,ha.a,cfa.a,ba.bf
Peru,Cusco,Universidad San Antonio Abad,Data Analytics,Master,c.a,giaa.a,dj.i,cga.a,bca.a,dfa.a,d.hf
Argentina,La Plata,National University of La Plata,Software Development,Bachelor,e.a,a.a,dh.f,cea.a,ja.a,cia.a,chf.a
Tunisia,Gabes,University of Gabes,Computer Engineering,Master,c.a,beaa.a,da.f,bga.a,ga.a,caa.a,d.bf
Croatia,Zadar,University of Zadar,Information Technology,PhD,e.a,dgaa.a,fd.c,dha.a,ia.a,eaa.a,h.df
Cyprus,Paphos,Neapolis University,,Bachelor,d.a,heaa.a,fi.f,efa.a,baa.a,,a.jc
Dominican Republic,Puerto Plata,UTESA,Computer Science,PhD,e.a,efaa.a,dg.i,cfa.a,baa.a,daa.a,fg.i
Morocco,Tangier,Abdelmalek Essaadi University,Software Engineering,Master,c.a,bjaa.a,di.j,cga.a,ha.a,cfa.a,ba.bf
Peru,Piura,Universidad de Piura,Information Systems,Master,c.a,hcaa.a,di.f,cfa.a,bca.a,dfa.a,d.hf
Argentina,Mendoza,National University of Cuyo,Data Analytics,PhD,e.a,a.a,dg.i,cda.a,ja.a,cia.a,chf.a
Tunisia,Bizerte,University of Carthage,Artificial Intelligence,Bachelor,d.a,bcaa.a,cj.i,bfa.a,ga.a,caa.a,d.bf
Cyprus,Girne,Girne American University,Computer Engineering,Master,c.a,hgaa.a,fh.i,eda.a,baa.a,,a.jc
Croatia,Dubrovnik,University of Dubrovnik,Software Development,Master,c.a,deaa.a,fe.f,dja.a,ia.a,eaa.a,h.df
Morocco,Oujda,Mohammed I University,Computer Science,Bachelor,e.a,bhaa.a,dh.f,cea.a,ha.a,cfa.a,ba.bf
Peru,Chiclayo,Universidad San Martin,Data Engineering,PhD,e.a,gfaa.a,dh.i,cea.a,bca.a,dfa.a,d.hf
Ecuador,Quito,Universidad San Francisco,Computer Science,Master,c.a,ifaa.a,ef.i,eaa.a,baa.a,daa.a,b.a
Lebanon,Beirut,American University of Beirut,,Master,c.a,caaaa.a,fi.j,,bfa.a,,
Bahrain,Manama,University of Bahrain,Software Engineering,Bachelor,e.a,haaa.a,,haa.a,bda.a,gaa.a,a.di
Uruguay,Montevideo,Universidad de la Republica,Computer Engineering,PhD,e.a,a.a,fc.e,efa.a,ja.a,dfa.a,dj.f
Bulgaria,Sofia,Sofia University,Information Systems,Master,c.a,dfaa.a,ei.f,eaa.a,bba.a,daa.a,b.if
Ghana,Accra,University of Ghana,Data Analytics,Master,c.a,efaa.a,ec.b,daa.a,bca.a,cfa.a,bc.a
Algeria,Algiers,University of Science and Technology,Computer Science,Bachelor,d.a,bcaa.a,di.f,cfa.a,ia.a,caa.a,bdh.f
Panama,Panama City,Universidad Tecnologica,Artificial Intelligence,Master,c.a,hfaa.a,fb.c,,baa.a,eaa.a,b.a
Ecuador,Guayaquil,ESPOL,Software Development,PhD,e.a,hiaa.a,ed.c,dfa.a,baa.a,daa.a,b.a
Lebanon,Byblos,Lebanese American University,Data Engineering,Master,c.a,biaaa.a,ff.e,faa.a,bfa.a,,
Bahrain,Riffa,Royal University for Women,Information Technology,Master,c.a,iaaa.a,gd.c,,bda.a,gaa.a,a.di
Uruguay,Salto,Universidad ORT Uruguay,Computer Science,Master,c.a,gfaa.a,ei.f,dia.a,ja.a,dfa.a,dj.f
Bulgaria,Plovdiv,Plovdiv University,Data Science,Bachelor,d.a,dcaa.a,ef.i,dfa.a,bba.a,daa.a,b.if
Ghana,Kumasi,Kwame Nkrumah University,Software Engineering,PhD,e.a,ecaa.a,dj.i,cfa.a,bca.a,cfa.a,bc.a
Algeria,Oran,University of Oran,Computer Engineering,Master,c.a,bbaa.a,dg.e,cca.a,ia.a,caa.a,bdh.f
Panama,David,ISAE University,Data Analytics,Bachelor,e.a,giaa.a,eh.f,efa.a,baa.a,eaa.a,b.a
Ecuador,Cuenca,Universidad de Cuenca,Information Systems,Master,c.a,hcaa.a,ec.f,dca.a,baa.a,daa.a,b.a
Lebanon,Tripoli,Lebanese University,Computer Science,PhD,e.a,caaa.a,fc.b,eaa.a,bfa.a,,
Bahrain,Isa Town,Bahrain Polytechnic,Software Development,Bachelor,e.a,gfaa.a,gb.i,,bda.a,gaa.a,a.di
Uruguay,Maldonado,Universidad Catolica,Data Science,Master,c.a,haaa.a,ej.c,eaa.a,ja.a,dfa.a,dj.f
Bulgaria,Varna,,Computer Engineering,Master,c.a,dbaa.a,ee.c,dda.a,bba.a,daa.a,b.if
Ghana,Cape Coast,University of Cape Coast,Information Technology,Master,c.a,eaaa.a,di.f,cda.a,bca.a,cfa.a,bc.a
Algeria,Constantine,University of Constantine,Data Analytics,PhD,e.a,bdaa.a,df.i,caa.a,ia.a,caa.a,bdh.f
Panama,Santiago,Universidad Latina,Computer Science,Master,c.a,gfaa.a,ef.i,eaa.a,baa.a,eaa.a,b.a
Ecuador,,UTPL,Artificial Intelligence,Bachelor,d.a,giaa.a,eb.c,daa.a,baa.a,daa.a,b.a
Lebanon,Jounieh,Holy Spirit University,Software Engineering,Master,c.a,bgaaa.a,fe.f,efa.a,bfa.a,,
Bahrain,Sakhir,Arabian Gulf University,Data Science,PhD,e.a,jaaa.a,gc.e,,bda.a,gaa.a,a.di
Uruguay,Rivera,UTEC,Information Systems,Bachelor,e.a,a.a,eh.i,dfa.a,ja.a,dfa.a,dj.f
Bulgaria,Burgas,Burgas Free University,Computer Science,Master,c.a,cjaa.a,ed.f,dca.a,bba.a,daa.a,b.if
Ghana,Tamale,University for Development,Software Development,PhD,e.a,diaa.a,dg.i,caa.a,bca.a,cfa.a,bc.a
Algeria,Annaba,Badji Mokhtar University,Computer Engineering,Master,c.a,baaa.a,de.f,bia.a,ia.a,caa.a,bdh.f
Panama,Chitré,Quality Leadership University,Data Analytics,Bachelor,d.a,gcaa.a,ee.c,dia.a,baa.a,eaa.a,b.a
Ecuador,Ambato,Universidad Tecnica,Information Technology,PhD,e.a,gfaa.a,ea.f,cia.a,baa.a,daa.a,b.a
Lebanon,Sidon,Lebanese International,Computer Science,Bachelor,e.a,bfaaa.a,fb.i,eca.a,bfa.a,,
Bahrain,Muharraq,Applied Science University,Data Engineering,Master,c.a,hfaa.a,gb.f,,bda.a,gaa.a,a.di
Uruguay,Paysandu,Universidad de Paysandu,Software Engineering,Master,c.a,a.a,eg.f,dda.a,ja.a,dfa.a,dj.f
Bulgaria,Ruse,University of Ruse,Artificial Intelligence,PhD,e.a,ddaa.a,ec.i,daa.a,bba.a,daa.a,b.if
Ghana,Ho,University of Health Sciences,Data Science,Master,c.a,dfaa.a,df.e,bia.a,bca.a,cfa.a,bc.a
Algeria,Tlemcen,University of Tlemcen,Information Systems,Bachelor,d.a,jaa.a,dd.c,bga.a,ia.a,caa.a,bdh.f
Panama,La Chorrera,Universidad Metropolitana,Computer Science,Master,c.a,gaaa.a,ed.f,dfa.a,baa.a,eaa.a,b.a
Bangladesh,Dhaka,Bangladesh University of Engineering,Computer Science,Master,c.a,cfaa.a,ec.f,cfa.a,baa.a,caa.a,baj.f
Kuwait,Kuwait City,Kuwait University,Data Science,Master,c.a,dfaa.a,hb.c,iaa.a,bea.a,haa.a,a.db
Ukraine,Kyiv,Igor Sikorsky Kyiv Polytechnic,Software Engineering,Bachelor,e.a,diaa.a,ef.i,eaa.a,bca.a,daa.a,dg.i
Slovenia,,University of Ljubljana,Computer Engineering,PhD,e.a,efaa.a,gc.e,faa.a,ia.a,efa.a,a.jc
Serbia,Belgrade,University of Belgrade,Information Systems,Master,c.a,ciaa.a,ei.f,dfa.a,ja.a,dca.a,bai.f
Iran,Tehran,Sharif University of Technology,Data Analytics,Master,c.a,daaa.a,fb.c,eaa.a,bfa.a,cia.a,
Uzbekistan,Tashkent,INHA University Tashkent,Computer Science,Bachelor,e.a,ecaa.a,ee.f,daa.a,bga.a,cfa.a,
El Salvador,San Salvador,Universidad Don Bosco,Software Development,Master,c.a,ffaa.a,eg.i,eaa.a,bba.a,daa.a,b.a
Bangladesh,Chittagong,CUET,Artificial Intelligence,PhD,e.a,ccaa.a,dj.i,caa.a,baa.a,caa.a,baj.f
Kuwait,Hawalli,American University Kuwait,Data Engineering,Master,c.a,bfaaa.a,gi.f,hfa.a,bea.a,haa.a,a.db
Ukraine,Lviv,Lviv Polytechnic,Computer Science,Master,c.a,dfaa.a,ed.c,dfa.a,bca.a,daa.a,dg.i
Slovenia,Maribor,University of Maribor,Data Science,Master,c.a,ecaa.a,fi.f,efa.a,ia.a,efa.a,a.jc
Serbia,Novi Sad,University of Novi Sad,Software Engineering,PhD,e.a,cgaa.a,ef.i,dca.a,ja.a,dca.a,bai.f
Iran,Isfahan,Isfahan University of Technology,Information Systems,Bachelor,d.a,ciaa.a,ei.f,dfa.a,bfa.a,cia.a,
Uzbekistan,Samarkand,Samarkand State University,Data Analytics,Master,c.a,diaa.a,eb.c,cfa.a,bga.a,cfa.a,
El Salvador,Santa Ana,Universidad Catolica,Computer Engineering,Bachelor,e.a,faaa.a,ee.f,dfa.a,bba.a,daa.a,b.a
Bangladesh,Khulna,Khulna University,Software Development,Master,c.a,cbaa.a,di.f,bia.a,baa.a,caa.a,baj.f
Kuwait,Al Jahra,Gulf University for Science,Artificial Intelligence,PhD,e.a,beaaa.a,gg.i,haa.a,bea.a,haa.a,a.db
Ukraine,Kharkiv,Kharkiv Polytechnic,,Master,c.a,deaa.a,ec.f,dda.a,bca.a,daa.a,dg.i
Slovenia,Koper,University of Primorska,Information Technology,Bachelor,d.a,eaaa.a,fh.c,eca.a,ia.a,efa.a,a.jc
Serbia,Nis,University of Nis,Computer Engineering,Master,c.a,cfaa.a,ee.c,daa.a,ja.a,dca.a,bai.f
Iran,Mashhad,Ferdowsi University,Data Analytics,,e.a,cjaa.a,eh.i,dca.a,bfa.a,cia.a,ecbfa.a
Uzbekistan,Bukhara,Bukhara State University,Computer Science,Bachelor,e.a,dfaa.a,dj.i,cca.a,bga.a,cfa.a,
El Salvador,San Miguel,Universidad de Oriente,Information Systems,Master,c.a,eiaa.a,ed.c,dca.a,bba.a,daa.a,b.a
Bangladesh,Rajshahi,RUET,Software Engineering,Master,c.a,caaa.a,dh.c,bha.a,baa.a,caa.a,baj.f
Kuwait,Salmiya,Australian College Kuwait,,Bachelor,d.a,bdfaa.a,,gia.a,bea.a,haa.a,a.db
Ukraine,Odesa,Odesa Polytechnic,Artificial Intelligence,,e.a,dgaa.a,eb.i,dca.a,bca.a,daa.a,dg.i
Slovenia,Nova Gorica,University of Nova Gorica,Computer Science,Master,c.a,ebaa.a,fg.f,eaa.a,ia.a,efa.a,a.jc
Serbia,Kragujevac,University of Kragujevac,Data Engineering,Bachelor,e.a,ceaa.a,ed.f,cia.a,ja.a,dca.a,bai.f
Iran,Shiraz,Shiraz University,Software Development,Master,c.a,chaa.a,eg.i,daa.a,bfa.a,cia.a,
Uzbekistan,Namangan,Namangan Institute,Information Technology,Master,c.a,deaa.a,di.f,caa.a,bga.a,cfa.a,
El Salvador,Sonsonate,Universidad de Sonsonate,,Bachelor,d.a,efaa.a,ec.i,daa.a,bba.a,daa.a,b.a
Bangladesh,Sylhet,SUST,Computer Engineering,PhD,e.a,cdaa.a,dg.i,bga.a,baa.a,caa.a,baj.f
Kuwait,Al Ahmadi,ACK,Software Engineering,Master,c.a,bdaaa.a,ge.f,,bea.a,haa.a,a.db
Ukraine,Dnipro,Dnipro Polytechnic,Data Analytics,Master,c.a,ddaa.a,ea.f,daa.a,bca.a,daa.a,dg.i
Slovenia,Celje,Faculty of Logistics,Information Systems,Bachelor,d.a,djaa.a,ff.e,dia.a,ia.a,efa.a,a.jc
Serbia,Subotica,University of Subotica,Computer Science,Master,c.a,cdaa.a,ec.i,cha.a,ja.a,dca.a,bai.f
Iran,Tabriz,University of Tabriz,Artificial Intelligence,,e.a,cgaa.a,ef.f,cia.a,bfa.a,cia.a,
Uzbekistan,Andijan,Andijan State University,Software Development,Master,c.a,dcaa.a,dh.i,bia.a,bga.a,cfa.a,
El Salvador,Santa Tecla,ITCA-FEPADE,Computer Engineering,Bachelor,e.a,ecaa.a,ec.b,cia.a,bba.a,daa.a,b.a
Malaysia,Kuala Lumpur,University of Malaya,Computer Science,Master,c.a,ifaa.a,ff.e,faa.a,bca.a,eaa.a,e.gf
Saudi Arabia,Riyadh,King Saud University,,,e.a,faaa.a,hc.f,iaa.a,caa.a,iaa.a,d.hf
USA,Boston,Harvard University,Artificial Intelligence,Master,c.a,fiaaa.a,ic.b,ccaa.a,bga.a,bfaa.a,b.a
,,Imperial College,Computer Engineering,Master,c.a,ecaaa.a,hf.d,biaa.a,eif.a,iaa.a,a.hj
Spain,Madrid,Universidad Politecnica,Software Engineering,,e.a,dfaa.a,hb.e,bbaa.a,ia.a,hfa.a,a.jc
Italy,Milan,Politecnico di Milano,Data Analytics,Master,c.a,eaaa.a,hd.c,bcaa.a,bca.a,haa.a,a.jc
France,Paris,Sorbonne University,Computer Science,Master,c.a,efaa.a,ie.d,biaa.a,jj.a,ifa.a,a.jc
Malaysia,Penang,USM,Information Systems,Bachelor,d.a,hfaa.a,fc.b,efa.a,bca.a,eaa.a,e.gf
Saudi Arabia,Jeddah,King Abdulaziz University,Data Engineering,Master,c.a,eiaa.a,ha.c,hfa.a,caa.a,iaa.a,d.hf
USA,Stanford,Stanford University,Computer Science,,f.a,fcaaa.a,ie.d,cdaa.a,bga.a,bfaa.a,b.a
,Cambridge,University of Cambridge,Artificial Intelligence,,e.a,efaaa.a,hb.f,bgaa.a,eif.a,iaa.a,a.hj
Spain,Barcelona,Universitat de Barcelona,Data Science,Master,c.a,diaa.a,hd.g,baaa.a,ia.a,hfa.a,a.jc
Italy,Rome,Sapienza University,Software Engineering,Bachelor,d.a,dfaa.a,hb.c,bbaa.a,bca.a,haa.a,a.jc
France,Lyon,École Normale Supérieure,Computer Engineering,Master,c.a,ecaa.a,hf.g,bcaa.a,jj.a,ifa.a,a.jc
Malaysia,Johor Bahru,UTM,Data Analytics,,e.a,iaaa.a,fb.i,eaa.a,bca.a,eaa.a,e.gf
Saudi Arabia,Dhahran,KFUPM,Computer Science,Master,c.a,efaa.a,gi.f,haa.a,caa.a,iaa.a,d.hf
USA,Berkeley,,Data Science,Master,c.a,feaaa.a,id.c,caaa.a,bga.a,bfaa.a,b.a
,Oxford,University of Oxford,Software Engineering,Master,c.a,eaaaa.a,hb.f,beaa.a,eif.a,iaa.a,a.hj
Spain,Valencia,Universidad de Valencia,Information Systems,PhD,e.a,dcaa.a,gi.f,iaa.a,ia.a,hfa.a,a.jc
Italy,Turin,Politecnico di Torino,Artificial Intelligence,Master,c.a,diaa.a,gj.i,jaa.a,bca.a,haa.a,a.jc
France,Toulouse,INSA Toulouse,Data Engineering,PhD,e.a,edaa.a,hc.b,baaa.a,jj.a,ifa.a,a.jc
Malaysia,Kuching,UNIMAS,Computer Science,Master,c.a,haaa.a,ej.f,dia.a,bca.a,eaa.a,e.gf
Saudi Arabia,Medina,Islamic University,Software Development,Bachelor,e.a,ecaa.a,,,caa.a,iaa.a,d.hf
USA,MIT,Massachusetts,Robotics,PhD,f.a,fgaaa.a,ic.b,cbaa.a,bga.a,bfaa.a,b.a
,Edinburgh,University of Edinburgh,Data Science,Master,c.a,diaaa.a,gh.i,bbaa.a,eif.a,iaa.a,a.hj
Spain,Seville,Universidad de Sevilla,Computer Engineering,Master,c.a,daaa.a,,hfa.a,ia.a,hfa.a,a.jc
Italy,Bologna,University of Bologna,Information Systems,PhD,e.a,dgaa.a,ha.f,jfa.a,bca.a,haa.a,a.jc
France,Marseille,Aix-Marseille University,Artificial Intelligence,Master,c.a,ebaa.a,hd.f,bbaa.a,jj.a,ifa.a,a.jc
Malaysia,Cyberjaya,Multimedia University,Data Analytics,Bachelor,d.a,hiaa.a,fd.c,efa.a,bca.a,eaa.a,e.gf
Saudi Arabia,Dammam,Imam Abdulrahman University,Computer Science,Master,c.a,egaa.a,gh.i,,caa.a,iaa.a,d.hf
USA,New York,Columbia University,Data Science,Master,c.a,gcaaa.a,baa.a,cfaa.a,bga.a,bfaa.a,b.a
,Manchester,University of Manchester,Software Engineering,PhD,e.a,dfaaa.a,,jaa.a,eif.a,iaa.a,a.hj
Spain,Granada,Universidad de Granada,Computer Science,Bachelor,d.a,ciaa.a,,haa.a,ia.a,hfa.a,a.jc
Italy,Florence,University of Florence,Data Engineering,Master,c.a,dfaa.a,hb.c,baaa.a,bca.a,haa.a,a.jc
France,Bordeaux,University of Bordeaux,Information Systems,PhD,e.a,edaa.a,hc.b,baaa.a,jj.a,ifa.a,a.jc
Malaysia,Bangi,UKM,Artificial Intelligence,Master,c.a,hcaa.a,fb.f,eca.a,bca.a,eaa.a,e.gf
Saudi Arabia,Taif,,Software Development,Master,c.a,eeaa.a,,,caa.a,iaa.a,d.hf
USA,,UCLA,Computer Engineering,PhD,f.a,fcaaa.a,hj.i,ccaa.a,bga.a,bfaa.a,b.a
,Bristol,University of Bristol,Data Analytics,Master,c.a,dgaaa.a,gi.j,bcaa.a,eif.a,iaa.a,a.hj
Spain,Bilbao,University of the Basque Country,Information Technology,Master,c.a,deaa.a,gh.i,ifa.a,ia.a,hfa.a,a.jc
Italy,Naples,University of Naples,Computer Science,Bachelor,d.a,dcaa.a,gh.i,iaa.a,bca.a,haa.a,a.jc
France,Nice,University of Nice,Data Science,Master,c.a,ebaa.a,hg.f,bdaa.a,jj.a,ifa.a,a.jc
Malaysia,Melaka,UTeM,Software Engineering,PhD,e.a,hfaa.a,fa.c,eaa.a,bca.a,eaa.a,e.gf
Saudi Arabia,Tabuk,University of Tabuk,Computer Engineering,Bachelor,e.a,ebaa.a,gd.c,,caa.a,iaa.a,d.hf
USA,Chicago,University of Chicago,Artificial Intelligence,Master,c.a,fiaaa.a,ie.b,bjaa.a,bga.a,bfaa.a,b.a
,Glasgow,University of Glasgow,Data Engineering,PhD,e.a,deaaa.a,,jfa.a,eif.a,iaa.a,a.hj
Spain,Salamanca,University of Salamanca,Information Systems,Master,c.a,dbaa.a,gc.b,,ia.a,hfa.a,a.jc
Italy,Pisa,University of Pisa,Software Development,Master,c.a,ddaa.a,gi.j,ifa.a,bca.a,haa.a,a.jc
France,,University of Lille,Computer Science,Bachelor,d.a,ecaa.a,gj.i,jfa.a,jj.a,ifa.a,a.jc
Malaysia,Shah Alam,UiTM,Data Analytics,Master,c.a,hbaa.a,fb.i,eda.a,bca.a,eaa.a,e.gf
Saudi Arabia,Makkah,Umm Al-Qura University,Information Technology,PhD,e.a,edaa.a,gf.i,,caa.a,iaa.a,d.hf
USA,San Francisco,Stanford University,Data Science,Master,c.a,ffaaa.a,jf.c,ceaa.a,bga.a,bfaa.a,b.a
,Leeds,University of Leeds,Computer Engineering,Master,c.a,dfaaa.a,gd.c,jaa.a,,iaa.a,a.hj
Spain,Zaragoza,University of Zaragoza,Artificial Intelligence,PhD,e.a,cjaa.a,gd.c,,ia.a,hfa.a,a.jc
Italy,Padua,University of Padua,Software Engineering,Master,c.a,deaa.a,gj.f,jaa.a,bca.a,haa.a,a.jc
France,Strasbourg,University of Strasbourg,Data Analytics,Master,c.a,eaaa.a,ha.c,baaa.a,jj.a,ifa.a,a.jc
Malaysia,Nilai,USIM,Computer Science,Bachelor,d.a,giaa.a,fa.f,eaa.a,bca.a,eaa.a,e.gf
Saudi Arabia,Al-Ahsa,King Faisal University,Information Systems,Master,c.a,ecaa.a,ge.c,,caa.a,iaa.a,d.hf
USA,Seattle,University of Washington,Software Development,PhD,f.a,faaaa.a,hh.i,caaa.a,bga.a,bfaa.a,b.a
,Nottingham,University of Nottingham,Data Engineering,,c.a,deaaa.a,gb.c,iaa.a,,iaa.a,a.hj
