Country int,City int,University int,Program int,Level int,DurationYears float,TuitionUSD float,LivingCostIndex float,RentUSD float,VisaFeeUSD float,InsuranceUSD float,ExchangeRate float
66,84,101,17,1,2.0,55400,83.5,2200,160,1500,1.0
65,283,128,27,1,1.0,41200,75.8,1800,485,800,0.79
9,503,572,9,1,2.0,38500,72.5,1600,235,900,1.35
2,313,495,44,1,2.0,42000,71.2,1400,450,650,1.52
22,330,307,66,1,2.0,500,70.5,1100,75,550,0.92
34,500,571,55,1,2.0,8900,76.4,1300,220,750,145.8
41,16,408,4,1,1.0,15800,73.2,1500,180,720,0.92
53,455,220,50,1,1.5,35000,81.1,1900,90,800,1.34
21,366,282,60,1,2.0,4500,74.6,1400,99,650,0.92
59,554,75,74,1,2.0,1460,91.5,2100,88,1200,0.89
58,468,143,89,1,2.0,0,71.8,1200,110,400,10.45
15,111,439,5,1,2.0,0,73.4,1300,120,450,6.92
10,43,319,15,1,2.5,8900,52.3,800,140,400,7.18
56,444,274,35,1,2.0,7200,68.7,900,130,500,1320.5
31,140,318,25,1,1.0,28900,72.9,1600,150,650,0.92
56,79,248,8,0,4.0,5900,62.4,700,130,500,1320.5
42,30,410,62,0,3.0,28500,69.8,1200,245,600,1.64
3,528,581,83,0,3.0,1500,67.4,950,160,500,0.92
6,71,144,6,0,3.0,3500,68.9,1000,180,550,0.92
66,19,496,1,0,4.0,52300,72.5,1800,160,1500,1.0
66,29,90,53,0,4.0,43800,71.5,1700,160,1500,1.0
66,31,347,11,0,4.0,40900,72.4,1600,160,1500,1.0
65,69,424,65,0,3.0,31200,69.8,1100,485,800,0.79
9,357,519,75,0,4.0,28900,68.5,1300,235,900,1.35
25,206,98,50,0,4.0,22000,78.6,1500,120,600,7.82
48,277,483,3,0,3.0,3500,58.4,800,120,450,0.92
32,492,310,17,0,3.0,12000,76.2,1200,150,800,3.72
60,486,214,42,0,4.0,5200,62.8,700,140,450,31.2
14,387,53,68,0,3.0,9800,54.6,650,100,400,22.5
66,466,285,17,2,5.0,54200,89.5,2300,160,1500,1.0
66,62,186,39,2,5.0,53800,83.2,2200,160,1500,1.0
65,360,521,6,2,4.0,29800,74.5,1600,485,800,0.79
65,84,428,74,2,4.0,31200,75.2,1700,485,800,0.79
22,197,104,69,2,3.0,500,68.4,900,75,550,0.92
59,41,74,72,2,4.0,1500,88.6,1800,88,1200,0.89
41,129,294,80,2,4.0,4800,71.8,1200,180,720,0.92
53,455,207,27,2,4.0,8900,81.5,1600,90,800,1.34
9,537,586,77,2,4.0,21500,69.8,1300,235,900,1.35
2,86,32,13,2,4.0,29800,70.2,1400,450,650,1.52
58,290,182,70,2,4.0,0,69.5,1000,110,400,10.45
66,428,325,17,0,4.0,44200,79.5,1900,160,1500,1.0
66,441,585,17,1,2.0,38900,83.4,2000,160,1500,1.0
9,146,406,17,2,4.0,22800,67.8,1200,235,900,1.35
65,175,459,17,1,1.0,33500,67.5,1100,485,800,0.79
28,36,130,17,1,2.0,2500,45.6,500,200,300,83.2
15,1,2,17,0,3.0,0,69.8,900,120,450,6.92
47,534,583,17,1,2.0,3800,51.2,650,80,350,4.02
31,168,208,17,0,4.0,25800,68.5,1100,150,650,0.92
56,121,140,17,2,4.0,6900,65.4,700,130,500,1320.5
38,250,491,17,0,4.0,4800,48.2,500,110,300,4.72
66,49,322,17,0,4.0,44900,84.2,2100,160,1500,1.0
65,303,492,38,0,3.0,32000,68.4,1200,485,800,0.79
9,524,425,76,0,4.0,31200,71.2,1700,235,900,1.35
2,480,562,8,0,3.0,35000,72.8,1600,450,650,1.52
22,50,85,59,0,3.0,0,65.2,900,75,550,0.92
57,39,413,3,0,4.0,2800,62.4,950,160,500,0.92
33,317,240,30,0,3.0,4200,63.8,1100,120,650,0.92
41,416,78,38,0,3.0,11200,71.5,1300,180,720,0.92
20,198,465,17,0,3.0,0,70.2,1100,120,400,0.92
44,356,517,49,0,3.0,0,75.6,1400,135,450,10.45
34,354,231,44,0,4.0,6800,71.2,900,220,750,145.8
34,256,162,17,1,2.0,8500,71.8,900,220,750,145.8
34,331,210,55,0,4.0,7800,68.5,750,220,750,145.8
34,443,314,85,1,2.0,8200,65.4,650,220,750,145.8
34,164,164,15,0,4.0,7500,64.8,600,220,750,145.8
34,439,107,27,1,2.0,8100,63.5,550,220,750,145.8
34,500,315,4,2,3.0,8900,76.4,1100,220,750,145.8
34,511,574,57,0,4.0,7200,64.2,600,220,750,145.8
34,242,158,17,1,2.0,7900,67.8,700,220,750,145.8
34,226,145,85,0,4.0,7100,62.5,500,220,750,145.8
34,202,106,58,1,2.0,7600,63.8,550,220,750,145.8
2,6,402,17,0,3.0,32800,68.5,1100,450,650,1.52
2,371,587,85,1,2.0,34500,69.8,1200,450,650,1.52
2,176,95,58,0,3.0,31200,67.5,1100,450,650,1.52
2,205,566,27,1,2.0,30800,65.4,950,450,650,1.52
2,340,509,15,0,4.0,31500,66.8,1000,450,650,1.52
2,544,592,4,1,2.0,32900,67.2,1050,450,650,1.52
2,124,52,57,0,3.0,29800,64.5,900,450,650,1.52
2,505,136,25,1,2.0,31200,65.8,950,450,650,1.52
2,474,342,84,0,3.0,29500,66.2,1000,450,650,1.52
2,24,507,22,1,2.0,30500,64.8,850,450,650,1.52
22,138,295,17,1,2.0,500,65.8,750,75,550,0.92
22,471,558,85,0,3.0,450,68.5,850,75,550,0.92
22,190,298,26,1,2.0,500,71.2,950,75,550,0.92
22,0,257,15,0,3.0,500,66.4,700,75,550,0.92
22,228,142,4,1,2.0,500,67.8,800,75,550,0.92
22,123,293,57,0,3.0,450,66.9,750,75,550,0.92
22,66,292,87,1,2.0,500,64.5,650,75,550,0.92
22,221,472,27,0,3.0,450,63.8,600,75,550,0.92
22,193,175,33,1,2.0,500,66.2,750,75,550,0.92
22,161,454,81,1,2.0,500,67.5,800,75,550,0.92
66,372,526,17,1,2.0,51900,76.8,1900,160,1500,1.0
66,98,434,25,1,2.0,52400,78.9,2000,160,1500,1.0
66,34,139,4,2,5.0,53600,72.5,1700,160,1500,1.0
66,336,605,15,0,4.0,50800,71.2,1600,160,1500,1.0
66,144,70,85,1,2.0,51500,70.8,1500,160,1500,1.0
66,297,590,17,2,5.0,38200,69.5,1400,160,1500,1.0
66,493,26,58,0,4.0,41200,70.2,1300,160,1500,1.0
66,63,437,27,1,2.0,39800,71.5,1600,160,1500,1.0
66,318,498,17,0,4.0,42500,72.8,1500,160,1500,1.0
66,126,324,15,1,2.0,42800,73.5,1700,160,1500,1.0
65,283,398,17,1,1.0,39200,76.2,1900,485,800,0.79
65,265,478,85,0,3.0,28500,65.8,950,485,800,0.79
65,535,584,27,1,1.0,36800,67.2,1000,485,800,0.79
65,450,545,4,2,3.0,27900,64.5,850,485,800,0.79
65,54,419,15,0,3.0,29500,66.8,950,485,800,0.79
65,462,550,24,1,1.0,32400,65.9,900,485,800,0.79
65,347,512,17,0,3.0,28900,64.8,850,485,800,0.79
65,89,48,84,1,1.0,31200,64.2,800,485,800,0.79
65,45,252,23,0,3.0,27500,63.5,750,485,800,0.79
65,340,222,25,1,1.0,30800,64.6,800,485,800,0.79
9,191,193,85,0,4.0,32500,68.5,1200,235,900,1.35
9,284,610,17,1,2.0,29800,65.8,1100,235,900,1.35
9,189,64,27,1,2.0,28500,64.5,1200,235,900,1.35
9,527,580,15,0,4.0,27900,69.2,1300,235,900,1.35
9,393,170,4,1,2.0,21500,63.8,900,235,900,1.35
9,542,493,17,0,4.0,26800,62.5,950,235,900,1.35
9,403,535,87,0,4.0,25500,61.8,900,235,900,1.35
9,465,194,17,1,2.0,19800,63.2,950,235,900,1.35
9,440,542,25,1,2.0,24500,62.8,1000,235,900,1.35
9,452,600,15,2,4.0,20500,61.5,850,235,900,1.35
66,376,49,17,1,2.0,51200,72.4,1800,160,1500,1.0
66,520,335,17,2,5.0,45800,68.5,1400,160,1500,1.0
9,82,427,85,0,4.0,26500,69.2,1300,235,900,1.35
7,438,541,17,1,2.0,0,48.5,600,160,400,4.95
63,216,38,15,0,4.0,1800,42.8,450,100,300,30.5
50,327,201,2,1,2.0,3900,51.2,700,120,350,92.8
39,316,337,15,0,4.0,800,44.6,500,160,400,17.2
24,27,215,85,1,2.0,2500,54.8,550,120,400,0.92
61,38,57,17,0,4.0,3800,46.5,450,140,300,35.2
64,139,17,17,0,4.0,29500,72.4,1200,270,800,3.67
66,339,60,27,1,2.0,52800,100.0,2500,160,1500,1.0
66,217,61,17,2,5.0,49800,70.5,1600,160,1500,1.0
10,451,267,4,1,2.0,8200,58.4,800,140,400,7.18
55,88,432,17,0,3.0,5900,49.2,600,140,400,18.72
18,81,16,15,0,4.0,19800,38.4,450,130,350,30.9
1,75,426,85,0,5.0,0,42.6,400,150,300,821.5
29,219,469,57,0,4.0,4200,45.8,500,130,300,15640.0
51,411,155,17,1,2.0,7800,52.4,800,250,600,3.75
43,260,477,15,0,4.0,2500,40.2,400,180,300,860.2
70,204,97,85,0,4.0,3200,43.6,450,120,250,24450.0
41,147,296,17,1,2.0,15600,69.8,950,180,720,0.92
41,148,577,4,0,3.0,11200,65.4,750,180,720,0.92
41,182,462,22,1,2.0,14800,66.8,800,180,720,0.92
41,296,187,27,0,3.0,11500,67.2,850,180,720,0.92
41,343,258,86,1,2.0,14500,66.5,800,180,720,0.92
41,497,313,57,0,3.0,11300,65.8,750,180,720,0.92
41,521,603,52,1,2.0,15200,70.2,1000,180,720,0.92
41,267,176,15,0,3.0,11400,69.5,950,180,720,0.92
41,532,608,5,1,2.0,14900,65.2,750,180,720,0.92
41,16,604,9,1,2.0,15400,73.5,1100,180,720,0.92
53,455,213,17,0,4.0,32500,81.1,1500,90,800,1.34
53,455,279,57,0,4.0,31800,81.1,1500,90,800,1.34
53,455,268,18,0,4.0,31200,81.1,1500,90,800,1.34
53,455,264,85,0,4.0,29800,81.1,1500,90,800,1.34
53,455,209,4,1,2.0,35600,81.1,1500,90,800,1.34
53,455,206,28,1,2.0,34900,81.1,1500,90,800,1.34
53,455,268,91,1,2.0,33800,81.1,1500,90,800,1.34
53,455,265,21,1,2.0,34200,81.1,1500,90,800,1.34
53,455,209,15,2,4.0,38500,81.1,1500,90,800,1.34
53,455,206,37,2,4.0,37900,81.1,1500,90,800,1.34
21,366,621,17,1,2.0,15600,74.6,1500,99,650,0.92
21,504,118,85,0,3.0,4200,65.8,750,99,650,0.92
21,294,620,27,1,2.0,4800,68.5,850,99,650,0.92
21,181,94,4,1,2.0,4500,66.4,800,99,650,0.92
21,341,598,15,0,3.0,3900,69.2,900,99,650,0.92
21,60,422,57,1,2.0,4200,67.8,850,99,650,0.92
21,271,599,84,0,3.0,3800,65.5,750,99,650,0.92
21,404,117,24,1,2.0,4500,64.8,700,99,650,0.92
21,469,556,36,0,3.0,3900,66.2,800,99,650,0.92
21,325,502,26,1,2.0,4100,65.9,750,99,650,0.92
59,264,72,17,1,2.0,1460,89.8,1900,88,1200,0.89
59,170,457,27,0,3.0,1380,90.5,2000,88,1200,0.89
59,51,418,85,1,2.0,1420,85.4,1700,88,1200,0.89
59,464,554,10,0,3.0,1440,86.2,1600,88,1200,0.89
59,289,343,4,1,2.0,1460,84.5,1500,88,1200,0.89
59,162,455,15,0,3.0,1380,83.8,1400,88,1200,0.89
59,337,505,57,1,2.0,1420,84.2,1500,88,1200,0.89
59,41,414,14,1,2.0,1440,87.5,1800,88,1200,0.89
59,288,486,34,0,3.0,1380,85.8,1600,88,1200,0.89
59,543,617,26,1,2.0,1460,86.4,1700,88,1200,0.89
15,111,439,17,1,2.0,8800,83.2,1500,110,600,0.15
15,2,4,27,1,2.0,8600,77.4,1200,110,600,0.15
15,1,2,85,1,2.0,8400,75.1,1000,110,600,0.15
10,43,319,17,1,3.0,8900,51.2,800,140,400,7.15
10,43,238,27,1,3.0,8500,51.2,750,140,400,7.15
10,448,86,85,1,2.5,7800,48.9,700,140,400,7.15
10,448,275,4,1,2.5,8200,48.9,720,140,400,7.15
10,192,618,15,1,3.0,7500,45.3,550,140,400,7.15
10,334,212,58,1,3.0,7200,44.1,500,140,400,7.15
10,184,286,17,1,3.0,6900,43.8,480,140,400,7.15
10,546,612,85,1,3.0,6500,41.2,450,140,400,7.15
10,548,613,27,1,3.0,6300,40.5,420,140,400,7.15
10,94,278,15,1,3.0,6100,39.8,400,140,400,7.15
56,444,274,17,1,2.0,7200,85.1,950,90,800,1300.0
56,444,159,4,1,2.0,7000,85.1,920,90,800,1300.0
56,444,616,27,1,2.0,6900,85.1,900,90,800,1300.0
56,444,100,85,1,2.0,6500,85.1,850,90,800,1300.0
56,444,287,15,1,2.0,6400,85.1,840,90,800,1300.0
56,121,140,82,1,2.0,6800,75.4,700,90,800,1300.0
56,121,59,57,1,2.0,5900,75.4,650,90,800,1300.0
56,79,248,17,1,2.0,5800,73.2,600,90,800,1300.0
56,79,69,85,1,2.0,5600,73.2,580,90,800,1300.0
56,120,163,25,1,2.0,5500,71.8,550,90,800,1300.0
56,120,615,15,1,2.0,5400,71.8,530,90,800,1300.0
56,186,55,58,1,2.0,5300,70.5,520,90,800,1300.0
56,186,56,17,1,2.0,5200,70.5,500,90,800,1300.0
56,515,358,0,1,2.0,6100,72.3,580,90,800,1300.0
56,515,578,87,1,2.0,5100,72.3,550,90,800,1300.0
56,380,234,15,1,2.0,6300,71.2,570,90,800,1300.0
56,211,129,27,1,2.0,5000,76.4,600,90,800,1300.0
56,478,288,19,1,2.0,5900,77.8,650,90,800,1300.0
56,121,99,56,1,2.0,4900,75.4,540,90,800,1300.0
56,96,58,16,1,2.0,4800,70.1,520,90,800,1300.0
66,466,285,17,0,4.0,57000,95.2,2400,160,1500,1.0
66,84,186,17,0,4.0,55800,83.5,2300,160,1500,1.0
66,338,614,17,0,4.0,54500,79.8,2100,160,1500,1.0
66,389,246,17,0,4.0,54000,81.2,2000,160,1500,1.0
66,372,526,17,0,4.0,53500,82.4,1900,160,1500,1.0
66,285,326,17,0,4.0,43000,88.7,2200,160,1500,1.0
66,49,322,17,0,4.0,43500,91.5,2300,160,1500,1.0
66,19,496,17,0,4.0,52000,75.4,1700,160,1500,1.0
66,31,568,17,0,4.0,40500,72.8,1800,160,1500,1.0
66,441,585,17,0,4.0,39800,85.6,2000,160,1500,1.0
66,297,591,17,0,4.0,37500,71.2,1600,160,1500,1.0
66,519,468,17,0,4.0,36800,70.5,1500,160,1500,1.0
66,29,90,17,0,4.0,33500,76.8,1700,160,1500,1.0
66,108,229,17,0,4.0,32800,71.4,1400,160,1500,1.0
66,539,247,17,0,4.0,31500,68.9,1300,160,1500,1.0
66,167,453,17,0,4.0,28500,70.2,1400,160,1500,1.0
66,493,26,17,0,4.0,28000,72.5,1500,160,1500,1.0
66,399,203,17,0,4.0,27500,71.8,1400,160,1500,1.0
66,106,311,17,0,4.0,27000,69.5,1300,160,1500,1.0
66,114,230,17,0,4.0,26500,70.1,1300,160,1500,1.0
65,84,428,17,0,3.0,38500,78.5,1800,490,800,0.79
65,360,521,17,0,3.0,37900,77.8,1850,490,800,0.79
65,283,128,17,0,3.0,37500,83.2,2200,490,800,0.79
65,283,398,17,0,3.0,36800,83.2,2100,490,800,0.79
65,283,156,17,0,3.0,35500,83.2,2000,490,800,0.79
65,145,449,17,0,4.0,32500,75.4,1600,490,800,0.79
65,303,492,17,0,3.0,31800,72.1,1400,490,800,0.79
65,69,424,17,0,3.0,31500,74.8,1500,490,800,0.79
65,535,584,17,0,3.0,31200,71.5,1300,490,800,0.79
65,175,459,17,0,4.0,30800,73.2,1400,490,800,0.79
65,54,419,17,0,3.0,30500,71.8,1300,490,800,0.79
65,265,478,17,0,3.0,30200,71.2,1250,490,800,0.79
65,450,545,17,0,3.0,29800,70.5,1200,490,800,0.79
65,347,512,17,0,3.0,29500,70.8,1150,490,800,0.79
65,462,550,17,0,3.0,29200,72.4,1300,490,800,0.79
65,144,71,17,0,3.0,28900,71.6,1250,490,800,0.79
65,279,484,17,0,3.0,28600,70.2,1100,490,800,0.79
65,89,48,17,0,3.0,28300,69.8,1050,490,800,0.79
65,340,222,17,0,3.0,28000,70.1,1100,490,800,0.79
65,3,401,17,0,4.0,27700,69.5,1000,490,800,0.79
65,266,479,17,0,3.0,27400,68.9,950,490,800,0.79
65,401,534,17,0,3.0,27100,71.2,1150,490,800,0.79
65,477,561,17,0,3.0,26800,72.5,1200,490,800,0.79
65,153,450,17,0,3.0,26500,69.8,1000,490,800,0.79
65,42,415,17,0,3.0,26200,73.4,1250,490,800,0.79
65,476,560,17,0,3.0,25900,71.8,1150,490,800,0.79
65,154,451,17,0,3.0,25600,72.1,1200,490,800,0.79
65,235,474,17,0,3.0,25300,70.5,1100,490,800,0.79
65,142,447,17,0,4.0,25000,68.9,950,490,800,0.79
65,470,557,17,0,4.0,24700,69.2,1000,490,800,0.79
65,200,105,17,0,4.0,24400,69.5,1050,490,800,0.79
65,286,181,17,0,3.0,24100,68.5,900,490,800,0.79
65,70,40,17,0,3.0,23800,83.2,1800,490,800,0.79
65,394,250,17,0,3.0,23500,83.2,1900,490,800,0.79
65,417,261,17,0,3.0,23200,75.5,1400,490,800,0.79
65,261,168,17,0,3.0,22900,69.8,1000,490,800,0.79
65,479,290,17,0,3.0,22600,68.5,950,490,800,0.79
65,25,27,17,0,3.0,22300,71.8,1200,490,800,0.79
65,208,466,17,0,3.0,22000,67.9,850,490,800,0.79
65,234,148,17,0,3.0,21700,67.5,800,490,800,0.79
65,379,529,17,0,3.0,21400,69.2,950,490,800,0.79
65,385,531,17,0,3.0,21100,70.5,1000,490,800,0.79
65,516,359,17,0,3.0,20800,67.2,800,490,800,0.79
65,346,225,17,0,3.0,20500,68.5,900,490,800,0.79
65,115,62,17,0,3.0,20200,69.8,950,490,800,0.79
65,361,233,17,0,3.0,19900,77.8,1500,490,800,0.79
65,127,65,17,0,3.0,19600,68.9,900,490,800,0.79
65,540,588,17,0,3.0,19300,83.2,1800,490,800,0.79
65,180,461,17,0,3.0,19000,83.2,1700,490,800,0.79
65,239,157,17,0,3.0,18700,83.2,1600,490,800,0.79
9,503,572,17,0,4.0,45200,73.5,1800,235,600,1.35
9,503,572,17,1,2.0,28500,73.5,1800,235,600,1.35
9,524,425,17,0,4.0,43800,71.2,1900,235,600,1.35
9,524,425,17,1,2.0,27900,71.2,1900,235,600,1.35
9,326,192,17,0,4.0,41500,65.8,1500,235,600,1.35
9,326,192,17,1,2.0,26800,65.8,1500,235,600,1.35
9,537,586,17,0,4.0,40900,62.4,1300,235,600,1.35
9,537,586,17,1,2.0,26200,62.4,1300,235,600,1.35
9,326,503,17,0,4.0,39500,65.8,1400,235,600,1.35
9,326,503,17,1,2.0,25800,65.8,1400,235,600,1.35
9,146,406,17,0,4.0,38200,61.9,1200,235,600,1.35
9,146,406,17,1,2.0,24900,61.9,1200,235,600,1.35
9,357,519,17,0,4.0,37800,63.5,1400,235,600,1.35
9,357,519,17,1,2.0,24500,63.5,1400,235,600,1.35
9,82,427,17,0,4.0,37200,62.8,1300,235,600,1.35
9,82,427,17,1,2.0,24100,62.8,1300,235,600,1.35
9,191,193,17,0,4.0,36500,64.2,1250,235,600,1.35
9,191,193,17,1,2.0,23800,64.2,1250,235,600,1.35
9,283,610,17,0,4.0,35900,61.5,1200,235,600,1.35
9,283,610,17,1,2.0,23500,61.5,1200,235,600,1.35
9,239,251,17,0,4.0,35400,62.1,1300,235,600,1.35
9,239,251,17,1,2.0,23200,62.1,1300,235,600,1.35
9,527,580,17,0,4.0,34800,64.8,1400,235,600,1.35
9,527,580,17,1,2.0,22900,64.8,1400,235,600,1.35
9,189,64,17,0,4.0,34200,61.2,1200,235,600,1.35
9,189,64,17,1,2.0,22600,61.2,1200,235,600,1.35
9,542,493,17,0,4.0,33600,59.8,1100,235,600,1.35
9,542,493,17,1,2.0,22300,59.8,1100,235,600,1.35
9,393,170,17,0,4.0,33000,58.5,1000,235,600,1.35
9,393,170,17,1,2.0,22000,58.5,1000,235,600,1.35
9,440,542,17,0,4.0,32400,58.2,950,235,600,1.35
9,440,542,17,1,2.0,21700,58.2,950,235,600,1.35
9,465,194,17,0,4.0,31800,57.9,900,235,600,1.35
9,465,194,17,1,2.0,21400,57.9,900,235,600,1.35
9,403,535,17,0,4.0,31200,57.5,900,235,600,1.35
9,403,535,17,1,2.0,21100,57.5,900,235,600,1.35
9,452,546,17,0,4.0,30600,56.8,850,235,600,1.35
9,452,546,17,1,2.0,20800,56.8,850,235,600,1.35
9,541,589,17,0,4.0,30000,58.9,950,235,600,1.35
9,541,589,17,1,2.0,20500,58.9,950,235,600,1.35
9,321,506,17,0,4.0,29400,57.2,900,235,600,1.35
9,321,506,17,1,2.0,20200,57.2,900,235,600,1.35
9,507,341,17,0,4.0,28800,56.5,850,235,600,1.35
9,507,341,17,1,2.0,19900,56.5,850,235,600,1.35
9,495,167,17,0,4.0,28200,56.2,800,235,600,1.35
9,495,167,17,1,2.0,19600,56.2,800,235,600,1.35
9,473,169,17,0,4.0,27600,55.8,800,235,600,1.35
9,473,169,17,1,2.0,19300,55.8,800,235,600,1.35
9,388,338,17,0,4.0,27000,55.5,750,235,600,1.35
9,388,338,17,1,2.0,19000,55.5,750,235,600,1.35
2,313,495,17,0,3.0,42500,72.8,1800,450,650,1.52
2,313,495,17,1,2.0,45800,72.8,1800,450,650,1.52
2,313,495,17,2,4.0,35000,72.8,1800,450,650,1.52
2,480,562,17,0,3.0,41800,74.5,2000,450,650,1.52
2,480,562,17,1,2.0,44900,74.5,2000,450,650,1.52
2,480,562,17,2,4.0,34500,74.5,2000,450,650,1.52
2,86,32,17,0,3.0,41200,68.9,1600,450,650,1.52
2,86,32,17,1,2.0,44200,68.9,1600,450,650,1.52
2,86,32,17,2,4.0,34000,68.9,1600,450,650,1.52
2,68,533,17,0,3.0,40500,69.2,1500,450,650,1.52
2,68,533,17,1,2.0,43500,69.2,1500,450,650,1.52
2,68,533,17,2,4.0,33500,69.2,1500,450,650,1.52
2,480,508,17,0,3.0,40200,74.5,1900,450,650,1.52
2,480,508,17,1,2.0,43200,74.5,1900,450,650,1.52
2,480,508,17,2,4.0,33200,74.5,1900,450,650,1.52
2,313,199,17,0,3.0,39800,72.8,1700,450,650,1.52
2,313,199,17,1,2.0,42800,72.8,1700,450,650,1.52
2,313,199,17,2,4.0,32800,72.8,1700,450,650,1.52
2,6,402,17,0,3.0,39200,67.5,1400,450,650,1.52
2,6,402,17,1,2.0,42200,67.5,1400,450,650,1.52
2,6,402,17,2,4.0,32200,67.5,1400,450,650,1.52
2,371,587,17,0,3.0,38800,68.2,1500,450,650,1.52
2,371,587,17,1,2.0,41800,68.2,1500,450,650,1.52
2,371,587,17,2,4.0,31800,68.2,1500,450,650,1.52
2,68,253,17,0,3.0,38200,69.2,1400,450,650,1.52
2,68,253,17,1,2.0,41200,69.2,1400,450,650,1.52
2,68,253,17,2,4.0,31200,69.2,1400,450,650,1.52
2,480,567,17,0,3.0,37800,74.5,1800,450,650,1.52
2,480,567,17,1,2.0,40800,74.5,1800,450,650,1.52
2,480,567,17,2,4.0,30800,74.5,1800,450,650,1.52
2,313,255,17,0,3.0,37200,72.8,1600,450,650,1.52
2,313,255,17,1,2.0,40200,72.8,1600,450,650,1.52
2,313,255,17,2,4.0,30200,72.8,1600,450,650,1.52
2,544,592,17,0,3.0,36800,65.8,1300,450,650,1.52
2,544,592,17,1,2.0,39800,65.8,1300,450,650,1.52
2,544,592,17,2,4.0,29800,65.8,1300,450,650,1.52
2,340,509,17,0,3.0,36200,66.2,1300,450,650,1.52
2,340,509,17,1,2.0,39200,66.2,1300,450,650,1.52
2,340,509,17,2,4.0,29200,66.2,1300,450,650,1.52
2,205,566,17,0,3.0,35800,64.5,1200,450,650,1.52
2,205,566,17,1,2.0,38800,64.5,1200,450,650,1.52
2,205,566,17,2,4.0,28800,64.5,1200,450,650,1.52
2,176,95,17,0,3.0,35200,68.5,1400,450,650,1.52
2,176,95,17,1,2.0,38200,68.5,1400,450,650,1.52
2,176,95,17,2,4.0,28200,68.5,1400,450,650,1.52
2,86,429,17,0,3.0,34800,68.9,1500,450,650,1.52
2,86,429,17,1,2.0,37800,68.9,1500,450,650,1.52
2,86,429,17,2,4.0,27800,68.9,1500,450,650,1.52
2,505,136,17,0,3.0,34200,65.2,1200,450,650,1.52
2,505,136,17,1,2.0,37200,65.2,1200,450,650,1.52
2,505,136,17,2,4.0,27200,65.2,1200,450,650,1.52
2,24,507,17,0,3.0,33800,63.8,1100,450,650,1.52
2,24,507,17,1,2.0,36800,63.8,1100,450,650,1.52
2,24,507,17,2,4.0,26800,63.8,1100,450,650,1.52
2,502,552,17,0,3.0,33200,64.2,1100,450,650,1.52
2,502,552,17,1,2.0,36200,64.2,1100,450,650,1.52
2,502,552,17,2,4.0,26200,64.2,1100,450,650,1.52
2,33,83,17,0,3.0,32800,63.5,1000,450,650,1.52
2,33,83,17,1,2.0,35800,63.5,1000,450,650,1.52
2,33,83,17,2,4.0,25800,63.5,1000,450,650,1.52
2,278,283,17,0,3.0,32200,63.2,1000,450,650,1.52
2,278,283,17,1,2.0,35200,63.2,1000,450,650,1.52
2,278,283,17,2,4.0,25200,63.2,1000,450,650,1.52
66,62,186,17,1,2.0,58000,82.1,2100,160,1500,1.0
65,283,128,27,1,1.0,42000,75.3,1800,485,800,0.79
22,330,299,66,1,2.0,0,71.5,1200,110,900,0.92
9,503,572,9,1,2.0,45000,73.8,1700,235,750,1.35
2,313,495,4,2,4.0,29000,72.4,1500,450,650,1.52
66,466,285,74,2,5.0,52000,84.3,2300,160,1500,1.0
65,145,449,12,1,2.0,38000,67.8,1100,485,800,0.79
22,50,109,17,0,3.0,0,68.9,950,110,900,0.92
9,524,425,49,1,2.0,42000,71.2,1600,235,750,1.35
2,480,562,7,2,4.0,31000,75.6,1700,450,650,1.52
66,49,322,65,1,2.0,54000,83.2,2000,160,1500,1.0
65,303,492,44,0,3.0,35000,65.4,900,485,800,0.79
22,190,463,74,1,2.0,0,69.8,1100,110,900,0.92
9,326,192,17,2,4.0,38000,68.9,1400,235,750,1.35
2,68,533,27,1,2.0,32000,68.7,1200,450,650,1.52
66,339,60,38,1,2.0,62000,100.0,2500,160,1500,1.0
65,360,521,17,2,4.0,40000,71.5,1400,485,800,0.79
22,138,295,66,0,3.0,0,65.4,800,110,900,0.92
9,357,519,4,1,2.0,40000,67.8,1300,235,750,1.35
2,371,587,74,1,2.0,30000,67.2,1100,450,650,1.52
66,29,90,44,2,5.0,48000,71.2,1700,160,1500,1.0
65,69,424,27,1,2.0,36000,68.9,1200,485,800,0.79
22,160,93,17,1,2.0,0,72.3,1300,110,900,0.92
9,82,427,65,0,4.0,35000,65.4,1200,235,750,1.35
2,6,402,12,2,4.0,28000,64.5,1000,450,650,1.52
66,285,326,17,1,2.0,52000,79.8,2200,160,1500,1.0
65,175,459,74,0,3.0,34000,64.5,950,485,800,0.79
22,471,558,44,1,2.0,0,68.7,1100,110,900,0.92
9,146,406,27,1,2.0,37000,64.3,1100,235,750,1.35
2,86,32,17,2,4.0,33000,69.8,1300,450,650,1.52
66,31,347,65,1,2.0,45000,68.9,1600,160,1500,1.0
65,265,478,12,2,4.0,35000,63.2,900,485,800,0.79
22,197,104,74,0,3.0,0,67.8,1000,110,900,0.92
9,189,64,44,1,2.0,36000,63.4,1000,235,750,1.35
2,176,95,27,1,2.0,29000,65.4,1100,450,650,1.52
66,441,585,17,2,5.0,50000,77.8,2000,160,1500,1.0
65,450,545,44,1,2.0,33000,62.3,850,485,800,0.79
22,107,436,65,1,2.0,0,69.8,1200,110,900,0.92
9,393,170,74,0,3.0,34000,62.1,900,235,750,1.35
2,340,509,12,1,2.0,27000,63.2,950,450,650,1.52
66,376,49,27,1,2.0,56000,65.4,1500,160,1500,1.0
65,347,512,17,2,4.0,34000,61.2,800,485,800,0.79
22,59,421,44,1,2.0,0,67.8,1100,110,900,0.92
9,527,580,65,1,2.0,35000,64.5,1100,235,750,1.35
2,205,566,74,0,3.0,26000,62.1,900,450,650,1.52
66,428,325,12,2,5.0,49000,75.6,1900,160,1500,1.0
65,144,71,44,1,2.0,35000,63.4,900,485,800,0.79
22,0,257,17,0,3.0,0,68.9,1000,110,900,0.92
9,542,493,27,1,2.0,33000,61.2,900,235,750,1.35
2,544,592,65,2,4.0,28000,63.4,950,450,650,1.52
66,429,323,27,1,2.0,52000,95.2,2400,160,1500,1.0
65,283,156,17,1,1.0,39000,75.3,1900,485,800,0.79
59,554,75,17,1,2.0,1500,122.4,2000,140,1200,0.89
21,366,282,25,1,2.0,4500,84.3,1800,99,850,0.92
31,140,318,17,2,4.0,18900,83.6,1700,150,750,0.92
66,98,434,27,1,2.0,58000,84.1,1900,160,1500,1.0
65,84,22,25,0,3.0,35000,71.2,1500,485,800,0.79
59,264,72,17,2,4.0,1500,119.8,1900,140,1200,0.89
21,294,488,27,1,2.0,4200,75.6,1200,99,850,0.92
31,113,397,17,1,2.0,16800,75.4,1300,150,750,0.92
66,62,224,25,1,2.0,54000,82.1,2200,160,1500,1.0
65,145,105,17,1,1.0,37000,67.8,1200,485,800,0.79
59,170,457,27,1,2.0,1500,116.5,1800,140,1200,0.89
21,504,573,17,0,3.0,4000,71.2,900,99,850,0.92
31,168,208,25,1,2.0,15900,72.3,1100,150,750,0.92
66,441,585,27,2,4.0,51000,77.8,2100,160,1500,1.0
65,54,419,17,1,1.0,36000,65.4,1100,485,800,0.79
59,41,414,27,1,2.0,1500,114.3,1700,140,1200,0.89
21,60,422,25,1,2.0,4300,72.1,1000,99,850,0.92
31,274,482,17,0,4.0,15400,71.2,1000,150,750,0.92
66,31,347,17,1,2.0,49000,68.9,1800,160,1500,1.0
65,303,539,27,1,1.0,35000,65.4,1000,485,800,0.79
59,464,554,25,1,2.0,1500,112.1,1600,140,1200,0.89
21,341,510,17,1,2.0,4100,76.5,1300,99,850,0.92
31,309,191,27,2,4.0,14900,70.1,950,150,750,0.92
66,132,444,25,1,2.0,47000,69.8,1700,160,1500,1.0
65,265,174,17,0,3.0,34000,63.2,900,485,800,0.79
59,51,418,27,1,2.0,1500,110.4,1500,140,1200,0.89
21,271,481,25,2,4.0,4200,69.8,950,99,850,0.92
31,536,609,17,1,2.0,14500,68.9,900,150,750,0.92
66,382,244,27,1,2.0,45000,71.2,1600,160,1500,1.0
65,69,354,17,1,1.0,33000,68.9,1100,485,800,0.79
59,289,344,25,1,2.0,1500,108.9,1400,140,1200,0.89
21,469,556,17,1,2.0,4000,70.2,1000,99,850,0.92
31,457,121,27,0,4.0,14000,67.5,850,150,750,0.92
66,318,498,17,2,4.0,48000,72.3,1700,160,1500,1.0
65,89,48,25,1,1.0,34000,64.5,950,485,800,0.79
59,162,455,17,1,2.0,1500,107.8,1300,140,1200,0.89
21,181,94,27,1,2.0,4100,71.5,1100,99,850,0.92
31,28,30,25,1,2.0,13800,66.7,800,150,750,0.92
44,356,517,17,1,2.0,0,83.2,1400,275,700,10.45
20,198,465,27,1,2.0,0,79.4,1200,350,650,0.92
22,50,303,66,1,2.0,0,68.9,1100,110,900,0.92
15,111,439,74,2,4.0,0,82.1,1500,450,800,7.45
44,509,204,80,1,2.0,0,75.6,1100,275,700,10.45
20,152,3,15,0,3.0,0,77.8,1000,350,650,0.92
22,330,165,65,2,4.0,0,71.5,1300,110,900,0.92
15,2,4,25,1,2.0,0,76.5,1200,450,800,7.45
44,48,417,4,1,2.0,0,74.3,1200,275,700,10.45
20,488,302,85,1,2.0,0,72.1,900,350,650,0.92
22,138,295,17,0,3.0,0,65.4,900,110,900,0.92
15,351,551,7,1,2.0,0,73.2,1100,450,800,7.45
44,508,356,63,2,4.0,0,71.2,1000,275,700,10.45
20,514,576,5,1,2.0,0,71.8,850,350,650,0.92
22,190,298,39,1,2.0,0,69.8,1200,110,900,0.92
15,1,2,43,0,3.0,0,71.5,1000,450,800,7.45
44,467,555,71,1,2.0,0,72.4,1100,275,700,10.45
20,359,520,17,2,4.0,0,70.2,800,350,650,0.92
22,471,558,1,1,2.0,0,68.7,1100,110,900,0.92
15,414,260,49,1,2.0,0,70.8,1000,450,800,7.45
44,555,226,7,1,2.0,0,70.5,900,275,700,10.45
20,522,579,54,1,2.0,0,69.8,800,350,650,0.92
22,228,142,67,2,4.0,0,67.9,1000,110,900,0.92
15,293,306,78,1,2.0,0,81.2,1400,450,800,7.45
44,56,223,62,0,3.0,0,69.4,850,275,700,10.45
20,225,473,27,1,2.0,0,68.7,750,350,650,0.92
22,123,293,15,1,2.0,0,66.8,950,110,900,0.92
15,243,551,85,2,4.0,0,69.5,900,450,800,7.45
44,174,205,56,1,2.0,0,68.9,800,275,700,10.45
20,262,166,53,1,2.0,0,67.5,700,350,650,0.92
22,67,423,80,1,2.0,0,66.5,900,110,900,0.92
15,149,551,48,1,2.0,0,68.4,850,450,800,7.45
44,249,403,79,2,4.0,0,67.8,850,275,700,10.45
20,253,448,49,0,3.0,0,66.9,700,350,650,0.92
22,0,257,64,1,2.0,0,68.9,1000,110,900,0.92
15,456,439,5,1,2.0,0,67.5,900,450,800,7.45
44,207,549,90,1,2.0,0,66.7,800,275,700,10.45
20,222,448,51,2,4.0,0,65.8,650,350,650,0.92
22,221,472,73,1,2.0,0,65.4,850,110,900,0.92
15,201,4,45,1,2.0,0,66.2,800,450,800,7.45
42,30,410,17,1,2.0,32000,79.5,1200,330,600,1.65
66,62,224,27,1,2.0,54000,82.1,2000,160,1500,1.0
58,468,143,46,1,2.0,0,78.4,1100,120,750,10.45
41,16,408,4,2,4.0,15000,81.2,1300,171,720,0.92
48,277,483,15,1,2.0,7000,65.8,800,75,400,0.92
42,538,606,25,1,2.0,30000,75.6,1100,330,600,1.65
66,31,347,80,2,5.0,48000,68.9,1600,160,1500,1.0
58,518,601,65,0,3.0,0,72.3,900,120,750,10.45
41,416,78,9,1,2.0,14500,77.8,1200,171,720,0.92
48,383,530,85,1,2.0,6500,62.4,700,75,400,0.92
42,103,430,66,2,4.0,31000,72.4,950,330,600,1.65
66,428,325,7,1,2.0,49000,75.6,1900,160,1500,1.0
58,177,50,88,1,2.0,0,71.2,950,120,750,10.45
41,129,294,17,1,2.0,15500,76.5,1100,171,720,0.92
48,105,435,27,0,3.0,6000,58.9,600,75,400,0.92
42,143,518,57,1,2.0,29000,70.2,900,330,600,1.65
66,441,585,15,1,2.0,51000,77.8,2100,160,1500,1.0
58,290,182,74,2,4.0,0,73.4,1000,120,750,10.45
41,147,296,4,1,2.0,14800,72.3,950,171,720,0.92
48,64,497,17,1,2.0,6200,57.8,550,75,400,0.92
42,191,582,49,1,2.0,28500,68.9,850,330,600,1.65
66,29,90,61,2,5.0,48000,71.2,1700,160,1500,1.0
58,275,178,17,1,2.0,0,69.8,850,120,750,10.45
41,521,603,27,0,3.0,13900,75.4,1100,171,720,0.92
48,32,411,80,2,4.0,6800,56.7,500,75,400,0.92
42,363,190,15,0,3.0,27500,67.5,800,330,600,1.65
66,376,49,85,1,2.0,56000,65.4,1500,160,1500,1.0
58,517,361,4,1,2.0,0,68.5,800,120,750,10.45
41,182,462,22,2,4.0,14200,71.2,900,171,720,0.92
48,156,407,57,1,2.0,5900,55.4,480,75,400,0.92
42,30,1,25,1,2.0,29500,79.5,1150,330,600,1.65
66,399,203,17,1,2.0,47000,67.8,1400,160,1500,1.0
58,229,146,57,0,3.0,0,67.2,750,120,750,10.45
41,497,313,27,1,2.0,14000,70.5,950,171,720,0.92
48,529,348,15,1,2.0,5700,54.3,450,75,400,0.92
42,103,177,47,2,4.0,28000,72.4,900,330,600,1.65
66,126,324,27,1,2.0,48000,73.2,1600,160,1500,1.0
58,531,179,85,1,2.0,0,66.5,700,120,750,10.45
41,532,608,5,1,2.0,14500,69.8,900,171,720,0.92
48,165,490,20,0,3.0,5500,53.2,400,75,400,0.92
57,298,373,17,1,2.0,3500,71.4,1100,80,750,0.92
33,317,240,26,1,2.0,4000,73.2,1200,120,700,0.92
24,27,215,39,2,4.0,0,65.8,650,100,600,0.92
3,528,300,85,1,2.0,1500,78.5,950,160,850,0.92
39,316,337,15,0,4.0,800,52.4,600,40,400,17.05
57,39,394,4,1,2.0,3800,73.6,1000,80,750,0.92
33,412,272,80,2,4.0,3500,71.2,1100,120,700,0.92
24,494,25,15,1,2.0,0,62.4,500,100,600,0.92
3,179,297,66,0,3.0,1500,71.2,750,160,850,0.92
39,323,309,27,1,2.0,12000,48.9,700,40,400,17.05
57,523,396,27,1,2.0,3200,68.5,800,80,750,0.92
33,513,241,15,1,2.0,3800,69.8,900,120,700,0.92
24,367,524,41,2,4.0,0,60.5,450,100,600,0.92
3,276,137,4,1,2.0,1500,70.4,700,160,850,0.92
39,183,384,85,0,4.0,900,45.6,500,40,400,17.05
57,445,388,80,1,2.0,3000,65.4,750,80,750,0.92
33,58,420,58,2,4.0,3600,70.5,950,120,700,0.92
24,199,441,17,1,2.0,0,61.2,480,100,600,0.92
3,425,540,25,0,3.0,1500,72.3,800,160,850,0.92
39,390,329,15,1,2.0,10000,44.5,450,40,400,17.05
57,53,597,17,2,4.0,3400,67.8,850,80,750,0.92
33,158,452,24,1,2.0,3500,71.2,1000,120,700,0.92
24,530,569,36,1,2.0,0,59.8,400,100,600,0.92
3,212,470,67,1,2.0,1500,71.5,780,160,850,0.92
39,395,308,25,0,4.0,11000,46.7,480,40,400,17.05
57,178,460,4,1,2.0,2800,64.5,700,80,750,0.92
33,335,504,85,2,4.0,3200,67.8,800,120,700,0.92
24,213,471,57,0,4.0,0,58.9,380,100,600,0.92
3,241,475,27,1,2.0,1500,69.4,720,160,850,0.92
39,315,363,15,1,2.0,3500,43.2,400,40,400,17.05
57,553,595,80,1,2.0,2900,63.2,650,80,750,0.92
33,375,528,15,1,2.0,3300,68.9,850,120,700,0.92
24,406,596,34,1,2.0,0,61.2,420,100,600,0.92
3,268,200,53,2,4.0,1500,68.7,700,160,850,0.92
39,496,44,58,0,4.0,9500,45.4,550,40,400,17.05
57,421,538,27,2,4.0,3100,62.1,600,80,750,0.92
33,362,522,4,1,2.0,3400,69.5,900,120,700,0.92
24,93,305,40,1,2.0,0,60.4,450,100,600,0.92
3,137,81,84,0,3.0,1500,70.2,800,160,850,0.92
39,430,321,19,1,2.0,2800,42.8,380,40,400,17.05
63,216,38,15,1,2.0,1500,51.2,600,90,500,28.5
24,27,29,27,1,2.0,0,65.8,650,100,600,0.92
6,269,144,4,2,4.0,3800,76.5,950,180,800,0.92
26,74,41,85,1,2.0,6500,53.4,500,140,450,350.25
50,327,201,17,0,4.0,5500,62.3,600,160,400,95.5
63,18,196,26,1,2.0,1200,48.5,450,90,500,28.5
24,494,489,57,2,4.0,0,62.4,500,100,600,0.92
6,171,91,17,1,2.0,3500,72.8,850,180,800,0.92
26,128,443,67,0,3.0,5800,48.9,400,140,450,350.25
50,419,123,27,1,2.0,5000,60.1,550,160,400,95.5
63,218,77,42,2,4.0,1300,47.8,400,90,500,28.5
24,367,524,15,1,2.0,0,60.5,450,100,600,0.92
6,71,607,80,1,2.0,3600,75.4,900,180,800,0.92
26,482,563,17,2,4.0,6000,47.2,380,140,450,350.25
50,350,227,65,1,2.0,4800,55.4,400,160,400,95.5
63,151,20,57,0,4.0,1000,45.6,350,90,500,28.5
24,199,441,25,1,2.0,0,61.2,480,100,600,0.92
6,22,409,17,2,4.0,3700,71.2,800,180,800,0.92
26,369,525,84,1,2.0,5500,46.8,350,140,450,350.25
50,232,147,4,0,4.0,4500,52.3,380,160,400,95.5
63,78,360,17,1,2.0,1100,46.5,380,90,500,28.5
24,530,569,24,2,4.0,0,59.8,400,100,600,0.92
6,287,327,26,1,2.0,3500,70.5,780,180,800,0.92
26,187,291,80,0,3.0,5200,45.6,320,140,450,350.25
50,501,316,85,1,2.0,4600,51.2,350,160,400,95.5
63,21,11,27,2,4.0,1400,47.8,420,90,500,28.5
24,374,527,58,1,2.0,0,63.4,550,100,600,0.92
6,194,103,4,0,3.0,3400,69.8,750,180,800,0.92
26,319,499,15,1,2.0,5300,44.5,300,140,450,350.25
50,549,602,25,2,4.0,4700,53.4,400,160,400,95.5
63,231,79,85,1,2.0,1200,45.2,350,90,500,28.5
24,547,66,15,0,4.0,0,58.7,380,100,600,0.92
6,270,480,27,2,4.0,3600,68.9,720,180,800,0.92
26,526,523,57,1,2.0,5100,44.8,310,140,450,350.25
50,426,270,17,1,2.0,4400,50.5,370,160,400,95.5
63,244,273,4,0,4.0,1000,44.5,330,90,500,28.5
24,100,596,36,1,2.0,0,59.2,400,100,600,0.92
6,322,501,15,1,2.0,3500,67.8,700,180,800,0.92
26,233,138,25,2,4.0,5400,43.9,290,140,450,350.25
50,415,284,58,0,4.0,4200,49.8,350,160,400,95.5
7,438,541,17,1,2.0,0,55.8,600,90,400,4.95
28,36,130,27,2,4.0,2000,45.2,300,180,300,82.75
61,38,57,85,1,2.0,15000,51.4,500,80,350,35.25
18,81,47,15,0,4.0,2500,31.8,250,100,200,30.9
53,455,220,4,1,2.0,42000,83.8,1200,90,800,1.35
64,139,445,25,1,2.0,25000,72.4,1100,270,750,3.67
7,409,235,57,2,4.0,8000,53.2,550,90,400,4.95
28,329,110,15,1,2.0,1800,47.5,350,180,300,82.75
61,97,54,27,0,4.0,12000,45.6,300,80,350,35.25
53,455,213,17,2,4.0,40000,83.8,1100,90,800,1.35
64,4,149,80,1,2.0,27000,71.8,1000,270,750,3.67
7,85,339,15,1,2.0,0,51.4,450,90,400,4.95
28,130,111,4,2,4.0,1900,44.8,320,180,300,82.75
61,237,151,58,1,2.0,11000,42.5,250,80,350,35.25
18,13,12,85,1,2.0,2200,30.5,200,100,200,30.9
53,455,279,25,0,4.0,38000,83.8,1150,90,800,1.35
64,449,19,17,2,4.0,26000,68.5,900,270,750,3.67
7,384,332,27,0,4.0,0,49.8,400,90,400,4.95
28,95,114,85,1,2.0,1700,42.4,280,180,300,82.75
61,373,245,15,1,2.0,10000,44.8,300,80,350,35.25
18,173,8,27,2,4.0,2400,31.2,220,100,200,30.9
53,455,280,4,1,2.0,39000,83.8,1100,90,800,1.35
64,7,10,57,0,4.0,23000,65.4,800,270,750,3.67
7,402,331,15,1,2.0,0,47.5,350,90,400,4.95
28,209,112,25,2,4.0,1800,41.2,260,180,300,82.75
61,195,245,85,0,4.0,9500,43.2,280,80,350,35.25
18,381,243,17,1,2.0,2100,29.8,180,100,200,30.9
53,455,268,80,2,4.0,37000,83.8,1050,90,800,1.35
64,10,320,27,1,2.0,24000,64.2,750,270,750,3.67
7,159,333,58,2,4.0,0,48.9,400,90,400,4.95
28,392,115,17,1,2.0,1600,40.5,250,180,300,82.75
61,332,289,26,1,2.0,9000,41.8,250,80,350,35.25
18,304,188,57,0,4.0,2000,28.5,170,100,200,30.9
53,455,263,85,0,4.0,35000,83.8,1000,90,800,1.35
64,400,254,15,1,2.0,22000,62.5,700,270,750,3.67
7,424,330,27,1,2.0,0,46.8,380,90,400,4.95
28,227,113,4,2,4.0,1900,39.8,240,180,300,82.75
61,459,312,15,0,4.0,8500,42.5,270,80,350,35.25
18,26,28,25,1,2.0,1900,27.8,160,100,200,30.9
64,163,87,58,0,4.0,21000,61.4,650,270,750,3.67
27,405,467,17,1,2.0,0,84.5,1200,140,900,137.5
11,57,369,85,1,2.0,3500,41.2,400,80,300,3950.0
47,534,583,27,2,4.0,3000,54.8,650,80,400,4.1
49,73,399,15,0,3.0,2500,45.2,450,120,350,4.65
37,291,487,4,1,2.0,400,83.2,1400,100,800,0.92
29,219,469,57,1,2.0,5000,45.8,400,150,250,15600.0
27,8,404,25,0,3.0,0,78.4,900,140,900,137.5
11,310,380,17,2,4.0,4000,38.5,350,80,300,3950.0
47,248,135,84,1,2.0,2800,52.4,600,80,400,4.1
49,104,33,27,1,2.0,2200,43.8,400,120,350,4.65
37,150,184,26,1,2.0,400,79.5,1200,100,800,0.92
29,35,131,15,2,4.0,4500,42.4,300,150,250,15600.0
27,405,259,80,1,2.0,0,84.5,1150,140,900,137.5
11,83,393,58,0,4.0,3200,36.8,300,80,300,3950.0
47,545,611,4,1,2.0,2600,50.5,550,80,400,4.1
49,498,242,85,2,4.0,2400,42.5,380,120,350,4.65
37,47,183,17,0,3.0,400,78.4,1100,100,800,0.92
29,550,88,27,1,2.0,4000,40.2,250,150,250,15600.0
27,188,124,32,1,2.0,0,82.1,1000,140,900,137.5
11,40,392,15,1,2.0,3800,35.4,280,80,300,3950.0
47,386,6,17,2,4.0,2700,51.2,580,80,400,4.1
49,210,13,57,1,2.0,2100,41.8,350,120,350,4.65
37,240,269,25,1,2.0,400,81.5,1300,100,800,0.92
29,475,132,85,0,4.0,3800,41.5,280,150,250,15600.0
27,245,37,31,0,3.0,0,81.2,950,140,900,137.5
11,72,334,27,2,4.0,3500,34.8,260,80,300,3950.0
47,169,89,24,1,2.0,2500,49.8,520,80,400,4.1
49,65,317,15,0,4.0,2000,40.5,330,120,350,4.65
37,135,195,58,1,2.0,400,77.8,1150,100,800,0.92
29,300,39,4,1,2.0,3500,39.8,240,150,250,15600.0
47,281,180,85,1,2.0,2400,48.5,500,80,400,4.1
49,109,232,25,1,2.0,1900,39.8,320,120,350,4.65
37,533,80,34,0,3.0,400,76.5,1100,100,800,0.92
29,442,67,17,2,4.0,3200,38.5,220,150,250,15600.0
27,61,7,29,1,2.0,0,79.8,900,140,900,137.5
11,90,381,57,1,2.0,3300,35.2,290,80,300,3950.0
47,230,547,15,0,3.0,2300,47.8,480,80,400,4.1
49,116,440,84,2,4.0,2200,38.9,300,120,350,4.65
37,52,51,9,1,2.0,400,75.4,1050,100,800,0.92
29,131,355,58,1,2.0,3000,37.9,200,150,250,15600.0
62,512,575,17,1,2.0,1500,35.8,250,60,200,3.15
13,342,442,27,1,2.0,8000,65.4,600,100,500,0.92
12,552,594,85,2,4.0,4000,58.9,450,80,400,7.35
16,437,119,15,0,4.0,6000,42.5,350,100,300,56.8
40,397,198,57,1,2.0,2000,41.2,300,70,250,10.15
46,272,237,25,1,2.0,8500,44.8,400,120,350,3.75
1,75,426,17,2,4.0,0,42.5,350,90,280,275.0
62,446,544,4,1,2.0,1400,33.2,200,60,200,3.15
13,273,63,84,0,4.0,7500,62.8,550,100,500,0.92
12,463,553,26,1,2.0,3800,56.4,400,80,400,7.35
16,436,236,58,1,2.0,5500,40.2,300,100,300,56.8
40,91,102,15,2,4.0,2200,43.5,350,70,250,10.15
46,23,374,85,0,4.0,7000,41.2,300,120,350,3.75
1,112,216,27,1,2.0,0,39.8,280,90,280,275.0
62,461,548,19,0,3.0,1300,32.5,180,60,200,3.15
13,263,14,4,2,4.0,8200,61.5,500,100,500,0.92
12,408,536,57,1,2.0,3500,54.8,380,80,400,7.35
16,259,365,17,0,4.0,5000,38.5,280,100,300,56.8
40,157,405,25,1,2.0,1800,39.8,250,70,250,10.15
46,510,370,84,2,4.0,7500,40.5,280,120,350,3.75
1,413,219,15,1,2.0,0,38.5,260,90,280,275.0
62,320,500,27,2,4.0,1600,31.8,170,60,200,3.15
13,155,76,85,1,2.0,7800,59.8,480,100,500,0.92
12,355,516,17,0,3.0,3200,52.5,350,80,400,7.35
16,432,328,57,1,2.0,4800,37.2,260,100,300,56.8
40,306,46,4,2,4.0,2100,40.5,280,70,250,10.15
46,118,375,25,1,2.0,6800,39.8,260,120,350,3.75
1,258,218,84,0,4.0,0,37.5,240,90,280,275.0
62,166,456,15,1,2.0,1400,30.5,160,60,200,3.15
12,551,593,58,2,4.0,3600,53.2,370,80,400,7.35
13,365,221,27,0,3.0,7400,58.5,450,100,500,0.92
16,391,350,17,2,4.0,4500,36.8,250,100,300,56.8
40,489,5,85,1,2.0,1900,38.9,260,70,250,10.15
46,377,387,57,1,2.0,7200,38.5,250,120,350,3.75
1,314,217,25,2,4.0,0,36.8,230,90,280,275.0
62,55,433,4,0,3.0,1200,29.8,150,60,200,3.15
13,172,92,15,1,2.0,7600,57.8,430,100,500,0.92
12,141,446,84,1,2.0,3400,54.5,390,80,400,7.35
40,358,197,17,0,4.0,1700,37.5,240,70,250,10.15
46,99,377,26,2,4.0,6500,37.8,240,120,350,3.75
17,396,376,17,1,2.0,8500,45.8,400,100,300,1.0
36,44,18,27,1,2.0,20000,58.9,600,150,500,15000.0
4,302,412,85,0,4.0,7000,65.4,700,130,600,0.38
68,324,391,15,2,4.0,0,52.4,450,90,350,39.5
8,458,281,57,1,2.0,3500,48.5,400,110,300,1.85
23,5,458,25,1,2.0,4500,42.1,300,120,250,12.0
0,14,543,17,0,3.0,1200,38.5,250,80,200,137.5
45,364,379,4,1,2.0,7500,51.2,600,100,400,1.0
17,185,73,84,2,4.0,7800,43.2,350,100,300,1.0
36,80,171,26,1,2.0,18000,55.4,500,150,500,15000.0
4,407,262,58,1,2.0,8000,63.2,650,130,600,0.38
68,423,371,17,1,2.0,6500,48.5,380,90,350,39.5
8,378,239,27,0,3.0,3200,45.8,350,110,300,1.85
23,252,161,85,2,4.0,4200,39.8,250,120,250,12.0
0,353,515,15,1,2.0,1100,36.4,220,80,200,137.5
45,125,120,25,0,4.0,6800,47.5,450,100,400,1.0
17,117,382,57,1,2.0,7200,42.5,320,100,300,1.0
36,506,173,17,2,4.0,2000,52.1,400,150,500,15000.0
4,214,35,84,0,4.0,6500,61.8,600,130,600,0.38
68,301,364,27,1,2.0,7000,49.2,400,90,350,39.5
8,525,304,15,1,2.0,3100,44.2,330,110,300,1.85
23,87,431,58,1,2.0,4000,38.5,230,120,250,12.0
0,110,438,25,2,4.0,1300,35.8,200,80,200,137.5
45,436,367,17,1,2.0,6500,45.8,400,100,400,1.0
17,282,352,4,0,3.0,6800,41.2,300,100,300,1.0
36,224,108,85,1,2.0,16000,54.5,450,150,500,15000.0
4,420,24,27,2,4.0,9000,62.4,620,130,600,0.38
68,410,349,57,0,4.0,0,47.8,350,90,350,39.5
8,77,43,17,1,2.0,2900,43.5,320,110,300,1.85
23,487,400,84,2,4.0,3800,36.8,200,120,250,12.0
0,20,34,15,1,2.0,1000,34.5,180,80,200,137.5
45,101,249,25,0,3.0,6200,44.2,380,100,400,1.0
17,15,378,58,2,4.0,6500,40.5,280,100,300,1.0
36,454,172,17,0,4.0,15000,51.8,420,150,500,15000.0
4,328,23,26,1,2.0,7500,61.5,580,130,600,0.38
68,368,386,85,1,2.0,0,46.5,330,90,350,39.5
8,418,537,4,2,4.0,3300,42.8,300,110,300,1.85
23,203,464,27,1,2.0,3500,35.4,180,120,250,12.0
0,499,570,57,0,3.0,900,33.2,160,80,200,137.5
45,257,368,17,1,2.0,6000,43.5,350,100,400,1.0
5,134,36,17,1,2.0,2500,42.5,250,100,200,109.5
35,254,160,27,1,2.0,3500,71.2,800,140,700,0.31
67,255,125,85,0,4.0,3800,45.8,400,120,300,36.8
54,280,485,15,2,4.0,4500,62.4,500,80,450,0.92
52,46,416,57,1,2.0,2800,48.5,350,90,320,108.5
30,491,276,25,1,2.0,3000,51.2,400,150,280,42150.0
69,490,116,17,0,4.0,4200,44.5,300,160,250,12300.0
19,433,366,84,1,2.0,5500,46.8,400,110,300,1.0
5,102,45,4,2,4.0,2200,39.8,200,100,200,109.5
35,196,15,26,1,2.0,15000,68.5,750,140,700,0.31
67,292,185,17,1,2.0,3500,43.2,350,120,300,36.8
54,305,494,27,1,2.0,4200,58.5,450,80,450,0.92
52,349,514,85,2,4.0,2600,45.8,320,90,320,108.5
30,215,133,57,0,3.0,2800,48.5,350,150,280,42150.0
69,427,271,25,1,2.0,3800,41.2,250,160,250,12300.0
19,434,364,15,0,4.0,5000,44.5,350,110,300,1.0
5,238,152,84,1,2.0,2100,38.5,180,100,200,109.5
35,11,96,4,2,4.0,14000,66.8,700,140,700,0.31
67,236,150,27,1,2.0,3400,42.5,330,120,300,36.8
54,246,532,58,0,3.0,4000,57.2,420,80,450,0.92
52,345,511,15,1,2.0,2500,44.2,300,90,320,108.5
30,308,84,25,2,4.0,2900,47.8,320,150,280,42150.0
69,76,42,17,0,4.0,3500,39.8,220,160,250,12300.0
19,431,385,57,1,2.0,4800,43.2,320,110,300,1.0
5,398,256,85,1,2.0,2000,37.2,170,100,200,109.5
35,422,31,27,0,3.0,13500,65.4,680,140,700,0.31
67,352,228,4,2,4.0,3600,41.8,320,120,300,36.8
54,348,513,17,1,2.0,4100,56.5,400,80,450,0.92
52,247,476,26,0,4.0,2400,43.5,280,90,320,108.5
30,453,277,84,1,2.0,2700,46.8,300,150,280,42150.0
69,333,211,58,1,2.0,3400,38.5,200,160,250,12300.0
19,460,389,27,0,3.0,4500,42.8,300,110,300,1.0
5,481,266,15,2,4.0,2300,36.8,160,100,200,109.5
35,9,0,85,1,2.0,13000,64.5,650,140,700,0.31
67,136,68,25,1,2.0,3300,40.5,300,120,300,36.8
54,92,82,57,0,3.0,3900,55.4,380,80,450,0.92
52,472,559,17,1,2.0,2300,42.8,270,90,320,108.5
30,483,564,4,2,4.0,2600,45.5,280,150,280,42150.0
69,17,21,84,1,2.0,3200,37.8,180,160,250,12300.0
19,435,122,15,0,4.0,4200,42.1,280,110,300,1.0
38,250,491,17,1,2.0,8500,55.4,500,120,400,4.65
51,411,155,27,2,4.0,5000,72.5,800,200,800,3.75
66,62,101,4,1,2.0,58000,82.1,2200,160,1500,1.0
65,283,127,15,1,2.0,42000,75.3,1800,485,800,0.79
57,298,372,85,2,4.0,3500,71.4,1100,80,750,0.92
33,317,240,25,1,2.0,4000,73.2,1200,120,700,0.92
21,366,282,17,1,2.0,4500,84.3,1800,99,850,0.92
38,370,346,57,0,3.0,7500,52.1,450,120,400,4.65
51,220,153,26,1,2.0,4800,70.2,750,200,800,3.75
66,466,285,17,2,5.0,52000,84.3,2300,160,1500,1.0
65,84,428,4,2,4.0,45000,71.5,1600,485,800,0.79
57,39,395,27,1,2.0,3800,73.6,1000,80,750,0.92
33,412,272,85,0,3.0,3500,71.2,1100,120,700,0.92
21,294,619,15,1,2.0,4200,75.6,1200,99,850,0.92
38,223,351,25,2,4.0,8000,51.8,400,120,400,4.65
51,133,141,17,1,2.0,4500,68.5,700,200,800,3.75
66,49,322,27,1,2.0,54000,83.2,2000,160,1500,1.0
65,360,521,85,1,2.0,40000,71.5,1400,485,800,0.79
57,523,390,57,2,4.0,3200,68.5,800,80,750,0.92
33,513,241,4,1,2.0,3800,69.8,900,120,700,0.92
21,504,118,26,2,4.0,4300,72.1,1000,99,850,0.92
38,251,340,17,1,2.0,7000,49.5,380,120,400,4.65
51,311,134,84,0,4.0,4200,65.4,650,200,800,3.75
66,295,189,80,2,5.0,56000,82.1,2100,160,1500,1.0
65,145,449,27,1,2.0,38000,67.8,1100,485,800,0.79
57,445,388,15,1,2.0,3000,65.4,750,80,750,0.92
33,58,420,57,2,4.0,3600,70.5,950,120,700,0.92
21,307,9,4,1,2.0,4100,73.5,1100,99,850,0.92
38,119,202,25,0,3.0,7800,53.2,450,120,400,4.65
51,122,126,17,1,2.0,4600,67.8,680,200,800,3.75
66,339,60,27,1,2.0,62000,100.0,2500,160,1500,1.0
65,303,492,85,2,4.0,35000,65.4,900,485,800,0.79
57,178,383,17,0,3.0,2800,64.5,700,80,750,0.92
33,158,452,26,1,2.0,3500,71.2,1000,120,700,0.92
21,60,422,57,2,4.0,4300,72.1,1000,99,850,0.92
38,37,336,4,1,2.0,7200,51.5,420,120,400,4.65
51,485,301,84,1,2.0,4400,64.5,600,200,800,3.75
66,285,326,15,2,5.0,52000,79.8,2200,160,1500,1.0
65,69,424,25,1,2.0,36000,68.9,1200,485,800,0.79
57,53,597,58,1,2.0,3400,67.8,850,80,750,0.92
33,335,504,17,0,3.0,3200,67.8,800,120,700,0.92
21,341,510,27,1,2.0,4100,76.5,1300,99,850,0.92
38,312,353,85,2,4.0,7500,50.2,400,120,400,4.65
51,484,565,15,0,4.0,4100,63.2,580,200,800,3.75
66,98,434,4,1,2.0,58000,84.1,1900,160,1500,1.0
65,175,459,26,2,4.0,34000,64.5,950,485,800,0.79
57,421,538,57,1,2.0,3100,62.1,600,80,750,0.92
33,375,528,84,1,2.0,3300,68.9,850,120,700,0.92
21,271,481,17,0,3.0,4200,69.8,950,99,850,0.92
38,447,357,25,1,2.0,7100,51.8,430,120,400,4.65
51,299,362,58,2,4.0,4300,65.8,650,200,800,3.75
66,429,285,27,1,2.0,55000,95.2,2400,160,1500,1.0
65,265,478,15,1,2.0,35000,63.2,900,485,800,0.79
57,553,595,4,2,4.0,2900,63.2,650,80,750,0.92
33,362,522,85,1,2.0,3400,69.5,900,120,700,0.92
21,469,556,25,1,2.0,4000,70.2,1000,99,850,0.92
38,344,345,17,0,3.0,6800,50.5,400,120,400,4.65
51,12,154,57,1,2.0,4200,64.2,600,200,800,3.75
66,441,585,84,2,5.0,50000,77.8,2000,160,1500,1.0
65,347,512,26,1,2.0,34000,61.2,800,485,800,0.79
