approach,timestamp,status,dataset,missingness,ncols,ratio,repetition,precision,recall,f1,dirty_nulls,imputed_nulls,missing_time_seconds,imputation_time_seconds,score_time_seconds,clean_file,dirty_file,repaired_file,jar,error
DATAWIG,2026-06-25T08:37:50,DATAWIG_failed,cat_breeds,MAR,15,0.1,1,,,,,,,22.1906,,C:\Users\tulli\Documents\GitHub\MISSDC_EXPERIMENTS\iris_exps\cat_breeds\MAR\0.1\1\clean.csv,C:\Users\tulli\Documents\GitHub\MISSDC_EXPERIMENTS\iris_exps\cat_breeds\MAR\0.1\1\dirty.csv,C:\Users\tulli\Documents\GitHub\MISSDC_EXPERIMENTS\iris_exps\cat_breeds\MAR\0.1\1\dirty_imputed.csv,None,impute.py failed
DATAWIG,2026-06-25T08:38:12,DATAWIG_failed,cat_breeds,MAR,15,0.1,2,,,,,,,4.3837,,C:\Users\tulli\Documents\GitHub\MISSDC_EXPERIMENTS\iris_exps\cat_breeds\MAR\0.1\2\clean.csv,C:\Users\tulli\Documents\GitHub\MISSDC_EXPERIMENTS\iris_exps\cat_breeds\MAR\0.1\2\dirty.csv,C:\Users\tulli\Documents\GitHub\MISSDC_EXPERIMENTS\iris_exps\cat_breeds\MAR\0.1\2\dirty_imputed.csv,None,impute.py failed
DATAWIG,2026-06-25T08:38:16,DATAWIG_failed,cat_breeds,MAR,15,0.1,3,,,,,,,4.3022,,C:\Users\tulli\Documents\GitHub\MISSDC_EXPERIMENTS\iris_exps\cat_breeds\MAR\0.1\3\clean.csv,C:\Users\tulli\Documents\GitHub\MISSDC_EXPERIMENTS\iris_exps\cat_breeds\MAR\0.1\3\dirty.csv,C:\Users\tulli\Documents\GitHub\MISSDC_EXPERIMENTS\iris_exps\cat_breeds\MAR\0.1\3\dirty_imputed.csv,None,impute.py failed
DATAWIG,2026-06-25T08:38:21,DATAWIG_failed,cat_breeds,MAR,15,0.1,4,,,,,,,4.2945,,C:\Users\tulli\Documents\GitHub\MISSDC_EXPERIMENTS\iris_exps\cat_breeds\MAR\0.1\4\clean.csv,C:\Users\tulli\Documents\GitHub\MISSDC_EXPERIMENTS\iris_exps\cat_breeds\MAR\0.1\4\dirty.csv,C:\Users\tulli\Documents\GitHub\MISSDC_EXPERIMENTS\iris_exps\cat_breeds\MAR\0.1\4\dirty_imputed.csv,None,impute.py failed
DATAWIG,2026-06-25T08:38:25,DATAWIG_failed,cat_breeds,MAR,15,0.1,5,,,,,,,4.3478,,C:\Users\tulli\Documents\GitHub\MISSDC_EXPERIMENTS\iris_exps\cat_breeds\MAR\0.1\5\clean.csv,C:\Users\tulli\Documents\GitHub\MISSDC_EXPERIMENTS\iris_exps\cat_breeds\MAR\0.1\5\dirty.csv,C:\Users\tulli\Documents\GitHub\MISSDC_EXPERIMENTS\iris_exps\cat_breeds\MAR\0.1\5\dirty_imputed.csv,None,impute.py failed
DATAWIG,2026-06-25T08:38:29,DATAWIG_failed,cat_breeds,MCAR,15,0.1,1,,,,,,,4.2676,,C:\Users\tulli\Documents\GitHub\MISSDC_EXPERIMENTS\iris_exps\cat_breeds\MCAR\0.1\1\clean.csv,C:\Users\tulli\Documents\GitHub\MISSDC_EXPERIMENTS\iris_exps\cat_breeds\MCAR\0.1\1\dirty.csv,C:\Users\tulli\Documents\GitHub\MISSDC_EXPERIMENTS\iris_exps\cat_breeds\MCAR\0.1\1\dirty_imputed.csv,None,impute.py failed
DATAWIG,2026-06-25T08:38:33,DATAWIG_failed,cat_breeds,MCAR,15,0.1,2,,,,,,,4.3376,,C:\Users\tulli\Documents\GitHub\MISSDC_EXPERIMENTS\iris_exps\cat_breeds\MCAR\0.1\2\clean.csv,C:\Users\tulli\Documents\GitHub\MISSDC_EXPERIMENTS\iris_exps\cat_breeds\MCAR\0.1\2\dirty.csv,C:\Users\tulli\Documents\GitHub\MISSDC_EXPERIMENTS\iris_exps\cat_breeds\MCAR\0.1\2\dirty_imputed.csv,None,impute.py failed
DATAWIG,2026-06-25T08:38:38,DATAWIG_failed,cat_breeds,MCAR,15,0.1,3,,,,,,,4.1777,,C:\Users\tulli\Documents\GitHub\MISSDC_EXPERIMENTS\iris_exps\cat_breeds\MCAR\0.1\3\clean.csv,C:\Users\tulli\Documents\GitHub\MISSDC_EXPERIMENTS\iris_exps\cat_breeds\MCAR\0.1\3\dirty.csv,C:\Users\tulli\Documents\GitHub\MISSDC_EXPERIMENTS\iris_exps\cat_breeds\MCAR\0.1\3\dirty_imputed.csv,None,impute.py failed
DATAWIG,2026-06-25T08:38:42,DATAWIG_failed,cat_breeds,MCAR,15,0.1,4,,,,,,,4.2362,,C:\Users\tulli\Documents\GitHub\MISSDC_EXPERIMENTS\iris_exps\cat_breeds\MCAR\0.1\4\clean.csv,C:\Users\tulli\Documents\GitHub\MISSDC_EXPERIMENTS\iris_exps\cat_breeds\MCAR\0.1\4\dirty.csv,C:\Users\tulli\Documents\GitHub\MISSDC_EXPERIMENTS\iris_exps\cat_breeds\MCAR\0.1\4\dirty_imputed.csv,None,impute.py failed
DATAWIG,2026-06-25T08:38:46,DATAWIG_failed,cat_breeds,MCAR,15,0.1,5,,,,,,,4.1917,,C:\Users\tulli\Documents\GitHub\MISSDC_EXPERIMENTS\iris_exps\cat_breeds\MCAR\0.1\5\clean.csv,C:\Users\tulli\Documents\GitHub\MISSDC_EXPERIMENTS\iris_exps\cat_breeds\MCAR\0.1\5\dirty.csv,C:\Users\tulli\Documents\GitHub\MISSDC_EXPERIMENTS\iris_exps\cat_breeds\MCAR\0.1\5\dirty_imputed.csv,None,impute.py failed
DATAWIG,2026-06-25T08:38:50,DATAWIG_failed,cat_breeds,MNAR,15,0.1,1,,,,,,,4.2762,,C:\Users\tulli\Documents\GitHub\MISSDC_EXPERIMENTS\iris_exps\cat_breeds\MNAR\0.1\1\clean.csv,C:\Users\tulli\Documents\GitHub\MISSDC_EXPERIMENTS\iris_exps\cat_breeds\MNAR\0.1\1\dirty.csv,C:\Users\tulli\Documents\GitHub\MISSDC_EXPERIMENTS\iris_exps\cat_breeds\MNAR\0.1\1\dirty_imputed.csv,None,impute.py failed
DATAWIG,2026-06-25T08:38:55,DATAWIG_failed,cat_breeds,MNAR,15,0.1,2,,,,,,,4.2769,,C:\Users\tulli\Documents\GitHub\MISSDC_EXPERIMENTS\iris_exps\cat_breeds\MNAR\0.1\2\clean.csv,C:\Users\tulli\Documents\GitHub\MISSDC_EXPERIMENTS\iris_exps\cat_breeds\MNAR\0.1\2\dirty.csv,C:\Users\tulli\Documents\GitHub\MISSDC_EXPERIMENTS\iris_exps\cat_breeds\MNAR\0.1\2\dirty_imputed.csv,None,impute.py failed
DATAWIG,2026-06-25T08:38:59,DATAWIG_failed,cat_breeds,MNAR,15,0.1,3,,,,,,,4.4686,,C:\Users\tulli\Documents\GitHub\MISSDC_EXPERIMENTS\iris_exps\cat_breeds\MNAR\0.1\3\clean.csv,C:\Users\tulli\Documents\GitHub\MISSDC_EXPERIMENTS\iris_exps\cat_breeds\MNAR\0.1\3\dirty.csv,C:\Users\tulli\Documents\GitHub\MISSDC_EXPERIMENTS\iris_exps\cat_breeds\MNAR\0.1\3\dirty_imputed.csv,None,impute.py failed
